CustomerID,TransactionID,TransactionDate,Amount,ProductCategory,PaymentMethod
60567026-f719-4cd6-849e-137e86d8938f,5ff75116-0a50-4d04-80fb-31e5ccbb0769,2024-05-15,117.64,Clothing,PayPal
4090ba85-b111-4f75-a792-c777965f5255,2c39b9fe-ff57-4d39-9321-9f5cdf187aa1,2023-04-26,466.14,Health & Beauty,Bank Transfer
9223891b-73ff-4d5c-b8ae-13ece82ee28b,f79588dd-3db9-4ffa-97f8-7de0e64259f1,2022-09-23,563.99,Clothing,Debit Card
9243eebc-938f-480c-8564-16d503d250de,401c0fc9-60df-4455-ad78-67c132f9897d,2024-04-15,254.44,Automotive,PayPal
6e3e8eb8-bc0f-4ffe-9f74-5d5efec9502f,2034aebc-8280-4254-a667-92bcd1c2be4f,2024-06-03,590.52,Home & Garden,Bank Transfer
3eccdcf9-e8ce-4e44-9f62-8bef88e70672,78dfb45e-16e0-4ecc-8f67-f2e210c31c3e,2024-04-07,489.79,Uncategorized,Credit Card
7fbc5847-a652-4fc8-a7d8-5e85d846e91b,591f1ea2-c97d-44dd-9539-71ac89b94ff3,2024-01-12,489.79,Automotive,PayPal
958e5c8d-48ca-42dd-bb71-a766a374233a,fb24e098-3ab9-40a2-bcc3-b8ebb23f549a,2023-03-10,399.7,Home & Garden,PayPal
39c6e7d2-6c4b-44c0-8961-ddc1ecbdb0c6,833b026a-7c02-4101-832d-62c07569b0f6,2024-01-26,296.99,Clothing,PayPal
474f9233-0616-431b-b3e9-a6feabe68abb,f8bde21a-7a6b-41f6-ac39-eeb77640fa9b,2023-06-15,149.39,Clothing,Debit Card
187ec535-ad79-418a-aa08-86fd8a2becbb,85dc5e9e-1bd7-44e3-9a13-980736fedd3c,2023-06-01,255.41,Health & Beauty,Bank Transfer
848f7178-b94b-4d8e-8baa-6a3886828887,80cd99c4-01c7-47ec-8272-79250c1c4725,2024-03-09,813.81,Electronics,Credit Card
c3a5e86e-a74b-420e-b1e7-13bcbe6b71ac,e101f309-f9f8-4856-aa30-0153aa5f368c,2022-11-06,989.99,Electronics,Debit Card
0e09f085-80ce-47c9-9fb2-e936ef0e9065,65267198-f460-4051-95dc-a491fa1cab66,2024-01-28,158.35,Electronics,Bank Transfer
28c29c18-0cbe-40ea-b218-a96430cc4409,deaec587-bd63-4556-8cea-e9d297f6651e,2023-11-08,140.88,Automotive,Credit Card
68b5a27d-980f-409d-9b64-acc242c86f8e,3d5a459b-4b31-4fab-ab67-8d846e07471f,2022-07-24,775.43,Electronics,Credit Card
54b3556e-e480-41a2-9dcd-7da1d91655aa,c181a599-fcc7-4f9b-b618-783684e0fd24,2023-03-06,861.39,Clothing,Bank Transfer
decfbb11-2324-4a91-b4a4-da3011046f88,3dd5070c-5644-408f-bc17-15bf71f345a5,2024-04-17,130.53,Electronics,PayPal
5dfe3352-ee78-4510-a968-9aba1dd940a2,f68315c9-1273-4ae3-8f0b-0479bc90cb5b,2023-05-02,140.01,Health & Beauty,Bank Transfer
be854a65-4191-467a-9237-60b4e088df5b,b5d01bad-fb0a-4d50-8aa5-8f84c554096b,2023-12-27,478.53,Clothing,Bank Transfer
3d921b43-7411-4048-a294-c1f40ff81a30,f4f92a38-82a7-4b71-a170-679bec99cbb4,2024-04-04,602.91,Automotive,Debit Card
2be2a985-68f6-42b1-95a8-768c5c661980,385a2e49-8003-40db-bd88-d3ae09e9c6ea,2024-05-21,262.24,Home & Garden,Debit Card
fceafdf4-01c9-44dc-9978-b601bd35de86,811d5679-f2a9-4373-9e24-a957a0864b2f,2024-03-18,457.86,Clothing,Debit Card
c56a1423-e1b0-45c1-974a-55f5fa029c88,132ed74d-de6e-4413-8c9a-dfc1fc7c74e4,2023-10-08,950.56,Home & Garden,Bank Transfer
5bb6126c-97a0-441c-95e2-3d962016c4c0,96a1d79e-0e5d-4600-b0b9-93b23ecd187a,2024-06-18,34.92,Clothing,Bank Transfer
b94b44eb-30b8-474a-9821-721c096619dd,4151b9c5-6e86-4707-99d7-2ab68553a753,2022-12-22,997.87,Automotive,Debit Card
6596f49d-5c9f-4bcd-84a0-82d866b98314,a41cd2f0-3b5d-4c7c-a3d0-f323f5d9c22e,2023-05-05,54.66,Electronics,Debit Card
9ed2792c-bffb-472f-9c11-61bb7203b01f,f70e7ab7-43b4-402b-9627-76ec2e1c341d,2023-03-08,84.72,Uncategorized,Bank Transfer
f5713ff7-0bcc-41c1-a71b-ac9113ac43a9,f29361d0-c6e1-45d7-b18d-0b44ca108d41,2023-08-13,588.43,Electronics,Credit Card
c4197591-1c5e-4416-9a01-7d1882f2bc2c,d8baae12-e458-4ed6-9121-8feaa140db06,2024-05-02,248.59,Electronics,Bank Transfer
1044f1f4-cce8-4bcb-9615-150b05a3cf5e,e60f9bc2-8399-4fe1-a1e1-d448160f6fea,2023-03-21,620.58,Health & Beauty,Debit Card
36d99323-1a8b-45ed-bd7d-30b948e29684,434a98c5-5b2d-4f93-92fa-edf8b0fd3d6e,2024-04-01,905.02,Automotive,PayPal
32e4c60a-8175-452c-8a6d-fa40f06e738d,e71dfe3b-9a1d-422d-bc9e-3d7c51e0cd7a,2023-03-15,846.15,Clothing,PayPal
09db9681-6875-42ce-bdf3-b9cc13a8eb54,d8c34165-0846-4255-81e1-a7386178b10b,2023-10-13,714.02,Home & Garden,Bank Transfer
556e33c6-0318-4010-bd3a-3117496b47da,2187c4c4-e823-4c6b-8231-427744f0f841,2024-05-06,384.14,Automotive,PayPal
1bc7f7da-3a8f-4df1-a411-c7c1d9a794fe,55c8121a-6c07-41b2-bb6b-1bfa09725a82,2023-05-28,592.9,Electronics,Bank Transfer
9560ed71-7a04-4cd9-a576-b622c5690487,ad529898-c1b5-4fe7-b30b-a9f19c666386,2024-05-31,833.48,Automotive,Bank Transfer
328e739a-ddac-4661-97aa-76b8ee47e373,fd9a76ef-656b-490b-b390-fb38e5d0af51,2023-05-29,843.37,Uncategorized,Debit Card
1559b55b-9653-4992-90d5-8819bd5466ef,e8188f1f-64ca-4b64-b091-3afaeb53b01f,2022-12-27,202.47,Health & Beauty,PayPal
bcdfeb3f-35d1-42e3-b630-602a9fee5214,8276e502-bbe8-4648-8d82-bf4a0c02b06b,2022-12-04,510.42,Electronics,PayPal
0731634f-5209-42eb-9671-8f0cddf22eec,d08bd141-8bbb-44a5-92f4-2f6691adf170,2022-07-10,659.47,Home & Garden,Debit Card
57bfa722-7e8f-402d-aaff-ba2b7034150a,43606cb6-6807-47c6-828f-0b1ee38b957e,2023-01-23,615.83,Clothing,Credit Card
1d4e578b-738c-4913-84f4-b008488eab48,1e562ead-eac1-4013-87e2-2449249e49dd,2022-10-31,489.79,Electronics,Bank Transfer
896a48cf-7ab6-41a8-ac94-9d7f6c211c01,6ee2e2de-e85c-4c9a-a3ac-8473cb05b744,2022-07-16,515.54,Clothing,Debit Card
4946e458-8116-457e-9d62-c452df28a1a9,5025fbdd-dfdf-48c5-87d3-1de76e59ad30,2022-12-02,991.07,Electronics,Debit Card
d3493edf-9847-46ef-b400-7063b54bcf63,6fa36483-8ac7-4af8-9cc7-e0607673f331,2022-07-15,119.65,Clothing,PayPal
799943c7-3b71-4f24-9b16-c2fcaf9b3871,0cb83781-adfb-48ca-bbec-d3e99499a9e8,2024-04-29,771.92,Electronics,Debit Card
2914da6c-c083-47d2-8e78-f26c44cbc042,006e272f-1f6d-461b-8de1-a26db50ec75b,2023-05-22,513.31,Clothing,Credit Card
6ce19d4b-8794-4a6a-b479-6b46b786836b,fde080f4-b08d-4920-b29e-b7223c2aa907,2022-09-08,489.79,Health & Beauty,Bank Transfer
77c3b49d-52a7-4559-b53f-0b8e01476e12,cdeb44f6-8789-45b2-a454-4bc0cb52dbd7,2023-01-26,175.31,Automotive,Credit Card
2d71443b-57dd-4422-89b1-57ade9d5002d,ccae9190-d56d-48d4-8b6d-af77f88f40dc,2023-07-08,434.75,Uncategorized,Debit Card
77c3b49d-52a7-4559-b53f-0b8e01476e12,82190169-5912-4ca2-a22c-7e206102352a,2024-03-27,231.79,Electronics,Bank Transfer
31a64c59-e32d-4d9c-ba9c-f308acd78daf,3db167d5-18aa-4073-a3fe-fb8971d83c6a,2023-08-20,489.79,Uncategorized,Bank Transfer
c6789ac7-81c7-469a-a613-fe1fe1487953,cdbf5645-163d-4cfe-b2c1-5d0d0c6fd25f,2023-09-15,410.05,Health & Beauty,Bank Transfer
b84c6729-8e89-4806-92d4-55c7e4da50d9,e5c33484-6ac5-463d-a868-6aad2dbe3c6c,2024-03-01,845.38,Clothing,Bank Transfer
37a8ee69-e419-4e15-a2dd-215b57b3ba67,8d509f8e-4b8d-4331-a353-71ed45c3b340,2022-12-14,837.48,Home & Garden,Credit Card
58c7facb-dcb5-4295-a018-dca349b6ff8f,df92d1d1-7a89-4283-adfe-cc5153d4c77d,2023-02-24,300.03,Automotive,Bank Transfer
ab0ff3f2-c413-41cd-a69d-9ec090b6739b,8cc19044-7a8a-4423-85c0-194588f148f5,2022-07-19,568.0,Uncategorized,Bank Transfer
9b5d531c-c43b-4227-8f62-1fe37743eead,a9001e2b-8967-42e9-8feb-aeb77a2d1b90,2023-12-25,902.01,Electronics,Credit Card
04b0cd53-29ca-48ef-b4b7-9520a2939288,611876da-a85d-4969-8d84-7a9cf8ddbf59,2023-09-02,489.79,Automotive,PayPal
a64fcda9-e8fa-4568-b514-58b2664a906d,da7bfa64-3e05-4fe0-9505-1dee627bdb3d,2022-11-30,489.79,Health & Beauty,Credit Card
0156ef90-c829-4e9e-8fec-8634e8ff3c54,1ca5bb66-ab5f-4832-8f31-885cd5a161a8,2024-06-09,489.79,Clothing,Credit Card
bf0ab935-f8a4-4d18-894c-bbd1d776a07d,f93e8e81-f084-435a-9dd6-9319f9e0cd59,2022-07-29,222.55,Health & Beauty,PayPal
8245ed49-a244-4e10-b9ed-aa53764c959d,e62359da-e581-4eff-8e50-691dc0cf9715,2022-11-08,198.31,Clothing,PayPal
1a132210-8646-4516-b340-f5339ab0064b,0611038c-9fbd-4fc2-85ae-3a2e486c322b,2024-02-08,500.83,Home & Garden,Debit Card
a0db86bf-0c2d-4c9e-8d3b-f5b33ac37cee,1048e98c-90fd-4cef-ba62-eb4b16816596,2023-09-08,596.73,Clothing,Credit Card
962f1fa4-cd1c-49c4-a5ad-a9a1d9d5ddf4,d576c54e-1a7f-4db1-8ddb-2ffa1bfd80e1,2022-09-10,749.31,Clothing,Bank Transfer
cb51cbcb-0917-4528-b93b-8f5296ebef01,30d8d3d5-f9a3-4b3d-a077-bd0a3d1cfe3c,2023-03-07,414.62,Home & Garden,Bank Transfer
b72fc0cf-1406-424c-9c71-2b7e22e3f6aa,64a5524b-ea30-483b-a99d-e6c736892b86,2022-10-04,752.4,Home & Garden,Bank Transfer
c70e2421-314d-4b85-8417-2aa4bb24500b,51a37135-c5ba-4771-b32f-9af1cf7081b1,2023-07-19,151.73,Health & Beauty,Credit Card
5ba7a03b-0d2f-4fc3-bd36-7a675c1ac61e,3dd42990-0207-4b09-a14e-3be0f8b5a220,2022-10-04,589.55,Electronics,Debit Card
ccf4d58b-5087-45c8-a8f8-bb99be9a13d1,4b5d0278-6821-4f48-bb4d-fe401a76f2aa,2022-08-08,510.65,Health & Beauty,Debit Card
f01b204b-74d4-4c28-8f90-450dcd6b26da,c4fc9e25-caef-47e3-a5f7-1e2495274128,2023-07-01,808.47,Clothing,Debit Card
cbfff6f3-c193-4b56-a6ff-92bc84ad3789,fc62f38d-6386-419b-bfcd-beba3ae9fc62,2023-09-11,719.06,Clothing,Bank Transfer
be291608-29a5-4143-a9dc-701f91ea3952,0f1cf7c0-297b-4efa-86fb-a347ed7f5f31,2023-12-07,951.13,Clothing,Credit Card
a5e02710-f26b-4273-b340-f67961873073,76f7dc54-00c7-4a2b-880a-257bca5ee7d4,2023-02-06,622.93,Clothing,Bank Transfer
399b2052-77c7-499f-950b-80f20d4ad109,6f3a078b-f043-4552-9805-23bcb9083321,2023-04-20,489.79,Health & Beauty,Credit Card
1c188e21-9a0a-420e-a39f-e17691fe17a6,890c8b92-5b0c-444f-b1ee-8f32cc8650b1,2023-01-22,489.79,Health & Beauty,Credit Card
499713c5-04d9-4f79-bd77-0d0e94208cd8,ca2290d6-5929-4e26-9595-f0dd90c6df12,2023-07-08,55.03,Health & Beauty,Credit Card
de765812-6f23-4059-94db-2805a34f44fd,19e1611a-ec1f-40ee-9829-4765173ba5b0,2022-09-26,381.27,Clothing,Credit Card
e428f752-7388-44dd-8461-13f18101a835,5770b7eb-5982-48de-ba7b-c50c64e9a407,2023-09-18,845.71,Home & Garden,Credit Card
e0f00c2f-f43d-424f-9c71-3fb0f3b02d6f,59d4388f-3c92-4150-a8dd-b253774ae8dd,2023-10-11,715.2,Electronics,PayPal
40d70488-aa98-4c83-8e41-b30adb59c2a4,471eb148-3370-472f-bf2d-0cc69a86bf86,2024-01-06,824.68,Home & Garden,Bank Transfer
e556be3f-49dd-47c3-9bd1-6f2fb1b79d52,1148f4f7-a824-4634-9b7d-9daeaedf6c17,2024-06-21,489.79,Home & Garden,Bank Transfer
978c4300-e302-4677-b7f0-7b4a8e2a87b8,9af33eb6-952d-4f50-b8af-cf570b517d83,2023-07-20,80.69,Health & Beauty,PayPal
a9658c6f-134f-421b-8b2e-fd4978c7a940,faf29817-1499-4c9a-8c01-ef50d4110593,2024-05-31,480.89,Automotive,Bank Transfer
5a0cec22-9828-4fa3-88ec-435606899c30,7701d4f5-df4d-4939-bc0d-9dd9a2b7f67d,2024-06-14,523.09,Home & Garden,PayPal
e4ce98e6-81ec-48c3-a198-813996dfdf1b,cbf07dbc-1645-497a-83c3-82282538a091,2024-03-01,439.42,Electronics,Credit Card
d64b0c8d-1831-4b29-baa2-08c4d5c3a0f9,e3dd9d03-4c5b-49de-806b-ffe057229e09,2022-09-19,458.25,Electronics,Bank Transfer
b3dd869a-9eb6-4625-bb69-f43588ca38ab,0765e270-e6ed-4323-834e-ab3d1dcadac7,2024-05-22,932.37,Clothing,Bank Transfer
a3efade0-9841-40a8-9c00-0968581d608a,b048a1eb-c5ff-418a-8ebb-75bb26a7fbb7,2024-05-06,375.66,Electronics,Debit Card
47d03d6f-cb4d-4984-9aa6-96d20353bd91,c6585e31-fa59-4ade-89b8-e849b4048191,2023-01-10,120.07,Uncategorized,PayPal
a523b30b-f05c-4704-b3b6-e36c4e637440,9573ac66-7429-440d-bf37-3f326c8feab1,2023-07-21,995.57,Home & Garden,PayPal
799943c7-3b71-4f24-9b16-c2fcaf9b3871,00b03225-758f-4dbd-95c1-f68adfe21bb8,2022-11-08,598.35,Clothing,PayPal
dc72a8be-9df4-4223-83ee-50131b249bd3,05d6d53f-92d1-4be7-9346-2d142470f849,2022-12-13,266.0,Electronics,Debit Card
0ad25f2c-6c04-4af7-8672-475375387a4d,a95a9388-5312-4b64-87c9-e8baf51487fc,2022-08-24,896.97,Electronics,Debit Card
d0aa2f39-2e86-4fb8-b742-0e8888599284,e48f156a-d59f-4ed8-aafe-4f9b2382e622,2022-11-24,730.68,Clothing,Credit Card
084a89ee-5eee-48c0-b30b-53da89258015,d8e65536-49c9-48d4-b9f1-4fc30c0f38fa,2022-10-26,232.63,Home & Garden,Debit Card
8d8fe8bd-2009-4a15-be37-83dba3cef447,b550760a-6a96-4755-a005-d41766babb7e,2022-07-22,310.95,Electronics,Credit Card
c523a06d-69e9-48ab-9604-a060d44f8aaf,4dc6ecff-7fa9-47e7-b412-61627b7e19fc,2022-08-13,796.97,Automotive,PayPal
3641a6cf-cc5f-4ad3-85f7-9d1ea1ad4935,cf4f8e69-c863-4bd0-9e23-2fd352698fb3,2023-05-03,823.14,Health & Beauty,Debit Card
f77576df-bc7a-4f79-b5c3-e2da4eff130e,439787de-e770-4e82-a6e6-1ede9e3c0cfb,2022-07-24,793.83,Automotive,Bank Transfer
7e280186-770e-4c4a-b330-73dd471f956a,ac01865d-1d4a-465b-b0a6-61752106de33,2023-01-25,549.89,Home & Garden,PayPal
712b4161-ec32-49a0-b09a-54cbe3e12b0f,b7449521-e9b9-4a94-bc26-acebb9b26d32,2024-03-26,471.45,Clothing,Debit Card
5b926605-fa21-4bd0-aba5-1918d14c6bf8,699abfe2-a9cb-4a76-a25b-14ee1788c648,2023-08-27,930.71,Health & Beauty,Debit Card
3e9cc599-ba23-4de3-9c18-19a2ce4764e0,2fec0e78-663e-4609-ac82-fc18619c5189,2023-09-24,193.26,Automotive,Credit Card
13c73f2c-056e-40c6-a61f-97d5790c504a,22da76bb-b240-4e90-8efe-de5e07061c51,2022-10-26,489.79,Home & Garden,Bank Transfer
f102f93b-f32c-41d3-adcc-25e02a67c34f,817d8f55-1321-45f1-8fc7-04de29536f7e,2023-07-02,836.02,Health & Beauty,Debit Card
c085dc18-db0c-42ea-ae6e-0b3839bdd767,7d7a94d6-df90-4a7a-a509-114884d3b58d,2024-06-03,949.91,Electronics,Bank Transfer
6ad843a9-9ca3-4835-a20c-6e81665594e6,1e94ca31-1ef2-4c2f-8ae4-323d2cd1549e,2023-07-28,408.88,Clothing,Debit Card
841fc557-ff70-4d45-8b0d-5be6f58d794d,bef36f60-4da3-4973-b80a-95d256b10dd3,2023-10-22,508.69,Clothing,Credit Card
04b0cd53-29ca-48ef-b4b7-9520a2939288,44121971-4827-4c48-871b-8b13fc100c27,2023-03-01,909.9,Automotive,Credit Card
1e30c651-0b58-4e94-af1b-91f790c46422,86f111b3-5a08-4495-a59c-e444f067d145,2023-08-04,60.05,Automotive,Credit Card
c100b7c6-1742-4247-b5a2-a5182e6ebe82,6568b907-7161-4edb-a8c2-e50e3360e0ae,2024-05-11,328.83,Electronics,Debit Card
c4a7ca71-d1b7-4c29-863b-b0c17bdc0508,6cd1909c-ae38-4641-9bc6-ad5ddaec73cd,2023-12-29,132.96,Electronics,PayPal
cbd36938-08b9-41e6-9de5-a781a121d9fa,3b457c65-d12e-4866-af29-f7d0f9b8f3d9,2024-01-03,942.79,Uncategorized,PayPal
648e2751-83d9-4720-a2cc-2f7ab8db97da,8bd91854-d287-4f2e-ad2b-8b94f06c4af6,2023-09-12,676.37,Electronics,Bank Transfer
7aca4226-c7c9-4f7c-af5f-ad3120be5f18,e07aea82-e5d5-4cfa-820d-7490d78bf1be,2024-02-07,756.18,Health & Beauty,Bank Transfer
52e263ef-2b36-497b-bc41-da90c9b9c1fa,a2015f8b-8e0a-4fb5-9916-e5524743ea87,2023-03-09,821.84,Clothing,Debit Card
279f267c-0ce8-4bc5-9cdd-d62c39547afa,94fa7157-ecc8-435b-8e97-f62c17a17aee,2024-06-06,203.7,Uncategorized,Bank Transfer
d24275e1-2bd3-49f8-9596-9f962be5127c,523497aa-0b28-45b9-9b77-3211eb35d3e9,2024-03-26,489.79,Automotive,PayPal
6a4fcf07-d4f6-44cf-9d47-ddae1917f808,fb09f753-0b5d-4612-9d6a-3fe220f0f3aa,2023-02-25,161.34,Health & Beauty,Debit Card
a3eb47ea-51aa-4e1a-9d5a-48363ff52433,39ad9caa-3e92-4f6b-94d3-071065ce1576,2023-04-09,663.3,Home & Garden,PayPal
b65379c5-ac8c-41b6-a93e-62a46b50d0ac,b3462053-e3c7-4d6a-9679-100d8e981fbe,2023-07-12,744.18,Health & Beauty,PayPal
7a7ebefe-7936-4e6f-9cf2-6e80c7d2d849,c5c4ab32-3a2a-4748-96b7-f5ebbba384f2,2023-03-23,283.52,Home & Garden,Credit Card
ba69bfd2-d20e-4e6b-9e6b-213afe33f0b5,de370288-e73b-4f1c-83d1-9352cc0f8872,2022-09-15,628.86,Home & Garden,Credit Card
d03df71d-b02e-4c1e-a2cc-79ebb353b530,e74ad084-9921-41ac-9d15-ca1bfffed445,2022-12-11,525.96,Automotive,Bank Transfer
52303d17-9d24-4c20-89e3-7bcfa92140c9,1b497cc4-f8f0-4190-82c9-a63c1bc1ab59,2022-11-18,661.24,Automotive,Bank Transfer
d3493edf-9847-46ef-b400-7063b54bcf63,96bba17f-18b1-4717-9c8d-7aeae1e3ea05,2023-09-22,547.89,Uncategorized,Debit Card
babddffd-9064-4f6d-99fa-0ca97adefb69,3c6469de-c88f-4198-8d7c-e1557f396de7,2023-09-17,31.97,Automotive,PayPal
a7e27157-14db-4596-8c76-2e9aaf7b34cd,d9715061-0228-48de-bc1b-31a13efb6a50,2023-12-13,37.59,Automotive,PayPal
72622d98-45f7-4977-b6b9-052494b2d929,00983a62-8321-4034-9cfe-0a24e2bae871,2023-02-07,879.12,Clothing,PayPal
e5717485-07a9-4b9c-8a87-05dc56e94f9c,a1f1ca6a-ccd5-45b7-9c71-20a3ba914f55,2024-03-08,365.41,Electronics,Bank Transfer
9bd04ab1-225d-48d3-a9f9-f2338a40a439,d63c0276-6257-4414-bcfb-767c3eab2751,2023-12-10,922.96,Clothing,Credit Card
b94a126b-755e-4ee1-91f6-c5f86ceef780,793af848-8138-40e7-929c-67254ea56ca7,2023-07-22,0.0,Home & Garden,PayPal
86cd3c96-4331-4c00-902e-54a8f37a4db0,d5472c03-6af4-45a9-834c-2506f10763e4,2022-11-28,475.41,Health & Beauty,Bank Transfer
262adfc3-44ae-442d-a213-2d3eb9e668a3,966703bc-1ed1-44f3-a868-d2f09973e857,2022-08-31,489.79,Home & Garden,Bank Transfer
841aff12-c7aa-4208-868b-2455ba9f642c,c44d9871-3439-4b7f-a590-15ab020668d9,2023-02-20,853.08,Health & Beauty,PayPal
5dcc04f0-2300-4707-b737-82abb839b428,1222182c-0888-481d-a359-892a3cd1c213,2023-05-27,489.79,Home & Garden,Bank Transfer
17bf453d-4dd4-4055-b398-940a4b52edfa,8e4ed813-7213-4452-aff1-832ff95ed4d8,2023-11-14,828.48,Automotive,Debit Card
bae0db70-6b65-43bf-8821-1327fce28bc5,06f8e830-80cc-4c3f-910f-8a1dafeda9b5,2022-09-29,635.48,Health & Beauty,Credit Card
ba3f79ad-b3ab-47e5-8803-22cb4ea8cf13,c298802e-1f5e-4511-aa88-6cf91e3fbdc7,2023-03-12,94.57,Electronics,Credit Card
38e8d156-9520-471c-b9e3-8edbb3cd2b65,bd8b94c5-7727-45c4-95c8-ef25e79f3bb6,2024-04-29,489.79,Clothing,Bank Transfer
9de4e68f-2be5-489d-bbe0-e2dff3d3d24c,1cdd393a-6e2d-4310-aa59-68ece4d6c7d6,2022-07-24,325.54,Electronics,Bank Transfer
cb3eec9c-c522-44e2-8011-9150b0cc902d,42160ac5-8689-4526-807b-75975340b502,2023-05-07,712.76,Automotive,Debit Card
045ab4a7-5793-4f93-bb9a-8becd4e20422,ba13cafe-a210-46cc-bb60-9d2f84c6e7aa,2024-03-10,144.67,Uncategorized,PayPal
bed6aaf5-80ce-41d2-b91b-11e7e3726d22,0b4db3e3-8075-4978-a314-3872f44cf3f4,2022-12-25,780.93,Clothing,Credit Card
ab0ff3f2-c413-41cd-a69d-9ec090b6739b,e23a2c61-9a95-46c3-9720-cc2602d3b2d5,2023-11-01,847.89,Home & Garden,PayPal
7fbc5847-a652-4fc8-a7d8-5e85d846e91b,3951d241-b0b4-4850-8f98-71fdb641814b,2022-10-05,990.85,Health & Beauty,Bank Transfer
78586d3b-92ef-43af-a075-0d31509b2844,e84c6804-b355-411d-9cd8-654c57c098d1,2024-03-21,230.35,Electronics,Bank Transfer
8a39b491-7b4a-4319-ba21-ece95b3f2195,f639985c-84f1-4edd-8b43-29fc125e8d4b,2023-05-28,55.78,Health & Beauty,Credit Card
8f61e984-4fa5-4941-95ee-e42c92758e02,957d522b-3074-415c-ad64-6fd800ddc286,2024-02-22,334.96,Electronics,PayPal
edf30f14-1896-4a6c-b5ba-b208702af318,dc696445-7f6a-4868-8dd0-c42987c420fb,2023-10-18,802.56,Health & Beauty,PayPal
d6fa22e0-95a7-4968-9527-41ebf73c7764,130a17e9-b485-4f32-88ca-b3a7dd8dbf55,2024-03-12,489.79,Health & Beauty,Debit Card
0ade20e2-a4ff-40d2-b1b2-b8a04ee94c35,3ae9aa07-e400-4088-9ad0-8f84679bf58f,2023-09-23,844.28,Clothing,Debit Card
ed46f0b3-870a-41c4-b2c2-6a47937d394e,27657050-d0a8-446f-90e8-2e98fc72ebf8,2024-03-28,657.33,Automotive,PayPal
2d76d24b-3693-4802-8014-9ea47fb95597,c4aef571-0652-40e6-bf38-d142c7146cc7,2024-03-24,720.17,Home & Garden,Debit Card
2bde4c68-1f79-42cf-879c-a2b1a42f87ed,ab9509e1-73d8-417d-a969-0be4e2ac883a,2022-10-08,861.07,Electronics,Credit Card
0305625f-6264-4666-ad6c-ae34df05d0d8,ecadaa31-5671-443b-8f36-c490c94534b9,2024-03-23,822.97,Home & Garden,Bank Transfer
94f45a01-6924-4b6d-a71b-2e36f1a9a71c,7f3be106-b57c-4e65-a9df-05cfd86d40c8,2022-07-06,397.03,Automotive,Bank Transfer
ee802844-8070-4699-b60d-3568a7d306b6,0d2a4d67-7a52-497c-885b-93dfad39d937,2024-03-29,162.99,Clothing,Bank Transfer
56058449-276a-417e-b6c6-f8853b1d2659,b7e042d1-7ad0-430d-8984-82dfa9048a64,2024-05-29,489.79,Uncategorized,Credit Card
e6f38640-260c-4c82-bb98-1a5ad730365e,c496b5ff-a157-45ad-95c8-4935b0e1b4b8,2022-11-05,359.4,Automotive,Debit Card
15d4ef39-45ae-443e-866c-ce025234f154,c16b3fef-476e-44be-8f98-42a9a5ccb6f6,2023-05-18,357.46,Automotive,Bank Transfer
c6460a4f-0c2d-47b7-82ce-2600e5232a41,9293a358-a2ce-4aa2-b082-5a59088e5980,2024-05-12,52.78,Automotive,Bank Transfer
740d0a3a-23f3-4417-9357-f4f26a4c9a62,98e9c458-110b-4c90-940e-6e2bf2099214,2024-03-06,703.75,Uncategorized,Credit Card
69b50dbe-3286-401f-abdf-65d98281db68,81e71297-eb40-40f0-b04b-be43a6b823e2,2024-02-19,406.0,Home & Garden,Debit Card
35c92647-8109-4097-a6cd-ae3aca6b16ba,847e6db8-1ada-4751-874a-100e2d85f82d,2023-10-13,537.27,Electronics,Credit Card
dd6bdc9d-cac1-47ac-9fd9-3282443f0c08,f661c274-48b8-4fbf-934c-94cf12fb2b0d,2023-05-05,568.01,Uncategorized,Credit Card
c5440e19-6474-40f0-9306-f4d590035241,ddf436f3-8c43-467e-ae95-7a1f2023e458,2024-03-02,507.53,Automotive,Bank Transfer
59bf21c7-b292-4aa8-99c0-023d01d759ba,a800e4b9-d486-456a-b53b-434a00a2772b,2023-05-16,341.08,Electronics,PayPal
3d8f2b47-49b7-4ece-bcd9-614437744907,fbff9846-2cc7-44bf-acfb-b98234c01072,2023-03-27,632.16,Home & Garden,Credit Card
a64fcda9-e8fa-4568-b514-58b2664a906d,70239249-a481-4d28-b78d-611bc49e46ac,2023-07-31,878.08,Automotive,Debit Card
b2d839ab-012b-4966-90dd-de4311498b7a,22395664-72ba-4b39-a747-181824d60836,2022-11-18,489.79,Electronics,Credit Card
6539c670-03a7-4f89-8fb2-8190024380cb,baa6c461-99a9-4882-9cbc-5516906c8715,2024-03-27,551.13,Automotive,Credit Card
2d88fec4-0e4e-40f5-963a-f5ba1af40c31,d13e42c9-c35a-4db8-b1ec-f04cd17f709e,2024-02-09,754.06,Automotive,Credit Card
e2879d08-41e4-4d6e-a87e-9be740e2adaa,3fc5209d-2050-4337-980d-2786eb5c997d,2022-09-05,146.19,Electronics,Bank Transfer
b9c92d6c-fb4c-4d0b-8c72-7b7c1ae9f79c,086a898b-1bcc-403b-9ced-24e52fb06846,2023-06-09,915.01,Automotive,Debit Card
e8a5fdb8-fcd9-450c-9635-e376266c8bcf,208e7d1b-e7da-46f8-b6b8-678eef27699e,2023-06-21,645.53,Automotive,PayPal
32c30314-8914-4cdc-8dbf-3101b123784c,07493327-2b64-4512-ab2d-ebc02fdaab28,2022-08-16,918.92,Clothing,Credit Card
23b9cd7f-aacb-46b4-b69c-72800cba3f39,69fb52a7-e66b-4183-bf13-d81d383aa153,2024-02-21,550.16,Electronics,Bank Transfer
a8f82019-5586-46dc-87b2-3660e80ecd7d,14dd15ea-8e62-4953-8b8a-94f3b0be72c8,2023-04-06,641.85,Health & Beauty,Credit Card
e12639d6-eeae-4436-a618-8e4b37aa16ac,938eb414-d6f1-45cb-985a-0c18456eb2d6,2022-11-30,708.14,Health & Beauty,PayPal
23222ac5-f9b0-4eb9-928f-2c17cac9ffbc,33557a97-e750-4e38-8f0d-908d1910cea1,2023-11-22,545.96,Clothing,PayPal
08dd80d5-e63f-4618-be5f-161de25625a8,afa900f5-e708-4527-86d1-8defebc1bb64,2022-09-06,781.26,Automotive,PayPal
2fa0a6aa-a9cc-46ad-b567-e26976a98234,61b4e730-44de-41b1-80ad-f2f02b47da49,2023-03-09,739.26,Home & Garden,Bank Transfer
9b8179f4-f187-4cfd-b12a-0c182539f178,5d918e62-f644-4f7f-ba00-fb7870b2343e,2022-07-24,651.27,Clothing,Debit Card
973945a8-ea5a-4106-b169-fcf330e4e6d2,a938d690-93bc-4650-b40f-60b25a9d2d23,2022-12-08,475.8,Clothing,Credit Card
6b18200b-0867-4746-887c-ce48371e772a,818db531-278c-4810-baf8-e9de14f2e883,2023-07-07,816.15,Uncategorized,PayPal
6d4afc8d-d844-46b8-b074-32c8c365a575,066bf5d6-6915-46b9-abc8-b81bd63674db,2023-01-28,368.91,Home & Garden,Bank Transfer
d8a93878-8a64-48b1-9099-65b5695c42c2,a86499b1-fefb-421c-ba11-1cbdb89ffad8,2023-12-25,821.67,Automotive,PayPal
58c7facb-dcb5-4295-a018-dca349b6ff8f,975e88b4-5441-4deb-8b52-86adcb3e7694,2024-06-28,429.88,Automotive,Credit Card
f2ae3811-9b1b-42b0-be42-d8b5468ec073,fba292b1-e47f-48ab-b55c-ed06caa25c6d,2022-12-25,635.02,Home & Garden,Bank Transfer
095992d4-56e4-4756-b930-74f701363489,3f6db226-b48f-4acb-a6c0-d69f08321941,2023-05-16,205.86,Health & Beauty,Bank Transfer
dd6bdc9d-cac1-47ac-9fd9-3282443f0c08,25b73076-e5ea-4b9d-b03e-9b9c123253e5,2024-02-20,643.87,Electronics,PayPal
2da6af33-03ca-4206-9735-eaa16ed458d9,bd7b9ed5-db53-4836-bead-f004b5e53759,2023-06-27,512.87,Automotive,PayPal
89480374-82ec-44e5-ae61-bbed82bfd5b1,a6b7182d-6c74-4fa5-9491-035e49e5eb87,2023-11-09,0.0,Electronics,Bank Transfer
088dbb34-9520-43fb-abe3-244083f14b93,780b6dfe-e71b-47ff-b29b-42c073709755,2023-08-31,895.93,Automotive,Credit Card
6ed32b2a-887d-4e4e-babd-2d6392fa060e,77149c16-b03d-441b-b944-61061d4ae2d8,2023-01-28,577.44,Automotive,PayPal
61270da3-0a87-4541-84df-2627bb65c010,19ab0a5a-6b09-4456-b797-62a711008c5b,2024-05-18,550.37,Clothing,Credit Card
ea2b290a-2a6a-4b85-8122-6af4345c0503,72ea437e-16c0-4957-bb24-2d4b4af11f46,2023-05-26,152.32,Health & Beauty,Bank Transfer
99299ec1-ba07-442f-b7c9-7b3ec509584d,d0d10548-c505-4c74-aaef-b71265bcfb0e,2023-11-16,26.26,Automotive,Debit Card
be854a65-4191-467a-9237-60b4e088df5b,cdea59d8-a72e-4e26-9650-1706e6e0a846,2023-02-21,129.92,Health & Beauty,Bank Transfer
0b568a94-a069-4bde-b8a9-201fdf3ab299,29e81f14-4e68-4979-b4c3-54b535d1a009,2024-05-19,917.34,Electronics,Credit Card
9ece1b55-20b8-4d22-9d6a-bd54a7374e5b,409d7df4-0846-4d71-971c-32a904731139,2022-12-02,758.2,Health & Beauty,Credit Card
f95546c1-e96f-486a-ab84-ebb048198b4e,54e7efee-a205-4e52-b974-f40870188f7e,2023-08-29,630.57,Health & Beauty,Credit Card
752d0d0f-c234-44cb-b36d-8808b640faae,be8a3d02-54df-4abd-b480-cfef0ae21a5d,2024-01-28,630.16,Electronics,Bank Transfer
ce5437b0-66af-47b2-aa68-423d3b15685d,1ba3041e-8654-4d70-b9ab-657890251cb0,2023-11-10,31.21,Clothing,Debit Card
da87698d-922c-4830-b232-156f1a1b0f3a,12dd6956-390c-4462-8922-e52cc5f18c8f,2023-07-12,877.38,Electronics,PayPal
172a04cf-2db8-4c96-9c93-ea123cb44279,1815203b-c266-49d3-8672-4ed6591ac1cc,2023-10-04,946.3,Electronics,Debit Card
e1dabc47-5b6e-4e64-ae9d-b3e092a066ed,2349ecea-36c3-4028-a47b-b102121445c2,2022-08-14,789.13,Electronics,Debit Card
54b3556e-e480-41a2-9dcd-7da1d91655aa,6798c4c6-4288-4bbb-8c2d-23a3b168b8ff,2023-03-25,323.52,Health & Beauty,Bank Transfer
3794861b-66fe-4d3d-a796-fdbfb9eadd97,d356ccf3-aa96-483f-acd6-f5209c71c2e0,2023-04-04,489.79,Health & Beauty,Credit Card
93532115-4bd5-4a6e-b019-c37003555495,457192c9-ca74-4734-823a-41b5fe503d0b,2024-02-15,489.79,Clothing,PayPal
66e01489-30f2-4461-bd51-1a6713c7634b,f3d57663-c4da-458e-b4f7-54eeeab859bf,2024-06-22,489.79,Home & Garden,Credit Card
c00d08be-e282-448f-91ef-7c236e320404,2317024e-d006-4755-8cad-53faba54653f,2023-09-05,854.25,Clothing,PayPal
a3c0fe03-4de6-4e05-becb-c67e93e2b97f,f35e8187-3257-4de9-8fe1-bdfb26a95ecc,2023-11-05,148.18,Uncategorized,PayPal
cfb081a4-4be0-4709-8a6c-7bb656d57d3d,bdd49e80-4003-41ca-86d3-8327d2d50cb4,2022-08-05,995.65,Electronics,Debit Card
9e5a62bf-b2cc-4743-b266-252c16a36f83,97f0f226-6531-4acb-b5fc-a3bbcb591c17,2023-01-06,489.79,Health & Beauty,PayPal
4f1d7108-1020-4ed3-99ce-cbf717ad9132,24695fce-e55b-4925-bec2-cc4706da58f5,2023-08-29,489.79,Clothing,Credit Card
a9af986b-d677-421a-81df-3d289ce9e38f,5f93f1dc-0363-4e69-979b-f5d58fd42658,2023-09-30,125.77,Uncategorized,Bank Transfer
3cff3ced-315b-413b-9c0b-99bae1c5f85d,950d9813-5867-47e3-9a39-f9be25f0bc65,2024-03-16,554.21,Clothing,Debit Card
03d6d674-5310-4a05-ab0b-8cfedc46a1ab,32cdd7cb-3fb6-4146-bfcf-c336aacf1394,2024-01-15,794.25,Home & Garden,Credit Card
e54d1219-b6b3-4b5c-8b75-62f4148c23b6,bac847ec-66d9-4c69-8db3-e3ef958d3879,2024-01-06,682.06,Electronics,PayPal
bf516307-fb1c-4d71-9348-23cbc39d8eae,207a47db-72e1-4867-b787-909ddb86e96d,2024-04-22,489.79,Electronics,PayPal
49f06ea9-4ae5-4ce5-98ce-d2c2f6f15cbd,5b4215c6-97a2-48a3-8537-5f5ae03f778e,2022-12-01,835.35,Clothing,Credit Card
c3a3cdb4-7e4f-4017-a8bf-5f329b6938c8,467c3147-7aa0-405d-b8fa-1e946149e9b8,2023-07-01,10.18,Health & Beauty,Bank Transfer
20bfca97-9a3c-4e4d-894b-ba1870281072,d34476aa-7558-4731-94a6-77c20d566491,2024-04-27,440.59,Clothing,Credit Card
eee4c0b3-21d6-47ae-8631-718341d97a86,0ae6b85e-24e7-4c8d-93b3-888764945c75,2023-06-12,717.15,Automotive,PayPal
fced017c-7d89-41ce-b445-7b9c42ddd57a,682765f4-d98d-4b28-900b-457ef653e188,2023-08-19,489.79,Health & Beauty,PayPal
d3b2f0c4-722a-4b0c-bdcb-19a8cbc80193,1ca3be47-4249-40f2-baae-e26e11212df4,2023-06-26,759.47,Home & Garden,Bank Transfer
723f4d63-3160-48f6-86f9-768674ceb42f,62a92a1a-45d2-4641-860c-fee6a3b2d860,2023-10-30,559.69,Home & Garden,Bank Transfer
00a9563c-fec7-4b5d-87a2-d59406006a29,d8241522-af30-4228-8891-336b4dc320d9,2024-02-07,12.53,Home & Garden,Debit Card
b77c0398-2ff6-41e6-9ebf-410290baadc8,71a6bfdb-b1d2-46f9-a778-8ff2364a3df3,2023-06-03,489.79,Clothing,Debit Card
ff3f41ad-9dba-4ce4-97fb-022a275ed0d8,2357973d-ea9e-4599-97fc-9348acb46366,2024-03-27,503.47,Clothing,Credit Card
f5172879-62d2-429f-8170-e7b96906e7c8,db0ef08a-30b9-476e-86d8-3645d77a7bc0,2023-03-16,489.79,Home & Garden,Debit Card
83b8546f-50a6-4b60-8dfc-78004cc0076c,6a76ae87-3484-430f-9372-01c8f1498959,2024-01-06,168.66,Health & Beauty,Debit Card
dff72d74-6b17-4e1e-a904-6b8823b94a06,1d067cf5-7af0-48d1-9f2a-30a01b5e3c3c,2024-02-21,456.78,Clothing,Debit Card
9d6c7c0d-70eb-45cc-ac6d-bbdd88aabeee,e3a950b7-a993-4b3e-ac84-20d3e292833a,2023-05-24,384.12,Clothing,Credit Card
a109f23f-12f0-42f8-a5b0-8b34189ddb98,0360d71f-fba4-4a45-81fc-c356934d6a6c,2022-11-17,111.39,Home & Garden,Credit Card
9af1e27c-d8ef-446d-a941-3991c0cff209,59a40a76-68e6-40fe-ae90-158525e72789,2024-05-01,986.14,Automotive,Credit Card
e54d1219-b6b3-4b5c-8b75-62f4148c23b6,b6922654-e787-4c22-9553-f86f0f78a0e4,2023-12-30,771.36,Home & Garden,Debit Card
fcc8bb46-d8da-4948-8cd6-fdf4f9d19aeb,68fee64b-2b1b-4c41-9a9d-449d1868f465,2022-11-22,616.65,Health & Beauty,Debit Card
c38e6ca5-eac5-4f80-8f80-ef7f21fad135,f619c6eb-117b-4af8-b40c-e95830751c89,2024-04-10,254.65,Electronics,Debit Card
8a1b714a-0592-42f9-bdc0-e7d67163f3f1,ab88e4c7-3bc3-4dd4-879c-db75b263171d,2024-01-31,978.11,Electronics,PayPal
618bb55c-2c9a-4e5c-ae8d-a79bc0754d75,5990abbd-c2b0-4923-b56b-70ac461b17d8,2023-05-08,40.72,Uncategorized,PayPal
d2cb1c6b-e8e4-43da-851e-0629ff5bd2f1,7883b897-f049-42e2-b2f0-1833e68fc849,2023-09-28,847.26,Electronics,Credit Card
71d8ab24-0827-437d-a3cb-0abf7a81061d,ac2a2651-323b-4135-aa40-505f63a67603,2022-12-06,319.28,Clothing,Bank Transfer
63ee220c-19ae-4113-b45c-276b22b068e1,70d174d1-6901-4f3e-870e-b47b4224314f,2022-09-26,489.79,Health & Beauty,PayPal
d98a5116-3836-43d6-bb54-ffef96f9fd00,fa27282e-0a7d-42cb-bafa-07acc4f07410,2023-04-25,416.67,Health & Beauty,Bank Transfer
7e3256b2-49d1-419e-a30c-8504f446e64e,cd29e076-8de9-416b-bc0e-fecb61c8baff,2023-10-27,489.79,Home & Garden,Credit Card
f4274d3a-db95-4b02-b4cc-2b414f25d80d,21e655b8-a95a-4f6b-a9c1-0f4719e8054d,2024-01-18,919.76,Clothing,Credit Card
4aab54a1-b555-48ec-9b0f-0e87abdcc45b,04dbec3d-c8ae-45c4-b2c4-b705d6dc6cc3,2023-09-16,601.93,Uncategorized,Bank Transfer
3e3228a0-0d67-4e2a-aa10-7e68395e7fab,ae261021-a20d-4944-b77c-d0fd038b2ece,2023-04-07,977.21,Health & Beauty,Debit Card
f1f6626a-0ed5-4bc8-8a3a-511c3a1611fa,912daa90-8efc-486c-a4ce-e5f2407940ba,2022-10-13,489.79,Uncategorized,PayPal
7f073342-0881-484e-a2f1-16c8260f5e3f,3091f4a2-50a3-4ef5-95e2-582ae00985af,2022-12-12,987.02,Clothing,PayPal
648dac00-686c-41c0-8d59-3bee7d3bd390,997fb656-694d-4177-9b3d-f1f69458c2b9,2023-02-23,210.62,Health & Beauty,Debit Card
e556be3f-49dd-47c3-9bd1-6f2fb1b79d52,6ec38e68-4b42-4f00-b892-51a5fb865710,2023-01-09,50.13,Electronics,Credit Card
6d9b7c15-f813-4be6-8071-815990189894,81ecc5aa-a0e6-4aab-a600-cc7137bc16a1,2023-09-11,145.16,Automotive,PayPal
9fdbee4b-8628-4a1d-ac7f-f210e1076709,65c26811-eac9-4521-aa09-b4dbab04fc6b,2024-03-25,639.45,Electronics,Debit Card
777070f2-0233-43eb-b65a-6c7c95ec1abd,ddd67a27-192b-45af-b6bb-0306b568e6e3,2023-03-20,453.0,Home & Garden,PayPal
f5172879-62d2-429f-8170-e7b96906e7c8,8725d879-ca9c-483c-8382-d1c3b2e11c4a,2023-02-13,489.79,Electronics,Bank Transfer
29b5dfdb-3011-4160-aec5-6761021f86e5,cf040478-b79e-4c3f-91ba-f6f40491edc1,2023-11-07,489.79,Uncategorized,Bank Transfer
17bf453d-4dd4-4055-b398-940a4b52edfa,2f572039-455e-44f2-80c4-3e2ea7b22974,2022-11-18,746.72,Clothing,Credit Card
5624f059-b5dd-4734-879c-7fe8a0169e9c,9d6488b6-391b-4c3d-8fd3-6c5e33f20622,2022-12-27,609.06,Electronics,Credit Card
7f807eb2-812d-4a44-a841-e77c369ad807,781d7872-bb98-40cd-8fab-20c2ed61cd7e,2022-07-03,945.27,Clothing,Credit Card
d20f21c5-a3c3-40c6-8451-9869c58a48c0,fed3daeb-dcc9-4462-bc79-3f9921e15eda,2023-06-22,155.02,Clothing,Credit Card
05609335-a647-4691-80a8-82b43518b767,6ae42db2-48df-4f75-8c5a-b1ee88eeaf44,2024-03-22,48.93,Home & Garden,PayPal
31e73aba-0e0a-489a-a00a-478f5d6b7006,44b69f6a-3bb1-4a0b-936e-8640488104d9,2023-03-24,911.27,Health & Beauty,Bank Transfer
12e1aa2d-57e7-44de-af86-e71a42574c51,82e48854-34d7-407d-aef1-f5ee1040e01a,2022-10-25,847.21,Home & Garden,PayPal
50b1a4f9-30de-4811-870a-0dbfb8285730,0bac9fa8-eb9c-41ef-8b8c-1d24ded5bf11,2024-01-27,804.83,Uncategorized,PayPal
b8f3474f-d05d-4aca-982b-6af4a856305a,6ec4a764-b15a-429a-a3f6-bb13038246f7,2023-07-25,892.1,Health & Beauty,Bank Transfer
3641a6cf-cc5f-4ad3-85f7-9d1ea1ad4935,50d1b47c-531e-4ed4-a401-d31af5725d2b,2024-01-12,653.27,Uncategorized,PayPal
13e694c9-f2e5-4136-ba96-5dec24916524,ea045fa2-d0e6-4527-9a43-d1a2493ccfcc,2023-07-23,659.41,Health & Beauty,Credit Card
e6f4ae74-d58d-4770-8ebc-89c1f8778a6d,814d25d8-690b-45bb-96c9-b7a3e92a61db,2023-01-25,-100.0,Uncategorized,PayPal
b0180e7a-16e4-45bf-a417-0f2f5ca442bd,b3ec1d63-d605-402f-bbf8-5c44362f31cb,2023-10-14,489.79,Clothing,Bank Transfer
5885fad6-6e49-4fe4-8f82-63e3ad6d98bd,d874feb2-d495-4eeb-a23c-eaccb1c074e1,2023-03-13,908.23,Home & Garden,Bank Transfer
f56e56b7-bbde-455c-b570-61cd2005b4e4,3b1349d6-3d96-4c9c-a563-e98249070f67,2023-04-03,126.25,Automotive,Bank Transfer
6bc3aaad-57cc-4fae-b57f-18faa88ce95b,191af024-d4d3-4144-86f7-11e09e4e9df8,2023-02-14,185.97,Uncategorized,Debit Card
636f22fc-4799-4fb0-8331-88b34e007c71,7c2506d7-5103-4cb0-8e16-ce6a4a00ed05,2024-05-17,569.73,Clothing,Credit Card
74653505-85eb-4155-a90b-abe2b30179db,5d376939-3ccf-4ec5-8616-283b7b113fe4,2023-07-28,27.6,Uncategorized,PayPal
46e97136-3a44-4567-a58c-a434c0b3821f,1e998433-de67-46d7-a317-1eba703e2920,2022-11-28,891.12,Electronics,Bank Transfer
b10dbfea-ac81-4cdf-be3c-62248bbd5838,02a36fd6-8d10-4179-8b84-f011e8551a64,2024-06-02,489.79,Health & Beauty,Debit Card
4aab54a1-b555-48ec-9b0f-0e87abdcc45b,7202af3a-448f-4970-9674-40f736cfdfde,2023-02-26,634.41,Uncategorized,PayPal
23c9a49a-62de-4659-8a96-8e0313f04cad,3a970fe8-409d-4474-aaeb-d9c9234549d7,2024-04-07,961.69,Automotive,Debit Card
c8411d2c-93ac-4dde-9e5f-f6a4b444a236,98cf3158-fb3a-43c3-ba44-46388bea125d,2023-02-06,489.79,Home & Garden,Debit Card
c6789ac7-81c7-469a-a613-fe1fe1487953,eba96ef9-4992-43c7-a701-20e845720bfa,2022-10-19,418.22,Clothing,Debit Card
8da1bcf2-03d6-4c67-863e-94f77ad8a850,5ac60a85-6373-48d8-be4b-efc53b907525,2023-11-26,390.99,Electronics,Credit Card
473f3b1f-2e0e-40a6-8917-b3aac5296a01,bee741e4-06bb-42dc-aec8-1f46f1c6c042,2024-03-25,240.1,Health & Beauty,Debit Card
ed89b7fb-0b0a-4e28-b086-538479d7cd24,10dc1f18-c716-4552-86a1-ee4cb736e0a3,2023-11-01,880.88,Clothing,PayPal
b33cc50a-b96d-4bae-b056-82446c576152,8e135814-d7c2-44c1-b65e-b70ef7c91fd6,2023-06-12,746.44,Home & Garden,Bank Transfer
75d369cd-62a5-4edd-b227-57b51e87a2ff,61be44fd-f132-4b8d-a1e3-95cc05e0052c,2022-12-09,956.72,Automotive,Debit Card
f1f60fef-30b2-4856-b97b-11bbc63e7048,5d43573e-cfa4-4ff2-8b80-b9c314319b43,2024-02-23,262.76,Automotive,Credit Card
d1819fe7-bcfe-433e-9f59-83aa549cc779,9cc247c1-3c3a-4725-9813-3a1b0f46f42b,2023-10-08,722.81,Automotive,Debit Card
808bfcb0-4e84-4357-8c71-5aca60952a06,c1eeff62-01a4-4c8f-a6f3-8f0ec79b9372,2023-09-01,489.79,Automotive,Credit Card
79fc606a-c02c-4c39-b065-3e88a59b366c,604d5342-6293-4870-997d-deeef832c557,2023-10-09,442.99,Home & Garden,PayPal
592c60d1-2f03-42d4-aa26-ca11f9fd0e0f,d5c503ec-c0c8-47fb-a6c1-021afe0bdb4d,2023-10-02,984.93,Clothing,PayPal
bafcfabe-cc0f-428a-a10b-090ac9b56933,cbb4f1f6-1b6f-47c9-b288-9e86140fe986,2024-05-31,943.68,Health & Beauty,Credit Card
7f12330b-8b50-4618-bbeb-b5ca1532ab43,3ad19b7a-290b-40e8-8bbf-7a6a604f608a,2022-08-26,572.4,Health & Beauty,Credit Card
c288b8e0-209a-408b-8135-28f8e81b053b,fb890a1f-811c-473c-b5d4-6636b2722652,2024-04-18,528.33,Home & Garden,Credit Card
cf93db25-321f-4148-805b-662d6258ddb3,584b9f53-670f-4ac7-aaa1-f2057716f653,2023-09-09,417.57,Clothing,PayPal
0865a620-9ff4-46ec-9f14-7efdd071a041,206e70f6-6775-4945-8e6e-cad206fe2a5f,2022-12-02,24.94,Clothing,Credit Card
aad9efed-bab8-4873-833a-a6cc86aa49bc,b7563d4f-1b85-4ae9-903e-9d3b5184640c,2023-06-28,382.7,Home & Garden,Debit Card
c139496e-cc89-498a-bd90-1fb4627b6cff,7ec0b3f7-167f-409f-bc42-4053d32b1d32,2023-06-24,528.32,Health & Beauty,PayPal
2cecde18-be4f-443a-9e48-fc7013fce734,e061e247-0b3a-4196-88f3-35b06a5780de,2022-12-31,318.49,Health & Beauty,Credit Card
634b25ce-d205-4a1e-b277-b70efc033fc6,ded7963e-87b2-45c2-ad06-359212a961e6,2024-01-25,726.69,Home & Garden,Credit Card
9e438f09-ec06-42e1-8c45-25063e2429aa,c825a8d5-0bf8-4779-a927-bdad89d8f7f2,2022-10-05,489.79,Automotive,Debit Card
63876e8d-32f5-429a-aee2-dc871d3a2a70,10d5924e-5815-46ca-995e-9fef451b17c7,2024-03-01,822.82,Home & Garden,Debit Card
343ef45e-c257-47f1-bbd2-5683734d2fcd,c0ea759c-a09f-4989-bc3b-f56a0c0400d8,2022-08-13,0.0,Home & Garden,PayPal
b2f4c25e-be11-4912-9d14-5c288616e56e,a4ecc963-9419-4c11-a907-352ea2bb4bd9,2024-04-06,533.94,Clothing,Bank Transfer
f381038c-b3ed-4561-84b1-0f60d4afb6c9,e6c93a64-c6c0-404f-ac3f-3e0ccb3ae774,2022-08-14,282.78,Uncategorized,Bank Transfer
9107778f-48e1-4ecd-9511-10e549305477,0f460534-79a5-4c36-9826-c1f1b157300c,2023-09-07,487.16,Automotive,PayPal
faebacd0-39ee-4626-bfa5-f6059c95e244,3a0ab525-4e3a-4da5-97f1-ae5120752309,2024-05-29,716.73,Automotive,Debit Card
be10f9ef-a8e8-4ee2-a296-48c31c209b14,551cc7c2-a5bc-49e4-b2e3-6199a8fc3059,2022-08-15,477.72,Clothing,PayPal
667b0a6e-53b8-476d-be5b-215bfe49f60b,32696d34-3af1-4769-bc84-1eabb73bb1e8,2023-05-08,58.72,Electronics,PayPal
153e984c-d96b-4749-b0b5-ca0f7490a048,1623c317-3af3-4409-a4b3-7beacdc6c015,2023-07-19,48.17,Automotive,Debit Card
89c577d3-44ff-4129-9169-034642c47cf8,d44c52b1-f7d4-42c2-a068-cc7d5b33fd78,2023-10-22,301.56,Electronics,PayPal
aa21621d-ab9a-48fb-bf2d-0f83dcf73cfa,531c1d3c-12b3-4363-864d-e0eab2b3a292,2023-06-16,987.65,Health & Beauty,Bank Transfer
711fde27-bf68-4832-9b43-00eb954b13b5,3674effa-412d-4a5f-9d0e-f26d92b23f25,2023-09-29,80.62,Automotive,PayPal
b91999f9-b7ed-4da4-a285-1dafae98e21d,fb908e24-4c1e-4e24-a1b0-62465fa0515c,2024-03-22,-100.0,Health & Beauty,Debit Card
c2c93273-8204-4385-8dd5-a277dc51989f,97a1ddfd-e51c-491c-9195-d488db96c2cf,2024-04-04,362.71,Electronics,Credit Card
fa6fd647-df0a-4c45-a6c3-d6354d7249b6,4aa925e3-6bff-49e8-b878-4c8c4ad9c5c1,2023-10-16,891.14,Health & Beauty,PayPal
172a04cf-2db8-4c96-9c93-ea123cb44279,c51acf42-781f-4885-9112-277f8532ef0c,2024-05-05,450.16,Automotive,Bank Transfer
1d19d2e1-ba97-4c7f-bef0-5b7d26e234b4,2e7d5df9-6c17-41c9-97ea-6ad0b26169f1,2023-10-31,373.58,Health & Beauty,Bank Transfer
b707539e-7eaf-4c76-8a2f-944b44eee698,f5b91cf6-5b48-4266-a112-0ac7ed4601ee,2022-10-26,139.18,Electronics,Bank Transfer
44351274-c7c0-46f5-9c30-7b1fc22b590e,90464e13-ce35-4c8d-a8fe-10a6b2d7873a,2023-11-12,325.09,Home & Garden,Credit Card
a19141a4-b574-4bdc-a9b4-c05e8b2519f7,7ff7c978-ec65-4da1-beeb-1f5e5d608a41,2024-02-17,205.21,Electronics,PayPal
ed671a87-e26e-4c7b-afcc-e3bee9427708,49352f5f-0240-4786-a8b3-aa2ad06cff82,2022-10-07,422.52,Automotive,PayPal
c448b2f5-80a5-4fde-8144-8bea32bc3618,16c90584-1b6f-4d6e-ba22-32407b163757,2022-07-01,983.83,Health & Beauty,Credit Card
032ef4a0-2b6c-4d2b-8d2d-aa832ac875f2,01fc18b2-4ba7-4554-8cbe-17374d95fc92,2024-04-27,688.71,Electronics,Credit Card
f3387277-5484-4efc-8654-296b842463b9,20ba34d6-f2d5-4cf2-9e10-61ee5c8e2804,2023-03-15,217.23,Electronics,Debit Card
1559b55b-9653-4992-90d5-8819bd5466ef,efd93ee3-daa4-4ca8-bc4d-afddbcc70bb2,2023-11-14,545.1,Home & Garden,PayPal
6d9b7c15-f813-4be6-8071-815990189894,f7e7e974-1f0d-48ed-9ff8-4a4866dfb28f,2023-10-13,569.52,Clothing,PayPal
16d7e26d-592b-4fad-8c66-c412bb2b2954,59c642f5-7dc7-4656-9b6b-fe70e63f27a3,2022-08-24,45.69,Clothing,Credit Card
a800ccba-e1ca-4f52-ad9f-14f3432699c9,487ecd9b-57c8-447c-a2a8-e55477ba0d6d,2023-09-25,-100.0,Clothing,Bank Transfer
643a2d7f-c241-487f-9a9a-07f06f0d681c,f2aae1c1-a004-4f10-b813-2d51b1964134,2022-12-24,489.79,Electronics,PayPal
db10c135-1080-4fce-b653-d5a5fb572fa8,5722d712-d06e-4de9-960f-0076f0034e43,2023-01-28,745.21,Clothing,PayPal
c4dc94e9-3c8b-4dc4-b38b-7eb3c9aa9f00,8697d145-27e3-4feb-b31c-c8943bf88d41,2022-11-14,186.72,Health & Beauty,Credit Card
429afb4b-99cc-4a38-8f43-9187a3e02ecc,9559ad5c-ce93-458a-bd72-93e975f10f84,2024-05-28,844.85,Clothing,Debit Card
15e129b7-48ba-4b37-8ba4-703745e17019,25327eeb-a2ce-4925-93a9-14210663734f,2022-12-13,572.45,Electronics,Debit Card
779e8498-ec27-4741-86f0-1f0d696c7ea8,266284d2-4d89-4097-86af-6b8357f54f33,2024-01-15,507.86,Electronics,PayPal
8baf40b4-2477-4993-8371-0f4d5f29d42d,86ead4dd-3f6a-4479-a70b-b452a0e926e4,2022-10-11,47.08,Home & Garden,PayPal
8d807538-5767-461a-a074-542002142cc7,5007f265-ebf3-45dd-9871-6be618d7b529,2023-10-19,565.24,Electronics,Credit Card
9af1e27c-d8ef-446d-a941-3991c0cff209,c93e7291-f972-41a0-8419-943a8b273c30,2024-04-04,644.3,Clothing,Debit Card
1cd56853-6499-4d13-a476-40fc45bdf30b,2108815a-f164-4e44-95c9-214f5f90214a,2022-11-16,728.13,Home & Garden,Bank Transfer
6d4afc8d-d844-46b8-b074-32c8c365a575,23a43238-42fc-408d-a306-a0cda4bb81a7,2023-06-20,20.31,Health & Beauty,PayPal
92012350-c38f-4911-987b-6c574e4826b7,b00dcd83-6cfe-41c4-a30e-774c6e2a847b,2023-04-27,773.33,Health & Beauty,Debit Card
c1f1c099-93ad-4f01-839a-7c72c07db3f7,9b95d1da-8fd1-435c-a99c-43eb664bed77,2022-12-11,446.19,Electronics,PayPal
b1ae4855-52f8-4136-b380-9be5befecb89,7abbfc07-dad9-4848-aeb0-99b71069c5c6,2023-10-08,489.79,Home & Garden,Debit Card
e7788785-ad3d-4856-b74b-ede4c5d7a407,01407117-a3f2-4b2c-91ec-1edd4a1c7aba,2022-07-03,305.52,Health & Beauty,PayPal
eb104c87-4b1f-48de-ae0a-6615660b9041,cd6314dc-27c7-414d-aca9-fefb7fc82ce4,2023-02-13,828.02,Uncategorized,Credit Card
1906e365-5d12-448f-89ee-5c1cb9af446d,d1109b29-8c04-4154-8550-570a8e61ee74,2024-02-06,578.74,Automotive,Credit Card
c16f42a8-3339-49f4-9aea-c1dda8b0701e,23b9e9a5-f231-4a54-98b5-e8a5b8796112,2023-07-08,497.98,Home & Garden,Bank Transfer
a57a6e90-d751-466f-8d73-6f7f800ccc27,2162f698-36f2-4a96-a5e3-c5ed32c854e2,2022-12-16,18.81,Automotive,Bank Transfer
010c57b4-d6aa-44ef-9e92-d00ce9bbc28b,2ab912fa-0b7a-45ec-a1d1-9d2558fa2b38,2023-05-18,233.42,Electronics,Bank Transfer
9822b37e-7330-4112-ad4d-5243f8dedff2,45eb3480-8b1d-4858-8b90-820434314fe1,2023-07-01,703.39,Home & Garden,PayPal
3c0eae54-dde8-4291-95d3-f8dfb98c475a,ea7f4d30-45c8-4e24-8f37-c30527a1d6a3,2022-10-28,854.42,Electronics,Credit Card
e8236c55-bd04-44e1-a12c-e3b4bb747ec3,5ed3092b-7db1-46da-b3aa-bc34d05c5a2e,2023-11-28,443.92,Health & Beauty,PayPal
c072045c-1e5a-4019-9572-612d18ca3318,c5cc3fa9-21ee-480e-9673-17b24d3ad7ce,2024-01-31,249.82,Health & Beauty,Bank Transfer
4312264a-0b51-4a9d-867a-5e6f1d974ef6,818ba8c8-267c-4f7b-bbdb-c74f9bec7a4d,2024-06-13,489.79,Automotive,PayPal
cf0aabaf-a877-44a6-b3f7-92f1f6353e6e,3f7f8028-446f-4a3c-b6e6-9f095d852a15,2022-11-22,461.82,Uncategorized,Bank Transfer
6d4be0cc-2b07-45f0-9111-bdb6a79f1656,9a7b56e0-dec5-4545-8554-95a4e6f1b313,2024-03-30,460.01,Clothing,PayPal
70007468-df22-45f3-a51a-ada0a1357f88,647b89cf-69b5-4fff-b0b8-4a0c321772f1,2023-12-18,489.79,Electronics,PayPal
fe33b336-9073-48b5-84d9-99449ee44bf4,c0adb493-e39e-4b89-9ae1-7c0ddcbb8c8a,2024-04-04,749.37,Home & Garden,PayPal
3d8408ab-60f2-465f-a112-d6b7747c4a4a,bfdef222-6989-42a9-8689-c43d017e9b55,2024-05-15,954.97,Automotive,PayPal
edb3942d-cb00-4942-b93f-3702ec6d6086,2c67ec44-84a5-4a10-b44e-b898dfd8aab7,2022-08-18,366.56,Clothing,Debit Card
39ff9fd0-cd8d-4f6d-9ee1-982ffabe382b,2f104825-04e3-4a35-9951-50c66d95fd04,2023-05-01,409.94,Health & Beauty,PayPal
cee4a7d9-9c36-46ac-aafe-522d8fc50282,8a62b13f-5ca0-4727-819a-4855668679bf,2023-02-04,731.94,Automotive,Credit Card
d4d508a7-1fe5-4321-b314-bda3ddb3cdda,e6a7c37b-ee1e-48f1-9ebd-dd74f47555e6,2024-01-18,663.63,Automotive,Credit Card
9e5a62bf-b2cc-4743-b266-252c16a36f83,db3bac29-4028-4a6e-b59f-749113bf0656,2024-01-25,934.32,Health & Beauty,PayPal
c8436ffe-dcc2-4103-9c12-c5f3c6f17505,a7ec2dc1-c40e-4604-965d-3340fe6eb293,2023-11-09,196.8,Electronics,Bank Transfer
b4fc2d7d-62bd-491a-bff5-f32289dc0057,24cb0865-8c97-4247-bd5f-1228f5eeb0d9,2024-05-19,761.53,Automotive,Credit Card
6d6a803c-8aa3-4555-8074-0f7aa01937bf,12dc860a-dd22-4b7f-bffa-55bc8aae7ae5,2024-06-10,258.69,Health & Beauty,PayPal
b56473e0-5c57-4325-94f2-6414db34f557,903d2d11-9734-429c-9c92-2d3ff95af2f1,2024-06-14,677.94,Automotive,Debit Card
8259be60-437d-486d-9b10-b834e22ba7cc,068a9303-65a8-4ffc-827a-5f528a3778df,2023-07-29,390.53,Electronics,PayPal
46342d7b-d3bc-4f5a-b02e-3e6482a3beef,40fcc854-7a6d-4296-a55c-dfba2e2d0fd7,2023-02-04,186.44,Automotive,PayPal
6b127843-0695-4af0-9350-bdbd39cf7128,745ad7f0-09e5-4da5-8c21-0533080659bb,2024-06-09,577.8,Home & Garden,Credit Card
f381038c-b3ed-4561-84b1-0f60d4afb6c9,1bfaf193-8596-4691-b5cb-9154b9288076,2023-05-18,849.85,Home & Garden,Bank Transfer
88efac91-e005-417f-bc9e-57a5deb7f746,962df48f-faf1-4849-9779-0415f10cb9f3,2023-02-08,0.0,Home & Garden,Credit Card
8f6a81be-9729-49b5-bc93-4ab9d3c5f6b3,b82965a5-f821-4123-9c81-d3c4f113e7fe,2024-05-27,713.45,Uncategorized,Debit Card
0cf376d6-ab2a-468b-a290-4b28ffafe6f2,0574092b-81fb-40ba-b88d-a60919111f99,2023-01-29,159.5,Uncategorized,PayPal
a94e3f55-2f0e-432e-8706-9815c4371376,f53b16b4-d042-44ca-a073-4acdd546b519,2024-01-06,-100.0,Home & Garden,PayPal
46402a3a-4a33-4677-9540-3043a4fffe14,ea62e563-3344-42bf-82e5-68cad97b0412,2022-10-31,301.35,Electronics,PayPal
1e66b466-e10c-48a8-a1a8-b1f7c963d0dd,1d3aba7f-9a11-4dfc-b325-9bcbb0401d41,2022-12-18,747.59,Home & Garden,Credit Card
330e4d26-da21-4713-be96-6698554f276a,4480d3bc-888d-4b82-bfae-0f272b906417,2023-03-21,801.87,Clothing,Bank Transfer
e2aa2070-2327-4a68-92d6-eb959330b07b,bd323965-7ffa-483f-84c3-ece009bad318,2022-10-26,676.36,Electronics,Debit Card
446c2002-0e68-4461-b7ff-9fc9f7bafa98,7c41ac38-2b56-476f-9a24-144de5ed9f08,2022-09-14,197.15,Health & Beauty,Credit Card
089bd09a-4241-4fa4-905d-425bfc36b78a,89190218-3345-4038-a489-17bfc93d4ad7,2023-12-30,565.47,Automotive,Bank Transfer
12150cc9-4e95-4d2f-b47d-62914f0929ba,6f6a9092-570c-4cca-a617-ae7647cb9512,2024-02-07,102.77,Uncategorized,PayPal
348c5ab5-992d-4780-ba71-d1a5e3818191,a9272080-cc7f-4f82-9977-857549f2c895,2023-10-12,626.22,Automotive,Debit Card
50e95716-c5de-400c-b5cc-2b6566b7c931,58d8243a-5b68-40e3-85e0-0709c9476129,2024-01-04,961.5,Uncategorized,Credit Card
a4670f60-23c5-4c76-b67c-4d957910aa8a,7442ca04-01ce-49da-8a11-23e3b73f4241,2023-02-16,370.87,Electronics,Debit Card
1756838b-8368-4852-b4a5-32a23643a3dd,ba465967-a5e2-4fd7-9382-482f71b88df8,2022-07-08,317.07,Home & Garden,Debit Card
209e0eab-c6a2-42b4-96a7-d13b8191ff41,b26e976b-770e-4fc3-b82f-d58f72526a54,2024-05-07,369.65,Home & Garden,Debit Card
a7b667f7-d6c7-4fc6-b6d9-bcdeea32297c,af2893ad-e74c-485d-8cf6-e1037728a8e0,2024-01-18,484.48,Electronics,Credit Card
b03edff3-4a64-4e5e-8818-10e37291a8c6,eab1364a-902f-436b-91ef-044ad1a49108,2023-02-04,712.24,Automotive,Credit Card
b10dbfea-ac81-4cdf-be3c-62248bbd5838,11b296f6-4cbf-4f47-806e-5d2e09fb25e5,2023-04-18,532.29,Uncategorized,Debit Card
850477f1-54e9-42b2-aa69-329bdb1198a0,6db8514f-0495-4597-8b8a-f336fa770ba1,2022-10-27,55.61,Home & Garden,Bank Transfer
71904c78-c815-499d-8289-88ae7c89883f,c1d82e20-7222-4ad5-a21e-b9a7d2113c89,2023-07-16,527.3,Health & Beauty,Debit Card
9fdb68bc-77c1-4651-9cc7-1346395a265a,7db5dd16-5928-44d8-8012-64bfa08cf67d,2024-04-16,464.26,Uncategorized,Debit Card
dc7f151c-dd0b-44b7-9ea2-ab684e50d463,3558ad57-0dd1-4df8-be95-05828d99ff93,2024-05-28,715.34,Home & Garden,Debit Card
78398c08-0a87-42a8-ac95-167e0d000f48,4fa3ee5d-4751-4729-84f0-6b6f8404330e,2023-01-15,489.79,Automotive,Credit Card
1ed01bef-384d-4c8b-a672-7c292860d7c1,dc1ba702-8720-4582-9749-5bd14b886420,2023-04-13,508.97,Health & Beauty,Bank Transfer
4db8c4df-3277-416e-88a2-a8df95163fee,8cbf63e0-8ece-405e-ada2-4ec7e855593d,2023-04-06,314.14,Health & Beauty,Credit Card
143a7859-5fd2-4331-b520-ffb140afa5bd,eb9745e6-30ce-463e-9e1c-6810e018b21f,2024-04-18,908.2,Home & Garden,Bank Transfer
b01cf495-5ea5-4cb7-acd3-b2c1e6983959,4f66feab-1641-45aa-ac6d-5586a403d312,2024-02-03,351.62,Uncategorized,Bank Transfer
ce2ece8f-91c3-420a-9d80-8b1f5051dc77,85697e17-d6e9-4063-b31a-425e11f4c376,2023-08-09,404.15,Uncategorized,PayPal
f545e364-ba9c-49db-8eda-253569dbf0b7,89189e10-e722-40ec-90c7-a3538c1c198d,2022-07-17,654.91,Clothing,Debit Card
c3b9c20f-b3a1-4532-ba45-90b6d041c62d,0fa807b9-4700-4da1-96b2-d5ceaeba8063,2024-06-04,383.09,Health & Beauty,Credit Card
f288eca4-19dc-4cb3-87bc-082a146ab029,80ddf935-4910-46db-804e-b7e8a579d1c7,2022-07-10,627.78,Electronics,Debit Card
34c5a998-e0ec-41b1-a904-5e02e75ce5c2,ec6a44c3-0e25-4bad-9de2-417b6116a2f0,2023-02-26,332.97,Clothing,Credit Card
40b91e2f-7da8-48ea-97ec-f623cd22268f,f9db93c5-f9ba-4bf9-9303-86954afeedc7,2023-02-20,191.99,Home & Garden,Credit Card
9b5d531c-c43b-4227-8f62-1fe37743eead,c44353aa-99e4-4bc7-97a8-33e744b5f358,2023-12-12,963.71,Uncategorized,Bank Transfer
6a84f1a7-f636-4300-bd8d-c7f888460829,185ee140-348a-4461-bd40-07a7e8535815,2023-10-09,953.86,Health & Beauty,PayPal
2c7c61c3-3657-463a-aab2-a2d355e884f8,a6677b85-55a6-4817-a81e-ce7848b69c4b,2023-01-05,515.86,Home & Garden,Bank Transfer
6d34f2f6-7b86-438c-87a9-0d8da1151178,b34659fb-17ad-4bc1-a3d4-03896741f892,2023-07-06,891.9,Health & Beauty,Debit Card
0f5a8d28-2ddd-497a-a2e0-74a80c165a91,c681a82d-c5b6-4bee-8878-2448783458e0,2022-08-29,489.79,Health & Beauty,Bank Transfer
9b8179f4-f187-4cfd-b12a-0c182539f178,193db69b-d6eb-4a95-94e8-32d9df50787c,2023-02-11,796.19,Uncategorized,PayPal
76c1d696-0f1c-44b5-b749-8859545658eb,8cedac4a-c3d5-4717-8d29-881b30da1043,2022-11-21,886.8,Health & Beauty,Debit Card
a9a5ead7-6992-404b-9d33-41e11409d415,f52a6348-2afc-43d1-9404-8e48d31a8d62,2023-07-17,81.68,Health & Beauty,Credit Card
d52df852-29d1-4156-8418-0e73ecb767cf,81289c9a-e954-40da-9468-d6c0dd7577f4,2023-10-27,945.07,Automotive,PayPal
1044f1f4-cce8-4bcb-9615-150b05a3cf5e,5b480842-6a4a-4c74-ac07-7c1f28dc163c,2024-02-16,489.79,Electronics,PayPal
3a204a5c-66e7-44fe-b1b7-6ca40fb677b5,2c8a0375-34eb-4d08-a272-8b449884ef60,2024-06-27,816.68,Electronics,Debit Card
88eec86b-65ca-49d4-9f92-55ee41cf25ca,d9eac158-2432-41a8-887e-67337ce804d4,2023-05-30,210.2,Clothing,Debit Card
210a1b9d-b708-4071-b600-46a1df62bfde,cfb2fcdb-60ca-4d76-8309-7b7ebe76f76a,2023-12-09,646.21,Electronics,PayPal
8d47ee55-d382-4fa5-8a9c-b369cc2309b8,80591ab4-e0de-4fd3-8fd7-ce27eabb23dc,2024-03-02,830.17,Electronics,Debit Card
a800ccba-e1ca-4f52-ad9f-14f3432699c9,57f54b77-b69f-4921-b643-0f39baadec37,2023-07-19,204.73,Uncategorized,PayPal
f4274d3a-db95-4b02-b4cc-2b414f25d80d,8f92a3bd-5081-4b30-bebf-2387417f3eff,2024-02-20,494.09,Electronics,Credit Card
ca71ef08-4778-436e-a973-c717fd1cbe1a,b0f58f3b-e31c-4cfd-bdd6-1fdecdbe12d4,2022-07-13,883.22,Automotive,Bank Transfer
d59cf513-ec9c-40e3-919c-57e7893b0ae6,d4e6455f-a601-4425-a733-2dbd44b8213c,2023-04-19,494.23,Home & Garden,PayPal
c26a36a7-c23f-4d97-813a-8fefe5de2454,eb353bf6-8864-4c4b-a9a8-ebce6fcae4a1,2022-12-08,942.44,Home & Garden,Credit Card
b94b3531-591d-445c-b282-dcacb0baca5b,27fb25aa-f148-423f-967c-4d1764e26b29,2022-07-30,506.96,Automotive,Credit Card
ccf4d58b-5087-45c8-a8f8-bb99be9a13d1,36d14454-fb95-4b19-a574-e137ddb55528,2024-02-09,489.79,Electronics,Credit Card
5251218b-9e9b-41c5-8956-0a17d71f1165,5b6a085a-df0f-4a2c-a9aa-600a0954f083,2022-11-18,989.55,Clothing,Credit Card
ea4f48c7-7862-4f92-9a6f-1c2778adfe56,c5885f19-418f-44bf-91fc-d8fa80251941,2023-07-27,215.35,Health & Beauty,Bank Transfer
9e879ea8-cb51-4d8d-9e63-0d9464959be4,22930b8e-1540-4d3b-83c6-2e7ca336db78,2022-12-17,517.25,Health & Beauty,Credit Card
b12c84ec-8291-4fa9-8688-b3a8e0bfbd1a,3548b291-feba-4372-9d8b-2532c07585a6,2023-10-16,489.79,Electronics,Debit Card
3d24b8d6-68b7-46bd-ad7b-5cd8b8c6f8fd,f078102e-7e35-4371-b48e-2989ff4cec4f,2023-12-29,588.56,Health & Beauty,Credit Card
c3a5e86e-a74b-420e-b1e7-13bcbe6b71ac,0cbde115-7e22-4b04-a540-709dfe2ac56a,2022-07-25,908.94,Clothing,Debit Card
77c3b49d-52a7-4559-b53f-0b8e01476e12,3a2c0b90-1228-4b65-9ffd-91787718e2c9,2023-01-01,257.01,Home & Garden,PayPal
66f2c023-a290-4565-a489-62464894f93e,1a13acad-5677-4c03-8bb4-c23586b413d6,2024-03-17,584.91,Electronics,PayPal
9aa1e60e-df4c-4987-9ee8-70b4e6edbca6,d06714f5-3637-4c64-839b-0e8139be12b7,2022-07-14,910.81,Clothing,PayPal
83daf4d4-0b79-4938-8936-0237e7de0653,e18026fa-203d-45a6-b5eb-32aaa5dee57a,2023-09-15,643.94,Automotive,Bank Transfer
2bde4c68-1f79-42cf-879c-a2b1a42f87ed,05affe63-47a5-41db-ace1-d2c9cde4f456,2024-03-23,755.23,Uncategorized,Bank Transfer
bd136e0d-1bed-4720-8573-8e62ac1ea02e,d93c58d1-6b72-4da5-98d4-9fe5b3d80511,2023-12-25,67.63,Uncategorized,PayPal
54f75d68-a8d8-4790-b65b-8937fd8f561b,d480a292-2ec0-41e6-bb72-905e24441810,2023-11-08,222.29,Automotive,PayPal
e3be4c5e-f099-4612-a352-7d95ba9b1099,2f259ad2-8388-43e3-813a-180b41deda53,2023-04-26,458.86,Health & Beauty,Debit Card
ca645b4d-28a4-42ec-99a7-8000d38bf2e0,f35cadbe-6ae1-427d-8b41-5749cc1173e6,2023-06-18,-100.0,Electronics,Bank Transfer
f77576df-bc7a-4f79-b5c3-e2da4eff130e,c4dfa7dc-eba5-4103-bf52-4cb004a32d1e,2024-02-26,181.45,Electronics,Credit Card
a7c29c33-e968-4d84-82cd-1269ed1e7c1e,77954a26-9a04-4806-b525-7f33f554d255,2022-09-11,-100.0,Home & Garden,Credit Card
a6b32804-271f-49c4-b6e0-6bab25fd7313,ffd783b2-4da8-4e1f-bbbf-9b1ca78a1dbf,2023-12-04,761.34,Electronics,Credit Card
9d6c7c0d-70eb-45cc-ac6d-bbdd88aabeee,ad786d98-4d97-4fa3-be07-7e2c90560633,2024-01-12,916.05,Clothing,Bank Transfer
d2e46fdd-70eb-46dc-8d2b-f23bed09742d,77f0182c-72e1-4b19-a3f4-c170d66a2db7,2023-07-09,674.52,Automotive,PayPal
07f8f7be-d915-4e08-9c0d-250646b1c200,55e69849-389b-4cb8-8473-3434d70318e7,2023-05-02,489.79,Uncategorized,Debit Card
4df4aaef-d7d8-41db-b568-bbd40073adcf,bd4cc6f0-9b81-47a6-94f2-4c5bda799701,2022-11-14,277.04,Home & Garden,Credit Card
f5e94932-bd5a-4728-a4ae-731b458831ca,31c8c267-6d39-4226-a447-7d78e6291882,2023-05-18,794.6,Automotive,PayPal
0ad25f2c-6c04-4af7-8672-475375387a4d,54cb717e-10bd-47fd-872e-9bdb27ce6d17,2022-07-25,516.03,Home & Garden,PayPal
6c004b13-ff57-4693-b720-b72958029b20,c658f7a6-32d4-4982-b457-87d5469fe22d,2022-09-01,135.58,Uncategorized,Debit Card
409c8d3d-63e6-4280-a699-91933c1eee73,50ab8a14-50f4-4545-ab36-577ddadf9837,2023-09-11,183.36,Automotive,Bank Transfer
0e663785-6555-49a9-ac34-ea04406b1ba5,381b4582-889f-4089-8f28-9849923df8a4,2022-08-22,756.25,Health & Beauty,PayPal
c6f3aa4e-9147-4547-b2c9-b1aa7847d304,1a556f2a-ce77-4ef4-a0d7-f674e86a8d73,2024-06-05,108.9,Clothing,Bank Transfer
1a8b9dc9-5e99-4e67-9333-a2017869f68a,d0eec5eb-56ab-4fe5-acce-6aa96eee9acc,2024-02-26,796.06,Clothing,PayPal
a0db86bf-0c2d-4c9e-8d3b-f5b33ac37cee,61d95c7d-b263-4984-9753-d3a45df0265a,2023-07-03,798.58,Electronics,Bank Transfer
c7795b86-84bb-4da2-a8dd-8433adda3783,b432422a-5377-4c6d-beb2-2bd2cab4b1a0,2022-11-03,106.76,Health & Beauty,Bank Transfer
30dc519a-a52c-465c-8678-8110e7bd13ed,f7bd8f10-1984-4164-bd2b-3a7023feaee6,2023-08-27,489.79,Clothing,Debit Card
a8797e1c-7f5c-4fd5-a149-6056f4a4c764,9bb70d60-a375-4deb-be4b-1ab885ea1f6f,2023-07-17,540.37,Health & Beauty,Credit Card
017e6772-6e98-4262-9036-3d9b252f915d,debce23f-dbcc-4b9a-b782-39090916bab6,2022-08-14,405.54,Electronics,Debit Card
f65c5f30-f126-4e6c-88d4-1883d0da87c1,a4c306c2-1aff-461d-9825-b78b2de2afce,2023-11-16,773.39,Health & Beauty,Credit Card
ac6b4d61-3d14-4362-b226-8c0c5786d6df,8e88d564-a18a-448b-9e5d-add5fef8017d,2024-05-22,0.0,Health & Beauty,PayPal
dff72d74-6b17-4e1e-a904-6b8823b94a06,0aba7275-6bd4-404d-894a-cf695bcc2b67,2023-03-04,294.7,Clothing,PayPal
a4a6c9aa-bbbf-4155-9100-4f770078551d,b17357c1-7c03-4100-84dd-11dea7ed8c00,2023-08-29,732.07,Electronics,Credit Card
70b70bf3-205e-4992-a88c-02bf2ed1471f,a35f514f-eea3-4f3b-8570-54382031a9d9,2023-11-03,746.6,Clothing,Bank Transfer
667b0a6e-53b8-476d-be5b-215bfe49f60b,df156efe-2408-4779-b897-c71d1d814fef,2024-05-25,971.72,Health & Beauty,PayPal
dc988ef2-c992-48e5-98e3-89ef31861f7a,5a3cc1ea-aaf6-4e44-a136-70e9cf728176,2022-10-25,256.3,Electronics,PayPal
eab87908-af4d-46ef-b39f-4b1ec9d59980,61b0df0a-056e-497c-9ef5-45d1e4963dd1,2022-08-10,372.45,Home & Garden,Bank Transfer
9d4d9b36-c718-4f5e-8c9f-a0fbf1e6da15,6621d2b9-99a2-4430-9b30-177f97345e40,2024-03-23,99.42,Clothing,Credit Card
ac6b4d61-3d14-4362-b226-8c0c5786d6df,1074d2cf-a7d5-4ebd-baa9-4660b2df5ec8,2023-07-17,-100.0,Health & Beauty,Credit Card
478f6102-4807-431b-8bc5-c7f535335571,cd608d3a-7ffb-4d83-ab56-2c119430d31f,2023-11-09,387.67,Clothing,Bank Transfer
81c75c59-8474-41b9-84fe-ad1840d6ee75,aabc391a-5ee9-4261-ab12-baaa11cdc379,2022-08-24,13.4,Home & Garden,Bank Transfer
983068c4-0f6c-4969-96a3-c4de81e494e7,05a40a18-0e7a-4c33-8b63-a68caf55cf18,2023-06-30,780.31,Health & Beauty,Debit Card
69b50dbe-3286-401f-abdf-65d98281db68,0ed64f45-6095-4e82-93b3-1312881756a8,2023-02-20,217.92,Home & Garden,Credit Card
be291608-29a5-4143-a9dc-701f91ea3952,caaad45d-0f4b-4964-8575-b6d072d84606,2024-03-23,906.22,Uncategorized,Credit Card
85e0db6e-a0e0-455e-ab04-d8cf6dd6ec88,e785daf1-52a4-4140-90d8-048e1e135b24,2024-02-29,489.79,Health & Beauty,Bank Transfer
9d62293d-b5fd-4efa-b359-2039d2427c59,460a4f6b-65b6-48a7-b94d-419740fbdb14,2023-06-21,679.95,Home & Garden,Credit Card
172a04cf-2db8-4c96-9c93-ea123cb44279,71bc42a6-682c-4280-ab81-9d6a171c2f8b,2023-09-08,890.44,Clothing,PayPal
1904daec-e2bf-4b0b-854c-baaf9e4df3b7,c02c764a-7d20-4168-b862-fcbcdf051166,2022-12-01,141.34,Uncategorized,PayPal
b1d6a46b-214c-4592-9688-82d0fd977bb2,86d6992e-9005-461b-8e32-8fca5d63109c,2023-02-21,312.83,Electronics,Bank Transfer
50465bde-6a9a-466d-804a-a8f046809a23,2c2be087-2ccc-4dc2-b514-565793df2cb4,2023-01-30,541.07,Home & Garden,PayPal
39c6e7d2-6c4b-44c0-8961-ddc1ecbdb0c6,17be34f5-b406-4f1a-bf22-b2fb3678d304,2023-07-30,994.81,Automotive,Credit Card
0f1eca8b-186d-45c6-8d42-460958fe4fd0,6661e3cf-8d9b-41c4-9d02-faa6269cc851,2022-08-28,680.03,Electronics,PayPal
c3534d19-4716-4c97-9c30-fdc33fc749f6,ea604138-3549-4859-999a-72ce5ab947b1,2023-12-08,104.25,Clothing,Bank Transfer
a4c9847c-dd0b-4b8d-83a8-c59968f274d7,b76882c7-423f-4881-802e-6656fbf7cbdb,2023-09-15,90.53,Electronics,PayPal
0064a8b2-71d3-41c1-a46a-6eea56fdff91,445b7dfb-f859-4d98-a53e-cc147f6cfeec,2022-09-25,933.2,Home & Garden,PayPal
e76d99b7-f95c-416f-8d4e-5fe436a6414c,ca805440-8914-48bf-b19f-9f7201f6898d,2023-10-01,36.16,Automotive,Credit Card
6e1feeab-c26b-4462-ae4c-77ff8d6e5b35,9779a6dc-e8b6-4298-8885-6c4a21b04fdc,2024-01-29,120.7,Home & Garden,Credit Card
1938b05f-14b1-4bda-bedf-24863003259e,f91688e4-f6d5-4d9c-88b8-4be975f4dc15,2023-07-19,945.53,Clothing,Bank Transfer
1c0a6902-727d-4b3a-9019-ff8a4e6779cf,64284cd7-95f7-4643-9ed1-e4e119afd0b1,2024-01-13,29.04,Health & Beauty,Bank Transfer
a9a5ead7-6992-404b-9d33-41e11409d415,f7e768e6-7f8f-46b9-ac20-df8767a743f9,2024-04-16,48.16,Uncategorized,Bank Transfer
2be2a985-68f6-42b1-95a8-768c5c661980,8574ab25-6bd5-402b-9ed3-2cc4ef520287,2022-07-15,404.53,Uncategorized,Credit Card
5bb6126c-97a0-441c-95e2-3d962016c4c0,85ca01c3-7765-43e5-88ac-f835f4cabd7c,2023-11-11,421.18,Clothing,Bank Transfer
ffe9a403-ac25-4aad-a809-ac9687ff3fcd,c59819cc-cf92-4929-ad22-ef3435187be9,2023-04-01,-100.0,Automotive,Bank Transfer
d6fa22e0-95a7-4968-9527-41ebf73c7764,5040c3e0-a657-4b6a-b5c7-9bd85c6b1685,2023-02-03,489.79,Health & Beauty,PayPal
3d0312c8-80bf-4eeb-91fe-cb842be19ca4,defdcbe0-5919-447d-9b59-053df19919aa,2023-04-04,78.04,Uncategorized,Credit Card
58ced86b-155c-45b1-96c4-92e39af3751e,7928cb46-6215-4a88-8370-3b895cdf72b4,2023-02-27,642.99,Automotive,PayPal
ca1e90f6-0e5f-492e-ab92-252ff540da18,7ea22ac0-8791-4999-bd65-502a2bf2e7e1,2024-04-02,189.71,Automotive,Credit Card
1d4e578b-738c-4913-84f4-b008488eab48,0a6264da-6636-4605-84d0-8f360f40b12e,2023-02-07,797.87,Automotive,PayPal
728bcba7-868f-4f7d-9a79-1af48913bb93,a42657eb-b99d-4b66-b0e7-96a9cd6def89,2022-07-06,294.72,Electronics,Bank Transfer
524b6ea2-4194-4af3-bb10-871238f96f77,ee79ff3e-b56c-4fea-be08-d3d4ecd55d20,2023-10-10,617.84,Electronics,Credit Card
aff6d0b4-099b-42fe-b7e4-ca0622aa4aa2,44183103-f553-4ebe-8934-ccae15578bbc,2022-11-18,217.74,Automotive,Debit Card
26731b9b-4666-4a73-9d31-723dc46be09f,06bd738b-8e54-4c6c-a8c7-c3cc409212a3,2023-04-11,387.02,Home & Garden,Bank Transfer
4d866e12-9820-413c-a5f9-e3a95d8d82b0,0b581b7f-b122-4d1b-a34d-a81d6cafb0eb,2023-04-06,290.59,Clothing,Debit Card
d2e46fdd-70eb-46dc-8d2b-f23bed09742d,cf9b8d8b-b845-49cf-a5c7-cdf1fdbdfb31,2023-08-20,671.79,Electronics,Bank Transfer
5a6f7a19-b881-4e41-ad91-480ecbb1022f,3a71a46d-c499-486d-bcb2-9c6ff7cb44b6,2023-04-24,506.91,Clothing,Bank Transfer
a1c13177-cc65-4fcd-adc3-db3047ed4611,9c154386-7f4d-4110-9932-24c5f7b93f58,2022-10-16,580.89,Uncategorized,PayPal
ca9a0a22-c7e0-483b-9285-75d43bd2f8a0,fdd94764-d35f-4443-b396-eca8f638da90,2023-04-18,867.69,Automotive,Bank Transfer
a8094112-0900-4bad-801d-3ad673b8a229,206fc2c3-84bc-43c4-8cdb-903cae4de6bf,2023-11-03,783.6,Electronics,Debit Card
43ec68f5-4305-4b40-8ced-a187d00bb3f5,d9594da8-4d6b-42e5-a2cc-5b0797c7eb2a,2023-01-01,161.18,Uncategorized,Debit Card
a194ec8f-3ff6-4c4c-a9ab-bad2c4c4871a,dfedc1ff-2c22-4241-a220-d19bb5e66849,2022-09-22,337.0,Home & Garden,PayPal
db10c135-1080-4fce-b653-d5a5fb572fa8,083e87fb-d6c0-4d01-b98a-2f2d86ca63b9,2024-05-13,825.33,Clothing,Credit Card
bbe76a26-234f-4a70-b71f-fa9b183f6353,7fe191f0-2d04-445f-b15d-397c6b1c74ad,2023-01-04,242.28,Automotive,Bank Transfer
073c6562-9889-4347-9102-98422192068a,cbb77f5d-914a-40de-995e-e70bd8aba55b,2023-05-28,664.98,Uncategorized,PayPal
ed671a87-e26e-4c7b-afcc-e3bee9427708,9e970789-472b-45db-a8f8-6ce79b5bd4a0,2022-08-07,426.95,Uncategorized,PayPal
588c9d82-2e86-4652-92ce-35d99355e561,a088a55e-220f-4abe-bf30-eb756e87a142,2022-08-16,37.55,Automotive,Bank Transfer
1a8a0568-f287-49ae-b1e0-3bbba67c15b0,42a61ca2-c5d3-41be-946a-84fd42891492,2022-07-01,254.64,Home & Garden,Debit Card
76d96f89-e423-4468-bd4c-5f20037bb251,a1839bbf-d75e-43cc-9c25-e3906eba86c8,2024-03-08,899.52,Home & Garden,Debit Card
23d4097a-48ee-4b31-b34a-8c14273ed91f,d7590ec6-8241-47ac-ae3a-fe1c6c7d6026,2023-09-06,669.37,Health & Beauty,Bank Transfer
efd0526d-18c7-43a8-8862-a0713bee8e4f,43574e36-f19f-4768-94b5-f89f95968bbc,2022-10-08,89.36,Uncategorized,PayPal
86afcf3f-ef6e-462b-84fb-589fddee7d49,022249b3-9bc3-4806-9b88-d8d37f3a2111,2024-03-25,489.79,Electronics,Credit Card
479399de-abf8-41c7-9568-e82c741e7bff,b4ff0a23-52a3-4467-91dd-fb3fd35f7c12,2022-07-19,764.67,Home & Garden,PayPal
45326d96-142a-4eef-8580-f2e3add19f91,2820d442-88db-4f4b-b039-f8d4b000c4f5,2022-12-24,111.76,Electronics,PayPal
681e49cc-3cf1-4eff-8139-5926f7e9ec8b,3b859d3b-0bf1-4489-b0c8-f3490c37d806,2022-08-15,205.22,Electronics,PayPal
1e149041-13ca-4147-890c-3dee10c249e8,34d137e4-b03b-4ad4-8fc4-b1d964d5cc26,2023-07-12,744.76,Health & Beauty,PayPal
4f502ae7-14f3-44cd-91e3-dfaf5efe724b,1afbfb96-bb50-4c5f-9ce8-22c588e3711f,2023-05-30,489.79,Health & Beauty,Debit Card
3828c289-6aa1-41e0-94d4-10d24539c9de,e53534cf-7e28-4bae-aa1c-467c77afb2b2,2023-07-11,209.34,Electronics,Credit Card
9d2b9207-b815-4e36-9e2c-0fae9e467a8d,8f8265b7-b34f-4b33-b011-950a171d2e6f,2022-08-29,25.01,Clothing,Credit Card
22c10765-8b8f-4765-af83-1924d41b84a0,a165c073-e844-40fa-8283-322e71cc8226,2024-05-01,28.04,Health & Beauty,Credit Card
35c92647-8109-4097-a6cd-ae3aca6b16ba,c08bc1e2-df51-451e-8c3e-cdc086d8943e,2022-11-11,396.15,Clothing,Debit Card
60978a24-9522-4d96-8eed-a1ddb6cede08,b5732a83-c6bd-4422-8968-8810aba97d75,2022-12-19,998.8,Clothing,Bank Transfer
5310e98b-e14c-4df9-be6e-502b68630a5b,762f2dc3-014d-4599-9db2-e36df6d6f788,2024-06-07,70.15,Health & Beauty,Bank Transfer
f603932e-b69c-434a-a986-e317ac9bc0fc,aeda1e6c-80ae-41e3-9905-7f5d662a9233,2022-08-16,633.06,Clothing,Credit Card
3c0a3687-a1aa-421e-b671-9e4f859c56e4,2b3c15b8-19d8-4998-b15d-4c448ab4a946,2023-01-03,813.91,Automotive,PayPal
32ae4542-77b0-4a2c-90c9-63b08e717945,3a8fc7fd-d02a-4cde-89ee-54192cf1eb17,2022-10-04,489.79,Automotive,Bank Transfer
667b0a6e-53b8-476d-be5b-215bfe49f60b,36db923e-7db3-4df0-b9c2-574410d62bba,2023-09-17,0.0,Electronics,Bank Transfer
0aae9d50-b1a1-40d7-9371-551c4691bc13,78a2ec1b-4317-4df1-909d-c00952c6efb0,2024-05-04,390.81,Automotive,PayPal
1ec9eb96-4175-4c16-8477-4a6357f4e000,ce13982a-613c-4666-a878-f82bbdd3e35f,2024-05-04,774.18,Automotive,Credit Card
2dd596db-f44d-46ae-a582-a42a658d7d62,523cf58c-2010-4973-9996-9f70bfa6fe07,2023-02-08,489.79,Clothing,PayPal
8293800b-3b95-42b6-b9bb-80737109e549,2acd8deb-2d93-4c7c-b93b-4bb0a9eee0e5,2024-02-16,37.76,Automotive,PayPal
c3b73fa0-bb97-4c73-b0d5-fc74fcf62ab4,cbe13fdc-8a6b-42f9-8614-901a2a5c7a05,2024-02-25,497.02,Automotive,Bank Transfer
5711d1af-71f2-4b99-a965-3ffdc39d32c8,d4eddf6c-d9ae-4f0d-bba8-913a9983bad3,2022-11-24,533.48,Uncategorized,Debit Card
8f440758-f8ac-44ee-9f83-51d9bde6d101,550a8ea7-c765-4985-8676-fb133baa5f73,2023-07-04,489.79,Health & Beauty,Bank Transfer
35dc485e-ab21-430b-87b0-b09dab982f99,14c5bd38-9a6f-4588-86d3-d209c98e08a0,2024-01-24,373.99,Clothing,Debit Card
c3a3cdb4-7e4f-4017-a8bf-5f329b6938c8,a27aebb2-795a-42a7-9539-264bfdeee548,2023-04-20,247.28,Home & Garden,Debit Card
9d437043-e503-4d1d-b1e6-1e66d3457008,e086ec2c-9a84-4884-b587-fe359e9fd8f3,2024-01-01,878.21,Clothing,PayPal
49f06ea9-4ae5-4ce5-98ce-d2c2f6f15cbd,0ab4fdfb-03fe-4872-a26e-3835ed0638b7,2023-03-23,832.45,Electronics,Credit Card
7d9db1a5-73dc-4942-a282-593b81b00821,1efc910a-8844-4da5-b1bc-3e125287d0be,2024-03-24,509.36,Electronics,Debit Card
7f073342-0881-484e-a2f1-16c8260f5e3f,058ea75e-1d55-4599-b1ba-26305f261224,2023-03-24,559.61,Electronics,Debit Card
4ae4f4ad-20e3-4f73-9f47-f5473047b289,0bdc89d6-8156-40a4-8f29-9ef919bd50a2,2023-01-12,145.69,Home & Garden,Credit Card
86c8bcf9-6c61-4615-98c1-2c572d35722d,8750fee3-7341-42a9-8990-6bde5283147c,2023-09-19,760.88,Clothing,Credit Card
81be7ae8-5f41-4ee9-895e-b001c5c63186,51341d5c-3eec-4149-b0b7-ec77e7beedce,2023-02-26,453.46,Automotive,PayPal
23b20ba3-dc64-48b2-9263-391c044bfe4f,6ce51ff6-9253-496c-8a60-055c087952e2,2022-09-27,59.59,Clothing,Debit Card
060cfd42-8d99-4264-aa27-e8d0b537e207,5a92d779-f629-47c7-8566-3a5b569699b2,2022-09-10,983.79,Automotive,Credit Card
a2f70070-c1b3-4802-a195-3de5441635ae,a7da984d-b9e7-4128-bf7a-3e773c6cea66,2023-01-04,117.03,Automotive,Bank Transfer
705b6742-d75d-4f53-a4e9-231ba146f34d,9611c493-9a4a-4b7f-88c1-865d15f3b832,2023-10-13,475.93,Electronics,Bank Transfer
f05ec030-ac96-417d-a73c-e3ca3adc1a30,f39c8b1d-595a-4656-8108-25981bf3fa14,2023-04-03,-100.0,Electronics,Debit Card
1fac8ad1-9a12-4370-bb35-5e1aa8b3419e,1df57198-5f6e-40db-81c6-ecb06da9a78d,2024-05-30,457.83,Uncategorized,Credit Card
764ab2cd-20c1-4f1b-9082-5e1f9ed9d0b1,9001a3d4-2404-4505-8496-7d4039402ac7,2023-01-14,727.07,Electronics,Credit Card
b1c1b919-9783-4528-893c-3368d978e622,a866a265-063e-4807-abea-b5580cfed103,2023-03-22,84.89,Uncategorized,Debit Card
e7fbdcd7-aac5-4a3c-abeb-672f410dfc99,f055e178-587b-45ae-ad2a-ed1274e694d4,2023-10-27,421.68,Automotive,Bank Transfer
473f3b1f-2e0e-40a6-8917-b3aac5296a01,0b6aeade-745e-4ea7-bf67-d611199d2de8,2023-07-03,489.79,Health & Beauty,Credit Card
e1f9dff8-fef5-49c4-b14b-c31bc3d61cc6,e396b1a9-d7b3-4976-a136-e567af75a125,2022-09-23,510.68,Home & Garden,Bank Transfer
a09b0309-43b7-4f6f-b705-93b92fcabf84,9f7fb5a9-f124-418d-9ef6-07088747b1ee,2022-11-17,258.17,Clothing,PayPal
489968c1-e786-45f1-9688-89ecf37f84c9,d86ec101-f635-42c3-b34c-569b3973beaf,2023-09-28,142.69,Uncategorized,Credit Card
30fbbfed-bf48-475b-8057-2f27f7c343af,30da5870-8bb3-40fb-922a-eea9043d79e7,2023-10-15,625.41,Automotive,PayPal
a179e2b9-047b-40ce-b9f8-b13f2a8f969d,8a8381a3-b84d-4dce-ae5a-c9373047c9dd,2022-11-04,333.95,Automotive,Bank Transfer
2595b6ef-fefb-4725-821d-bf18ef364499,54d462ec-dd32-4ff9-aeb8-f996898a7a99,2023-12-12,34.25,Home & Garden,Debit Card
7a2714b1-ae78-4382-a38c-1723fb5eacdb,e9092975-99e6-4945-b6d5-d8331eb21307,2022-08-17,338.26,Automotive,Debit Card
00a9563c-fec7-4b5d-87a2-d59406006a29,a300403d-ec6b-4f7a-98ed-1da26e2d2bcd,2023-12-08,529.26,Home & Garden,Debit Card
e7d625b7-a986-40b5-a265-bd21939d70ae,ab33cc5a-5fba-445f-acb6-055215802233,2022-08-28,526.28,Electronics,Debit Card
c96a5ee9-f1a6-416a-adc6-1c8b128c7399,00171bd8-8105-4186-ad15-4684165d46a2,2023-11-17,498.74,Uncategorized,Bank Transfer
1a103b87-f903-40de-8615-fdb7a50db074,c76d4450-5c12-4c20-adad-6c044b0150a6,2022-09-22,500.82,Home & Garden,Debit Card
ebccb59b-1792-4a64-a43e-ac942685ec77,88b6ba3b-5490-4374-ad90-cd45b1c94d4b,2023-12-31,0.0,Clothing,Debit Card
411c2202-f939-4b1f-bdd3-7eb0257bd14a,8bb148d2-144a-4655-80a8-d4c3939fa75e,2023-08-09,323.35,Health & Beauty,Debit Card
4c1adb6b-6585-4824-aae1-a9e7f95ec785,430cd403-555e-44cb-b848-cfa408248bc6,2022-09-16,489.79,Health & Beauty,PayPal
78fec206-bd61-4111-8a5b-6c450b8e4268,a7094b00-b5b5-42ab-9056-b9db34f7abd2,2023-05-02,392.94,Home & Garden,Credit Card
ce542175-261b-4ee0-9a5d-bab32b194090,fb4f6a9f-1da6-4b18-aa01-b2eb951c16aa,2023-02-21,183.9,Health & Beauty,Credit Card
9b3cf1b8-e726-466c-b26b-31aa11a13acb,9a9c1072-25c2-4a96-8817-f8113c478b68,2024-02-22,489.79,Electronics,PayPal
6cc1eaef-8496-4485-af7a-9812ccdac060,f2c2faf3-0371-4782-94af-53ffb27b34df,2024-01-25,556.8,Electronics,Bank Transfer
9110b6df-2a4c-4404-aeff-3c8b4c83279f,6199985e-79f7-4e8d-89e9-3f3016433be6,2022-08-10,559.93,Electronics,PayPal
5614c306-00fb-423e-8212-22c474c891b6,5d04088d-2a04-49e8-857b-15337404db9c,2022-11-27,98.46,Clothing,Bank Transfer
fe12cf9d-7da0-4ef0-a48a-bc3cff545790,ae289d3e-086b-453b-9ba3-5e1d4d30c6ca,2023-05-01,636.91,Electronics,Credit Card
9288f074-f683-4862-9aac-a4da59771309,e91b2574-55b7-4312-baed-e0b8f2f12f45,2024-05-27,191.72,Electronics,Bank Transfer
2130fd89-6ba4-4f36-bb90-2327cf27d0d6,0525dc48-b90b-4100-952a-fb163c51901c,2022-11-12,0.0,Automotive,Debit Card
0cd3b70a-d36f-4a0d-bdef-8d689345b33b,8b7b9b98-5e83-40ab-85a6-20ec40ca9794,2022-12-20,354.19,Automotive,Credit Card
e5d3b19d-e899-4694-aac3-705696a235e3,d3362622-63b1-4334-bd5c-e6e3de1e0ed4,2022-10-10,876.45,Health & Beauty,Debit Card
49e88aa3-3b35-4509-9a10-49f25f06b615,7139c834-ed51-4116-9082-4fa221fbcf92,2022-10-06,309.18,Automotive,Credit Card
841fd92c-2c00-4beb-b870-76df175c4398,1dbb7c63-b5fa-4e32-84ad-479fe592f2af,2024-03-23,821.57,Home & Garden,Debit Card
0e744af0-f183-499b-adb5-76ff753745e3,c9d583f2-ad69-43d4-b0dd-81f92044f028,2024-01-06,855.47,Uncategorized,Credit Card
f538ad97-1ba6-452b-8d8b-1b4a65f626bc,432a62ee-45b6-476c-b66b-12c0974bf332,2023-02-13,827.72,Clothing,Debit Card
6ddbc7a4-d655-4b0f-b6bb-ffc1d0960a1b,544d30cb-da39-441d-9b91-b5ede03258cf,2023-12-21,182.7,Home & Garden,Debit Card
40f2fc46-f4cf-4987-ac84-73e500fcb521,6a49aca0-b321-498d-9505-e34454acfca7,2023-01-08,384.79,Uncategorized,Credit Card
8f6a81be-9729-49b5-bc93-4ab9d3c5f6b3,9ce183d3-195b-46aa-952a-4f822c7e0a90,2023-12-27,511.02,Health & Beauty,Bank Transfer
6e62c234-7b0c-4891-b2f0-4f6ea06c1679,9bfa9b02-ac90-429a-a31b-fe44cc8c5b9e,2024-03-11,683.57,Automotive,PayPal
9f682ebb-dc68-4d1a-a83a-4b1f74608578,3f1188e2-1f45-4fd6-ab6b-b7245890b253,2023-09-01,694.81,Electronics,Bank Transfer
b94b3531-591d-445c-b282-dcacb0baca5b,1f5d3997-ad53-4cf8-9bc8-acc851385275,2024-03-13,310.2,Home & Garden,Credit Card
5d70c85d-45b7-4f0d-bdb2-7945e2350942,0f1ba8f5-59d9-4dae-8ae3-37aecdb33f08,2022-12-24,878.82,Health & Beauty,PayPal
cccb312c-4304-4bd8-a66f-6a39a1129846,916d8fe5-c457-4063-ba78-443255663734,2023-01-03,394.2,Uncategorized,Debit Card
948ad644-2c83-4eb1-af0c-c16e76afccfb,64f3ee25-c285-41ee-92b6-f70b006554ae,2024-06-12,65.58,Home & Garden,Debit Card
c234d519-1d1c-4822-b812-2d4fb2d7d0d7,bad70499-1818-4cec-ae7f-f76f5f610df3,2022-11-28,988.34,Health & Beauty,Bank Transfer
35e934cf-39b9-4b4d-9b2d-c9a4c40b3c88,9ac526b6-b7be-482b-8c85-2109fdd809f5,2022-12-21,239.72,Health & Beauty,Bank Transfer
b779c476-9543-44ef-b23e-72fd407bb706,53e8574a-fed3-4121-bdb3-40cffca9dba3,2023-01-09,69.56,Electronics,Credit Card
681db0ac-5b4d-416e-9bfc-dfd83a92f77b,8a9b363d-2848-4955-b84f-ffbd134b8446,2023-01-11,285.41,Automotive,Debit Card
3d8408ab-60f2-465f-a112-d6b7747c4a4a,196808c5-fda0-4ede-ae6d-05d2a717a9cc,2023-10-19,745.76,Electronics,PayPal
e4ce98e6-81ec-48c3-a198-813996dfdf1b,ecad21ea-16ed-45e9-9ac0-d45c021c8698,2024-03-18,184.85,Health & Beauty,PayPal
9fdbee4b-8628-4a1d-ac7f-f210e1076709,4be1302d-945b-4466-a941-75fa8d07b65b,2023-10-09,627.74,Automotive,Debit Card
4fd4c13d-0ede-457c-8e75-5c6ff9b36982,b9c23c84-9575-4dbc-8f90-9c6836ad16c9,2023-11-28,956.9,Home & Garden,Debit Card
b209dd08-f3b3-471e-8616-467021121966,0ffc70f7-6a92-4777-98cd-455f96f635af,2023-01-07,60.54,Health & Beauty,PayPal
362a01b9-67b2-4b9e-b703-44c9567fd51d,de1486e9-58b8-4bfe-a075-6e58883637e0,2024-06-19,932.93,Home & Garden,Debit Card
879f0689-8c4b-444b-b592-a9c677a3d441,504a7535-c169-4d6f-99af-b0c16fe544b6,2023-05-17,480.07,Automotive,Bank Transfer
3ff07f9f-8d50-442d-b5b7-0d84510af6be,ea077240-5476-4663-afc4-0e67e6f01264,2022-12-15,618.79,Health & Beauty,Debit Card
6e820fd4-83e9-41c3-8c2a-4c39b93d9a22,96b8ae0a-894c-481e-85f0-4180b45d9ec5,2022-09-12,488.88,Uncategorized,Debit Card
79a5eedf-99cd-4151-9007-8d0904daf592,4a544171-dc0f-4446-9026-1b82d051ffd3,2022-12-22,215.62,Automotive,PayPal
e9307f9c-daa2-4aa6-b84b-d930400c11ef,5592a403-1712-42ee-8b26-679bbdbcfcf2,2023-10-19,371.77,Electronics,Debit Card
c100b7c6-1742-4247-b5a2-a5182e6ebe82,d6d29853-66c4-45e4-8667-162024ff4f6e,2024-02-16,164.82,Home & Garden,Debit Card
b836eea2-4914-429c-af83-8f51b24a8a5b,4af094f0-216e-4e17-8091-e97dc037eaa7,2022-11-16,489.79,Automotive,Debit Card
e9cae5d3-0e6e-4f3d-95db-26bb00753913,24db8c3a-c9cf-40b4-b69b-556bf06e1fe2,2023-12-12,228.48,Uncategorized,Bank Transfer
2ff0e505-c81a-4d59-8cb4-0f9fe40c0464,6458c89a-09c3-46d9-be1d-c022efb32d30,2024-05-31,685.13,Electronics,PayPal
ec58ff99-ede4-4b51-8b0c-efdbb61275a7,65520cc1-c798-4024-9caf-e1f893ef9cac,2022-11-18,184.02,Health & Beauty,PayPal
01264132-b542-471e-ba65-038975091843,0d5fc36a-4fe1-4c0b-9eb9-d4e382c886fc,2023-07-31,389.67,Automotive,Credit Card
0fb44d2e-abc4-4ada-8b93-d376da47e3b0,6a5413a8-40a2-476f-a667-ed2a602e3f96,2024-06-01,179.93,Automotive,Bank Transfer
086370e7-8884-47d7-89b0-776401a43e1c,652636b6-5c72-44e1-aefb-6adce412ee75,2023-12-05,0.0,Electronics,Debit Card
6cc1eaef-8496-4485-af7a-9812ccdac060,13b4f5d9-c42a-483a-8e8e-d0e45da688b7,2022-10-30,191.55,Health & Beauty,PayPal
999ad741-dfd2-46fe-afcb-7d1a3347c5c1,c718a192-92e2-4ab9-906f-81829d4c8172,2022-09-04,141.31,Health & Beauty,Debit Card
eec67dd0-87ec-4eab-8ed8-0f6bf5470c49,46c6ab77-7c7f-43c1-8cbb-3aff2de37a1b,2023-03-17,706.83,Home & Garden,PayPal
36b20be9-b317-4467-9456-27ce780f76fe,4181417f-50da-4b7a-882b-1a148cff3ac4,2024-04-13,76.61,Clothing,PayPal
868a390d-9cf4-4a35-b48c-4d2db6412b96,6b716f86-cb48-40de-a91d-d29270d663fd,2022-12-11,451.05,Health & Beauty,Debit Card
c085dc18-db0c-42ea-ae6e-0b3839bdd767,83b3d19c-6adb-4893-be8b-40f3e69e7e05,2022-11-29,436.8,Clothing,PayPal
8af27e3e-6225-43a1-b3b5-9a838531c97c,a3149ded-e237-4237-ad01-82f78f1e7f9e,2024-05-06,526.05,Automotive,PayPal
c655d6d2-58ed-4584-a015-4f280e2c192f,593413a4-ef36-4d60-b06d-0fd911bca581,2023-12-04,290.53,Electronics,Debit Card
68a177b8-97d6-4f8e-b9c3-d328f99ae6bc,c8a316f2-434f-4f65-8338-893d6df0fbc9,2023-04-30,436.53,Health & Beauty,Credit Card
c9c2a3f3-cd4f-4b17-ad7c-69fbccc2416e,c6ed463b-102c-42b6-b7fa-f14e8a52e889,2023-10-07,637.29,Uncategorized,Credit Card
0ab0e741-f4ad-4d82-92c4-b5055b5c5549,61ffb101-e872-42b3-be66-59936651e256,2023-09-21,238.38,Uncategorized,PayPal
9f682ebb-dc68-4d1a-a83a-4b1f74608578,fe4f4908-bece-4dd6-908b-9a0a84b9e117,2022-09-05,204.79,Health & Beauty,PayPal
521d871b-7afc-459e-b79b-9fa07501277d,1fd17e1d-d431-4b54-bd94-710eb07244e2,2023-12-04,489.79,Electronics,Debit Card
c18592c2-7f7e-4f3b-bc5b-2210b007a8f5,e5a6999b-34d3-4ab8-b894-430ac0e4daad,2023-11-15,48.51,Health & Beauty,PayPal
f0d87968-72cf-4817-b871-c8812a52c570,b290220b-0482-4d15-9db7-ff19138e23f0,2022-12-15,235.48,Uncategorized,Credit Card
378542a7-dd80-4639-b411-6a2fd45e9852,a9b6e7ed-91cc-461d-96be-7a5e4c312812,2022-07-16,489.79,Electronics,Debit Card
29b0d097-a024-4afe-9b54-cce47df42f6c,586c63b8-d8a5-4004-b5a7-a80dea51b57c,2023-05-19,278.73,Automotive,Credit Card
b01fc0f2-d8a1-47c1-a96f-5a9e8b2870a1,2c8a8971-f00f-44b6-93e4-6a4876e0389c,2022-11-05,489.79,Automotive,Bank Transfer
6cd42d95-7e8b-415c-bb5b-e083adbf74a5,56387f99-f7bb-4fd9-a676-3698a3c60d89,2023-05-24,944.44,Health & Beauty,Debit Card
fca77c16-5fd3-495f-bb00-a5c961504e5a,947586df-128c-43dc-8f57-8d2326437996,2024-01-06,429.2,Clothing,Debit Card
256c49b7-534c-463e-921f-3a43d55c0203,cfae19fa-9075-42ba-a1ea-6ff1ee545dd4,2023-04-25,271.59,Electronics,Debit Card
3c14e099-dc0a-4772-ae2d-524e33d81033,5d16d62a-503a-4364-820b-1a946f3af826,2024-02-27,13.6,Clothing,Credit Card
f56e56b7-bbde-455c-b570-61cd2005b4e4,f99eba1f-0092-4487-b753-9fce61e0ca26,2023-02-05,-100.0,Automotive,PayPal
66b56399-002c-42e1-8266-8c3e96e4a22a,2fab602a-d2e3-4a70-8dd7-8e9fa194ee2c,2022-09-14,894.62,Electronics,Bank Transfer
f6db05bc-e9ff-454c-983c-fc4a7fd13323,7f21fbe5-58be-4d37-9184-97c64c8cd5c1,2022-09-23,437.72,Electronics,Credit Card
0ad25f2c-6c04-4af7-8672-475375387a4d,0159db4d-229b-442f-a6bc-09229c2711c6,2023-06-02,31.36,Health & Beauty,Bank Transfer
f8c0198a-5f47-4bbf-b9e4-e8a4dbf4380c,99313785-10f7-4eda-bedc-1b9d3829af31,2023-09-06,62.83,Clothing,PayPal
9af03c6f-88de-4f43-9bc1-445104c6894b,3de6516b-4ac5-41a2-b622-fc8213d66060,2023-05-22,154.29,Clothing,Credit Card
a9afbefb-532c-4572-94ab-257bdbd4ca08,b798aed9-c97c-4105-afe7-42d31748e72c,2024-03-22,603.95,Electronics,Debit Card
9d25a4c2-9323-4df8-ab97-dbfdc89c7ee6,94f1a580-76bc-410f-82f9-b5b6a1533809,2024-03-13,965.56,Electronics,PayPal
c542f337-bd14-4d58-8ef4-e609830bf5c1,8d4e4bc8-818c-4c97-be9c-117537abb9e0,2023-04-02,153.02,Automotive,Debit Card
bdfb63af-d1a7-412c-8d2d-f80f6a26420f,5309390f-7465-40c2-8940-364c95e957ed,2024-04-16,993.7,Home & Garden,Bank Transfer
8ecb60d8-2993-4586-b0cd-41309f3e559b,390accbf-c794-4daa-893e-44b0900a72af,2022-10-28,742.26,Automotive,Bank Transfer
df8efbc2-afb8-4036-b764-ec5d26891ca3,1a48c38d-43c7-4db8-a3a0-29f6ce5a46d2,2022-09-06,970.59,Clothing,Credit Card
86f62a9f-e0c9-4904-a196-65218dc5cea5,8d70155c-ac55-4532-8f41-784f16205380,2023-06-27,488.23,Health & Beauty,Bank Transfer
65ebd3e8-3032-46c7-ae26-8fdcca6aae96,78645f70-c28a-40b7-9b9a-909ea57192ca,2024-04-29,232.98,Home & Garden,PayPal
f6cab49a-a8b5-42a8-92be-42e200212268,31e87b41-b066-4b3d-a231-27394c4ca557,2023-07-16,299.8,Electronics,PayPal
40b91e2f-7da8-48ea-97ec-f623cd22268f,796173f3-ebed-4816-9a17-33ad7f242c27,2023-01-07,209.46,Uncategorized,PayPal
a19141a4-b574-4bdc-a9b4-c05e8b2519f7,952adac7-c15e-47f0-ad86-aeb2205bea77,2023-01-01,34.0,Health & Beauty,Bank Transfer
0fb0bd8b-df5e-4029-be1f-b861d1ded562,0b6ea1ce-6fd7-43b5-bf19-283543f1e314,2024-03-09,55.69,Uncategorized,Bank Transfer
4702d3fc-a279-41fc-a3e1-9a643f76d8c6,84b895da-7e53-45c8-b449-89281eb4ec28,2024-05-24,289.95,Health & Beauty,PayPal
e7c7f991-9b89-485f-b2e1-216ac5c661a0,06c3e20f-8aec-446a-9153-cd00a88ac1e2,2022-12-23,489.79,Clothing,Bank Transfer
a8f82019-5586-46dc-87b2-3660e80ecd7d,09c6ac4d-2da0-4d56-8765-8c5cb8861997,2024-01-16,678.55,Clothing,Debit Card
f3387277-5484-4efc-8654-296b842463b9,2f40555a-864c-4fb4-a43b-a83a6a0b4c8e,2023-10-07,917.13,Clothing,Debit Card
0c4b59d3-f907-4240-8849-6d592af9f7f6,38b3df08-515f-4fc3-b517-b068d824248d,2023-07-26,876.04,Clothing,Debit Card
a27c9e64-5b69-40df-b523-2359497a0c00,ce23e0eb-c5d5-4eb0-8134-bc75c932c58f,2022-12-05,989.13,Home & Garden,Debit Card
856080d7-84d9-4b62-8824-4996673500b0,e796c3d0-57c5-448d-9048-4519fd7d9744,2023-04-04,998.13,Home & Garden,Bank Transfer
da8ca11e-3b75-42ed-9526-b7d5d6cfdb79,24aaca4f-cf9e-4915-8b91-3aa08df9f690,2023-04-04,396.75,Health & Beauty,PayPal
99220a1a-25ed-41a2-8156-541ea6ae971f,47b7d9a4-9566-4ac9-a80f-3c3e59a20d26,2023-03-12,127.15,Electronics,PayPal
ccbaf8a3-c12b-46ad-a994-dfbe60858b24,62160055-725b-47b4-89d5-dec5160cee40,2023-04-26,717.79,Automotive,Bank Transfer
8f61e984-4fa5-4941-95ee-e42c92758e02,55c9321e-2bfc-409c-822d-c10aee973cf0,2024-04-11,595.64,Clothing,Debit Card
7689da74-95f4-4977-a528-968d6e64235c,086182a1-f479-419a-9945-1741fdd59cb8,2023-01-12,543.74,Home & Garden,Debit Card
267bca9f-cc78-499d-9f07-a52a638c5d8c,400a77b3-9901-407d-9eff-77519e016a7c,2024-04-15,961.44,Health & Beauty,PayPal
7c31f87f-62b5-465d-aeb5-76d253d559eb,31d41f19-548d-48eb-bd31-513c084db798,2023-06-05,22.18,Home & Garden,Bank Transfer
9e5a62bf-b2cc-4743-b266-252c16a36f83,47ae8a05-513a-47b4-a769-478ef76d5132,2023-01-21,913.55,Home & Garden,Bank Transfer
840c5cf0-3fe7-40ee-8f3b-08c7c0dad3d1,51eb4e4e-1ea9-447b-94df-2cc74ba8edfd,2022-09-01,246.88,Home & Garden,Bank Transfer
42c67723-2085-4d2e-b237-fbfdfbdf9f3f,cea8223d-7a2f-4950-83b7-556ace66bccf,2022-11-02,149.37,Health & Beauty,Credit Card
14a794f8-2099-4aee-97e4-bdd3899994c6,f9f4580f-b675-4088-ab44-c1456fdb5cec,2023-08-03,752.09,Health & Beauty,Debit Card
f3f8dda4-749f-4890-b326-8d71bc938f73,f78aef6d-60d7-4ef5-a0ad-22e6e5e13e97,2024-06-19,151.49,Automotive,Bank Transfer
0d54a00f-7e0e-45e3-804d-5a43044cfa0b,3a4beabd-c42e-4d8c-955a-0a9ac654ffb0,2023-04-25,847.98,Home & Garden,PayPal
472dd3d5-946e-4c40-804d-110cc6faae1d,ec90ebcf-e212-4a39-a2c5-f40d6adf52e7,2024-04-30,749.94,Automotive,Credit Card
ae828d06-d474-4ec3-9327-0662508c9e6e,8cea5e5c-30b1-45e3-bc08-80bb853ab415,2023-05-24,786.57,Clothing,PayPal
6cc1eaef-8496-4485-af7a-9812ccdac060,39bfbc39-b9e1-42a1-8a0b-e9428dd0efcb,2023-05-16,104.07,Health & Beauty,Credit Card
78bee088-4d98-4eaf-ab74-cac78e41e898,51e72880-e8d7-4c7b-bb60-37e459dfd265,2022-10-29,464.46,Health & Beauty,Debit Card
fa34c74f-0db0-4879-9d53-d079f93b924d,96f419dd-22ab-4567-93d8-783ed48ba1e9,2022-11-08,973.75,Home & Garden,Bank Transfer
6ed32b2a-887d-4e4e-babd-2d6392fa060e,cedd31d6-7c32-45bb-9107-065a2e3aa6ba,2022-11-22,967.05,Clothing,Bank Transfer
929e20a0-f1e7-4130-ba19-3a420f2311ac,7f413cc7-3f24-4a32-9e14-ca060010707d,2023-03-04,870.46,Electronics,PayPal
808bfcb0-4e84-4357-8c71-5aca60952a06,65398f70-3bd8-43ee-91f8-cdbbe9d69287,2023-08-25,489.79,Health & Beauty,Credit Card
61566b24-0de9-47bd-aadd-0650b9646191,0924a23e-bb27-42df-ad35-f82f2bfde54d,2023-05-18,899.08,Electronics,PayPal
5cdc991a-892c-438b-8eb2-36454910a1a8,6678e896-43fb-4987-a1aa-60e16dab9e96,2024-03-17,135.31,Electronics,Credit Card
152fca0f-9095-4702-a079-a6a39a1ae04c,1a03e5ad-387c-42ba-9f6f-c703ec852254,2022-09-17,894.06,Uncategorized,Credit Card
41846ddf-f6d1-40ef-952b-652f8904d6ee,b39e827f-9a79-4d39-9c50-4b1357c3dc4e,2023-05-14,934.7,Home & Garden,Bank Transfer
ab87ecef-f7ea-49b0-8c50-c31442ad5c46,64138a25-3a63-41fd-aa81-f74231597191,2022-12-04,-100.0,Home & Garden,Debit Card
30ac13c2-740f-4650-a33b-2fe3c5a6adc2,d3700628-ce97-4994-8568-ef86ace0bb53,2024-04-01,489.79,Clothing,Bank Transfer
6685f2fb-41e7-48e5-80d0-8da360b791f1,9da76e9d-3804-49f0-96b4-056217265890,2024-05-28,489.79,Uncategorized,Bank Transfer
c9158142-8cc1-452d-9c32-5760943ded3d,6cf9b3d0-bda9-4486-8d2e-88522a19b40d,2023-02-10,822.19,Clothing,Credit Card
cfd54725-4901-4a70-862f-2da2113346cd,eedac967-3fb2-4523-aa67-88af093ced6e,2023-05-17,156.93,Electronics,Debit Card
1019ccad-cf57-45a4-935a-55a717cb0b19,e855a61e-85b5-46a3-ad7e-7fc0b3f85efe,2024-04-26,985.87,Health & Beauty,Debit Card
c955772a-d585-4042-9a3c-1409ac7f5a49,d4014e6c-4163-4f38-9b6b-8fe22975bce1,2023-04-02,37.17,Electronics,Credit Card
60b4f94b-9fe0-4851-82ea-64d10af847b8,20addce4-f624-4693-90de-1d92e0958be8,2022-08-30,498.05,Automotive,Debit Card
92d8fe98-faee-46c1-9fb3-b860fe226236,59b68b39-1f4f-4f40-9879-e745418364bd,2023-03-26,19.15,Health & Beauty,Bank Transfer
2172c7bf-0780-46ea-b512-112eff96c8c9,d8c8badb-0dcc-4c49-9a0d-edfd3f097983,2023-02-01,839.27,Home & Garden,Bank Transfer
7a2a204c-45c6-472b-81e1-3fcfdcaef417,3042cd0c-0a1a-4104-8313-0d3c6a5ea043,2024-01-05,660.43,Home & Garden,Debit Card
cd733ffe-4726-4d32-b2a8-06a86d0dfa20,4d36e0c1-8761-4703-9fce-e3219a7a4ae9,2023-08-07,888.24,Home & Garden,PayPal
18c03691-9a7c-4711-81f8-01d06c1cae4b,8a595516-776a-4300-a752-6c77968d2804,2023-12-19,371.95,Electronics,Bank Transfer
574f65fb-c9a3-49cd-87c0-c6beed1d13f2,88ef51ad-7314-4914-866c-9d74a0e61bf1,2023-02-10,934.74,Health & Beauty,PayPal
54a57437-221b-427f-a8ed-3c7bb3530388,0bb8b91a-122d-4199-87bb-19285088d42b,2023-03-29,489.79,Electronics,Debit Card
3d921b43-7411-4048-a294-c1f40ff81a30,29f3f7cc-0df8-4ab1-9b7e-448a1a16a58a,2024-01-24,942.71,Home & Garden,PayPal
56a1a6d5-3e94-4e3f-aa56-2d6c0dcad380,f7ee786b-9cfb-4af1-8dfb-3113bc11c86e,2022-09-19,471.75,Home & Garden,Debit Card
e8de7d84-5ca6-40a2-8b3f-27cda500b8d9,115263ea-ce07-4348-9f16-2ec3e851e7cf,2023-12-19,10.9,Clothing,Bank Transfer
4a8ebbc3-f442-46ee-ae83-476b6767802c,fe7aab54-fb14-4ca1-a96f-a1db19d1494a,2023-11-18,74.25,Electronics,PayPal
1f5c5adc-e909-470d-b426-2e128b353d04,5d241d88-45fa-44dd-80e3-5c541581498d,2022-09-22,473.81,Health & Beauty,Debit Card
e4f5c19b-60e0-4e10-9735-88d05adf0667,1db4ac9f-31f0-442b-b027-f0d8df2273a8,2023-08-27,823.58,Clothing,Credit Card
5304fc02-34ca-4162-9284-3b42e90f3bce,321e3e27-da76-4319-bacf-a44fe11040dd,2023-09-18,751.04,Automotive,PayPal
88efac91-e005-417f-bc9e-57a5deb7f746,4068de4e-f367-4470-ba76-81a884b95dab,2023-03-17,836.35,Automotive,Credit Card
4daabb30-a613-4170-bdb6-b79e45d9856b,92af329c-f3d5-4397-b059-397c5e707113,2023-11-28,593.64,Electronics,Bank Transfer
eeebfab7-8917-4eb2-a187-fae698d2978b,3e5ef5e2-63ab-4a0d-a97e-cdfd6d58fcf6,2023-02-20,304.47,Uncategorized,Bank Transfer
db10c135-1080-4fce-b653-d5a5fb572fa8,adbe44db-78ec-408b-80ad-e119e0f58123,2024-05-13,-100.0,Home & Garden,Credit Card
a77e68ea-8cb4-4b08-870b-194dc3331752,5c2cb35b-68e8-476f-b55f-1204efa4976c,2022-09-04,614.63,Automotive,PayPal
9e68d26c-7772-4fa8-a1f7-50c8c9c1db86,18a7b5d1-9ae8-4c8e-b32c-5b1272470d4d,2024-03-14,811.4,Automotive,Debit Card
2c7c61c3-3657-463a-aab2-a2d355e884f8,029d10b6-4f89-478d-85cd-0b076e5befbe,2023-11-08,111.45,Electronics,Bank Transfer
768b95d6-378c-462e-8d70-22c41d6c65bf,fb6540b9-56f5-458b-b233-d58695340323,2024-03-16,289.46,Home & Garden,PayPal
02a9f067-33aa-4b23-ac8a-a3ca458ccf65,ef7e21e4-650b-4656-89cf-b2cfe2647d2d,2023-04-23,347.7,Automotive,Credit Card
6eb52152-bea9-4906-9613-02a2805ff837,e5da2042-025d-4920-809c-44c383cc4b07,2024-06-24,231.44,Clothing,Credit Card
41d08007-2bf4-470f-ad2d-97a972abced6,2273ab61-a391-4666-b47d-1eceedb608c0,2024-01-24,496.26,Clothing,PayPal
63761a52-e454-4701-a01d-6255d2d15895,21e43f66-a2ee-4fbe-be6b-c9d1f4070402,2022-10-13,317.62,Uncategorized,PayPal
ea7308c9-73f0-4539-8139-b12ecad3575d,d1dcbebe-d83d-421d-9217-b88fdda25dc1,2022-12-29,550.02,Automotive,Credit Card
d64b0c8d-1831-4b29-baa2-08c4d5c3a0f9,fe135c27-b2d9-460c-8d30-114c6b61816d,2023-11-25,466.09,Uncategorized,Bank Transfer
8a1b714a-0592-42f9-bdc0-e7d67163f3f1,f82c6c09-9c70-408c-a67b-20d411242002,2023-03-12,489.79,Health & Beauty,Bank Transfer
157d8d81-ca3d-45fb-8c15-cc19680d123c,b4ead807-2b79-49c7-a190-c03a47988b26,2022-09-23,585.87,Clothing,Bank Transfer
fe652a6b-df5d-4a14-99e1-3d1bc3d4aba9,f1f2aee9-be7d-429c-96c8-7202c6439315,2024-06-17,507.96,Home & Garden,Bank Transfer
4eed01a0-3f24-46c8-b919-432410150ff6,b590bb5a-ddc5-42b5-bf1a-cc4f454a4245,2024-04-18,248.46,Automotive,Bank Transfer
78eb8c8f-ce31-4585-8c1e-7bc7943f3707,d680384d-e462-40cd-82fb-d0092fb2793f,2022-09-22,731.56,Home & Garden,PayPal
07ea2879-d2f9-49ab-935b-d5d2e21ca816,57cc34e7-fd48-42d9-8960-c1fb1909b5e0,2024-04-24,633.91,Clothing,Bank Transfer
92ad692c-6e50-43bd-b47e-b0606ce6e802,5ba7cf0c-ac45-4385-b9f8-17d6ba685678,2023-10-01,145.81,Health & Beauty,Bank Transfer
6f27b068-88f5-4889-b7c4-2c78c9003846,ae9fe577-c214-4119-947a-c80e9c5c49a9,2023-01-15,999.86,Electronics,Credit Card
0245d7a4-69b5-4f4a-9685-7fa4b60bdae6,c2ddf763-d597-471a-98bf-011e5ad933f2,2024-02-19,642.26,Electronics,Credit Card
10b5f508-60ed-4894-9d2d-f0150493849f,0586be69-5828-4821-afea-cb2fe6785245,2024-05-09,546.84,Home & Garden,Bank Transfer
6cd42d95-7e8b-415c-bb5b-e083adbf74a5,c40995d4-38bc-4e6a-9c87-c8e2cb72dce7,2024-01-08,179.83,Electronics,Bank Transfer
9f6760d0-6b6f-4ed5-88da-74787fcfa14b,f4a363cc-ccc5-41d0-ae3f-36ba943d325c,2024-03-31,714.93,Automotive,Credit Card
93f43999-e91e-4e6b-ae65-8514ada12ce0,b00758a6-b40f-4747-9d05-7caeb4cb494f,2022-09-29,560.09,Electronics,PayPal
1ccb71e6-8f53-423f-808d-a2023aa0c5a8,8ba90acb-a0a2-488e-bd60-677aec340cd6,2022-09-20,55.24,Clothing,Bank Transfer
09b36d20-6a6c-4193-be8e-ab31ad7d0e84,d13d9746-ffe9-41d1-825a-5aafd0ad541e,2023-03-15,612.51,Clothing,PayPal
a9a3ce5a-1459-428a-b461-2ec4611ffdcd,59379e1e-8445-4214-a8d0-81c61de739d7,2022-09-09,489.79,Home & Garden,Bank Transfer
0ece51e3-e19f-4a06-8f1a-43d7a4e4cbe9,eaa0c0dc-ef23-4b1a-9a90-0e358197b52d,2023-09-24,489.79,Clothing,Debit Card
1fbbc3ad-d48f-4e64-9ef7-4e58277af29a,a7e2384a-9efb-4519-aa01-683daa01d6e9,2024-04-14,489.79,Electronics,Debit Card
70094f12-4aa0-47b5-89bb-809b7c091507,bb6bdbf8-51d7-4a81-98db-32318b95470a,2024-02-26,625.12,Health & Beauty,Credit Card
a33b4c6b-8873-48ff-8d29-33f3a3b64251,85695256-cdf6-46e7-8853-7feef8bdc07f,2023-03-25,330.91,Home & Garden,Credit Card
59ea89e2-a155-4538-8981-9705c6f451ab,7016bb56-0e7f-4714-bd37-fc60f5a50f58,2024-03-13,228.16,Automotive,Credit Card
a8f090f4-9647-49e5-9bc0-06203eaa301f,fb2de4db-3fbf-43ee-8153-0de71b0b8abd,2023-12-18,974.79,Clothing,PayPal
b01cf495-5ea5-4cb7-acd3-b2c1e6983959,2b0c7fec-ff0b-446f-b4da-93a26443d58e,2024-05-26,926.41,Automotive,Bank Transfer
ea9c6ace-9cbb-43fa-a98f-7825fcc7508e,c7c1fda9-80d1-44d6-9f75-a05ecf3cf21f,2023-06-13,258.05,Home & Garden,Debit Card
72aec0bd-fd32-472c-9b49-055bb88e33c6,4c498caf-772c-4ae9-860d-de41df2349cb,2022-12-31,754.17,Automotive,Debit Card
153db56e-c750-4137-8435-d4f0544281a3,bbeb9232-6c3a-45c9-a3ec-efc171498155,2023-03-23,867.37,Clothing,PayPal
e06f0e16-8e48-483b-b103-9f105b139ca8,983162b4-b06e-41d3-956c-2c3eed3cf6c4,2023-08-18,489.79,Home & Garden,Debit Card
911002e8-a300-479d-8c88-55fda909d449,29a55cee-0fd9-4542-ab95-bf8f3ed794d5,2023-07-19,489.79,Clothing,Debit Card
eec67dd0-87ec-4eab-8ed8-0f6bf5470c49,a8276bd9-f20c-46c1-8c69-6863b638957c,2023-11-06,172.99,Uncategorized,Debit Card
4090ba85-b111-4f75-a792-c777965f5255,04edc4fc-1565-4a82-af75-5b5caacaa9c4,2024-06-27,138.72,Home & Garden,Bank Transfer
cd4d3f5a-a57a-41f5-93d9-23c3bb7023ef,483126d5-082b-468a-b359-7a0cc66caa93,2022-09-02,881.06,Electronics,Debit Card
8414f142-72a4-4343-9afd-48c4333bfda4,91f94871-ed00-4b3f-8a2c-20f811460bb5,2023-12-29,627.97,Home & Garden,Debit Card
2ff0e505-c81a-4d59-8cb4-0f9fe40c0464,36add9cc-1f62-402e-97c1-0f1b001df213,2023-08-17,498.88,Health & Beauty,Debit Card
0829ffb0-ff21-4427-8d2f-ac951aadb25d,1c54676b-9f20-4c85-936a-dd60d3ba54b2,2022-07-04,463.57,Home & Garden,PayPal
4c1adb6b-6585-4824-aae1-a9e7f95ec785,72aed78c-83cc-42d3-bc46-f028db5f085a,2022-10-04,864.24,Automotive,Credit Card
5050eefe-2392-4d18-b4b6-913d42b9f62b,75c70adb-0f54-4172-ab29-c14b89231412,2022-10-31,437.14,Health & Beauty,Debit Card
1c77cb4b-2e79-4201-90a2-f9794dd4328e,85636b5b-ead5-466c-ab91-025defe90ee4,2023-10-11,59.06,Clothing,Debit Card
6e820fd4-83e9-41c3-8c2a-4c39b93d9a22,7d2276b0-cda9-4a28-adc9-9792d62e1a98,2022-12-19,724.64,Home & Garden,Bank Transfer
71904c78-c815-499d-8289-88ae7c89883f,a51a4af6-4d51-4418-af1e-26a574709656,2022-11-28,767.64,Health & Beauty,Bank Transfer
603730a2-0f6d-4d3b-a760-39db03ab01f4,0e7ad81b-4edd-4347-894d-d322df20ea61,2023-03-09,432.46,Health & Beauty,Bank Transfer
6c0120b7-486d-460e-b11e-6c8b6dc4770a,7ef39e09-1186-4193-8400-9a8057e34b41,2022-11-10,465.32,Uncategorized,Debit Card
0770e254-efc6-46f6-b0e4-27dec5175da3,8514c129-5f7a-4b43-8b71-85e4c6496daf,2023-12-04,129.09,Automotive,Debit Card
9207fa75-5758-48d1-94ad-19c041e0520f,504a03b0-294d-4e3c-9bf7-46935ba6c47a,2023-01-22,489.79,Clothing,Debit Card
01968dca-24a2-4e04-86f9-f2de71066e03,3bef54d6-8345-4743-9e81-205419f4fa93,2024-05-26,307.17,Electronics,Credit Card
e1787f8a-3681-477f-92bc-c76f56f14bc3,41c2603e-fa3c-427b-8aee-90f13fd2dd37,2024-05-02,917.9,Health & Beauty,Debit Card
d64b0c8d-1831-4b29-baa2-08c4d5c3a0f9,6c47f481-3a5c-49bc-ab1d-2b198394b2e8,2023-06-20,489.79,Electronics,Debit Card
bd90f5cb-05a7-40f4-acb1-eedf48b58ffa,5d9e7953-1314-47e6-80fb-e1a416ddd755,2024-01-19,344.5,Clothing,PayPal
6e623356-5088-4f02-afdd-dbe6bd948d8c,e54312e3-61cf-4355-97c3-f95212650eb2,2022-09-07,744.54,Home & Garden,Credit Card
481bcc62-9dcb-4766-bbdd-79f5554d73f8,f9cdb10b-2e40-4df2-a7c4-3614151587b6,2024-04-11,489.79,Electronics,PayPal
153e984c-d96b-4749-b0b5-ca0f7490a048,270defdc-6b34-47f6-b7cd-6395f5e16cc9,2022-07-13,839.41,Home & Garden,Debit Card
03fac2e6-f130-4cf6-b8b8-2f147c2fe60a,49fd87f6-e44a-4ed8-8bb2-b47cfd5fdbbc,2023-10-15,175.31,Automotive,Bank Transfer
694564e4-e52a-41bc-b076-53100fb5b3cd,3292fdfd-806c-4226-bfed-4649f18ad018,2022-07-05,758.18,Automotive,Debit Card
852cad8e-ef1b-4ed3-9221-4b31bef6af6d,81868dd4-4fa9-41ba-8247-4c694a9a7221,2023-12-02,953.98,Automotive,PayPal
a808b2b2-0be4-423b-abec-24068d450f73,6c06386e-5516-4200-9a75-404d9ebef796,2023-01-30,381.46,Automotive,Debit Card
4f6d0e26-dbf8-4abe-8b06-083acba71564,9fb2b17b-1c46-429a-8823-34d0233b82d7,2022-10-18,475.26,Health & Beauty,PayPal
1f31b312-f00d-46ba-a83b-586ebeabc72c,7b1b2d20-0366-40a4-a737-cfc9e151553f,2023-06-28,682.97,Uncategorized,PayPal
a87a1b5b-ab0d-48b6-b671-fce5c284fe45,2c35ba41-3729-4dcd-992e-0be34975cd2d,2024-05-18,460.39,Clothing,PayPal
9e879ea8-cb51-4d8d-9e63-0d9464959be4,3d65cdb1-a67a-405c-8a4b-3b1cfc9fb97c,2024-02-14,194.72,Clothing,Credit Card
d64b0c8d-1831-4b29-baa2-08c4d5c3a0f9,6daca0fb-b7f2-41fe-9d8b-79ece0e426ab,2024-01-05,58.64,Clothing,Credit Card
11227dc2-7920-428f-93a8-4595cc1fe6ca,b303a361-eabe-42fe-baa3-13d9c0b04dc1,2024-05-03,906.76,Home & Garden,Bank Transfer
c5537a33-a4c2-4e97-b439-a4d59e2baf6b,6f50ec04-0a4a-4018-9f5c-d476b092f858,2023-12-23,99.66,Automotive,Debit Card
eaa372ee-4574-43db-adb8-8bb3e92226e1,07851043-8b10-4699-939a-aff54bf2851c,2023-12-26,511.36,Health & Beauty,Bank Transfer
c730f890-8def-4e02-a90a-f76b014f521b,caa8470e-2278-4254-a8ae-84fa099bcdb6,2022-11-01,841.42,Uncategorized,Bank Transfer
dd4e5e8e-d439-498e-bea6-54340350e5b8,79f11a7f-6bf6-45d8-8675-e4f78e86a4f8,2024-05-26,883.46,Automotive,Debit Card
f381038c-b3ed-4561-84b1-0f60d4afb6c9,253fa2d0-c346-4959-98c0-10b3a1087ee0,2023-12-10,556.86,Electronics,Debit Card
b22eb6bb-1742-4cc3-ab63-3b56ad1f8121,b988de4c-a2fb-4fca-9f98-c1ca897b2e77,2024-06-27,581.56,Clothing,Bank Transfer
0064a8b2-71d3-41c1-a46a-6eea56fdff91,e815b8f4-37d5-4236-85a7-1ed0dadd45e9,2023-03-28,781.49,Electronics,Debit Card
8a4e842f-affe-430d-81a5-15102e10eece,e6172db6-ab63-4f6f-bd28-6439e96cda2a,2023-04-15,10.21,Clothing,PayPal
ea9c6ace-9cbb-43fa-a98f-7825fcc7508e,5c41afd0-dbea-4956-ad19-c67db3adb792,2023-06-07,489.79,Clothing,Bank Transfer
7c7df909-aa25-48c7-af9d-6ebe714b28b6,eb26a4f4-5af2-4e25-b1f2-fd0de5583f7b,2023-03-23,50.07,Automotive,Bank Transfer
59e1ccfe-8f67-4f2c-8e4c-f1483df35ae8,e6d0dfac-f9c2-486d-b203-c6b74db2438a,2023-02-24,665.7,Clothing,Credit Card
1ffded5f-b38d-45b7-943d-4100779c3599,4c7ea309-a542-4fb9-bead-3badf7f404f8,2022-08-06,548.28,Electronics,Credit Card
e8a5fdb8-fcd9-450c-9635-e376266c8bcf,1d6d18b4-4311-4688-bf03-a8005953adb5,2022-10-23,574.47,Home & Garden,Credit Card
fdb81781-8071-4364-b074-dacc53de5284,67fe8c82-72f5-4acd-8e6b-70059bef1f6c,2024-04-02,552.37,Uncategorized,PayPal
a9a3ce5a-1459-428a-b461-2ec4611ffdcd,27548e79-d452-4c02-9c4b-590677b0808d,2023-01-07,902.13,Home & Garden,Bank Transfer
fd63f236-3ec3-401d-9fa1-53bda0bd7c0e,a4549bba-a146-46fa-89c1-61cd7832120e,2023-03-26,31.09,Automotive,Bank Transfer
00c15eff-8bcf-4d12-a5d4-992e45e3309f,b891a17b-034f-4ac9-a7b3-dc12b8729ff3,2023-11-06,100.29,Clothing,Credit Card
7982720f-fa58-47f3-b9cd-bdfd800d14e3,893674b7-bb73-44d1-a93b-5095d5f4919d,2024-04-30,22.89,Health & Beauty,Credit Card
253fa70f-a41b-40c0-8958-37f3b5e204e0,0a5da7cb-2474-4380-bf5e-10ac886b3440,2023-11-07,981.56,Clothing,Credit Card
d499e291-a5a7-4b2e-9a89-99c0a49da18a,0480e2e6-4e34-444d-bc4f-6e93bde863a9,2022-11-22,369.38,Uncategorized,Bank Transfer
1dca69a0-6e83-4bbd-a589-fb28890aeadb,2208c86a-90d9-4451-a260-5b9d7b1faffb,2024-06-30,741.77,Uncategorized,PayPal
752d0d0f-c234-44cb-b36d-8808b640faae,2949bc51-a008-40f0-9fca-1b7d5a98946b,2023-11-08,456.4,Clothing,Debit Card
aac57e67-f138-426a-8f26-c4620e29f4e6,a84c8a9a-ddc4-45f0-86ec-54e6143b0a3b,2024-03-31,955.98,Uncategorized,Credit Card
9dff89a9-fc39-423e-85d2-144f4e16c981,f74f39d8-ce0b-4fce-a109-ad89fb055898,2023-12-23,923.4,Clothing,PayPal
142d2fe3-3958-433b-a163-3899040ab178,474c1c1f-9c1d-46dd-9efc-bed0133da676,2022-10-02,806.38,Uncategorized,Credit Card
46471751-46b7-42f9-afbf-a02412e647ee,7a475497-2ee5-447c-ab7c-75e2a9e29395,2023-08-12,793.0,Electronics,PayPal
aae60ad7-5553-4d10-a637-93d5dcc98e4a,529c0e5b-1874-4815-be8c-6f2202725634,2023-07-02,116.46,Electronics,Bank Transfer
42f77824-a944-4471-836f-345ff12517bd,c890dc0b-b033-4c1f-af6a-0b7a78b9bfcd,2023-01-16,321.55,Health & Beauty,Bank Transfer
84eb0d99-5f2b-4fad-a39c-8794e94c25e4,b3dadb02-792f-4077-8e86-5bf07df336db,2024-03-10,159.61,Clothing,Bank Transfer
b3091754-e6f1-4352-adb9-1f4651c04d2b,8e93e0ea-3686-4090-abaf-277cfcd7a474,2023-10-01,602.51,Clothing,Debit Card
cd945724-5b93-44bc-8921-ad0c41af8ec1,bfcbbb79-c110-4a24-90a5-c1fbdad3708c,2024-02-12,910.09,Electronics,Debit Card
eebeecb0-6a24-488f-8f1b-b9b66e0652fc,cc9ff876-cdf3-42d7-ac06-fabb88fe609c,2022-12-28,508.4,Automotive,Bank Transfer
7a63603b-38fb-4733-bb8c-c4faa632ab0d,ada03557-5d2f-4173-bdf3-b85818115a53,2023-08-01,399.06,Health & Beauty,PayPal
262adfc3-44ae-442d-a213-2d3eb9e668a3,4b71184b-640d-4738-a434-237692ba8b42,2022-08-25,872.45,Home & Garden,Credit Card
768b95d6-378c-462e-8d70-22c41d6c65bf,49c50a4c-9046-4db3-b0c1-5d8582a5cc0c,2023-03-18,119.18,Home & Garden,PayPal
02b325b3-f763-47f0-8454-d8cb65fa1832,63ad4c2c-7171-4257-a458-77a39f4242d9,2023-08-31,422.23,Clothing,Debit Card
f969ee04-7064-470e-8e2f-b4ed0fc6d140,4028bedb-700b-43e3-8257-cee44d40b936,2023-07-12,733.13,Home & Garden,Bank Transfer
ec5770ea-d47e-4872-8e74-3c77c1fe8b3c,2400769e-174e-4c0e-9d49-8fb14273840d,2023-03-03,461.04,Uncategorized,Credit Card
34c73bdb-588c-4674-8c8c-a6f1fac456b0,7fda988a-246e-4688-a841-ce35a5771ee5,2023-02-21,489.79,Home & Garden,Bank Transfer
ecb9513f-fa9d-432c-996e-87fb80dc8827,bad309a4-afe9-450d-bcc5-0155b2ce7d1c,2023-03-25,489.79,Uncategorized,Debit Card
3814b8e4-cade-4665-86af-dda3e3628f17,292397c7-715e-49e2-ac5f-9792871787c6,2023-09-21,270.01,Home & Garden,Credit Card
56648514-9da1-42f1-911f-49b94b7038f6,ad18177f-5bbe-435e-b958-4c46b5f7e946,2023-04-12,46.29,Health & Beauty,Credit Card
7a7ebefe-7936-4e6f-9cf2-6e80c7d2d849,8c6eebb2-b44b-46f5-8392-fffbdbb6ad19,2022-12-18,316.67,Uncategorized,PayPal
ed89b7fb-0b0a-4e28-b086-538479d7cd24,4bb90aee-34f4-4313-ac4c-6d9874b5c906,2024-04-04,667.93,Automotive,PayPal
929e20a0-f1e7-4130-ba19-3a420f2311ac,3dbbbfd9-b47a-4ba6-b42c-f1009be9195b,2023-04-18,809.21,Home & Garden,Debit Card
7ebb1bd0-ca6b-4090-9351-c4793fdf4bfe,16e75b76-fefc-4a37-b9da-ee9758fed459,2024-05-27,748.67,Clothing,PayPal
68b5a27d-980f-409d-9b64-acc242c86f8e,e6c14640-dd19-49de-9eef-e9e046273e80,2024-02-06,489.79,Health & Beauty,Debit Card
7ff4699d-2b11-4c68-813a-d1ba122089db,c87b6e4c-5931-4812-b839-030e5d330273,2023-03-04,10.37,Electronics,Bank Transfer
6e1feeab-c26b-4462-ae4c-77ff8d6e5b35,dd64bcfa-0d82-428c-a2e8-5e9983175f60,2023-11-22,429.69,Electronics,Bank Transfer
9486f96b-071e-4951-a373-d6897109793d,cc0188a6-2420-438e-9125-7677d8d28419,2023-07-21,138.17,Automotive,Debit Card
262adfc3-44ae-442d-a213-2d3eb9e668a3,f0b785f4-7334-4309-8fe0-e69152fadf8e,2024-03-24,188.56,Automotive,Bank Transfer
fe4eace1-a485-45b5-827f-d8a3dfe9d92d,d2d4837b-b0ef-4890-805b-3a73cd947c23,2024-03-01,724.1,Health & Beauty,Credit Card
70b70bf3-205e-4992-a88c-02bf2ed1471f,cb582375-246b-4ccc-9627-a71b62663db0,2024-02-02,144.31,Clothing,Bank Transfer
8512b48f-4b69-4852-abdc-b0ca27953ee6,5104432f-964b-4dae-b658-d0434fee76d7,2022-08-09,779.36,Clothing,Bank Transfer
b14fcb71-e3f9-4cba-99de-f0e79d7ac5bc,aa4e89b1-3c90-4987-858c-e69c5784ef27,2024-01-24,753.04,Electronics,Debit Card
77280a9d-3fc9-4140-bc4e-b85cd5c7a8b1,519f279a-5e5d-4a98-8a28-6c04e66c62b7,2022-09-26,489.79,Electronics,PayPal
68afa4cc-e2d5-4150-b358-2e14e7508721,87459f1a-8873-450f-8b7d-ac4c7b41ba90,2023-07-20,489.79,Electronics,Bank Transfer
ed46f0b3-870a-41c4-b2c2-6a47937d394e,97af43f1-4fcb-49ef-b586-0a5ebbe42c94,2023-01-27,445.12,Health & Beauty,Bank Transfer
20e5c8e7-ee20-46d1-bbd9-638c6cfd2522,282a99cc-4fb2-4fd1-9505-960e6aa96dd5,2024-02-29,772.3,Automotive,Bank Transfer
c2c93273-8204-4385-8dd5-a277dc51989f,e35950ac-4af9-4456-9e1f-515e9d5a6b0d,2024-05-07,393.22,Health & Beauty,Debit Card
b29ddf39-3a1e-4a11-97fd-a2ec8ccf01c5,ea081cd5-55d7-45ef-b7e3-8966fa7f7d84,2023-02-28,489.79,Automotive,PayPal
322d552c-3a57-48dc-bfff-7804e35ab734,3b6e581e-0aba-4d4b-aab3-b27cb8ecbf9f,2024-06-07,265.78,Clothing,Bank Transfer
d2e46fdd-70eb-46dc-8d2b-f23bed09742d,2d0472d3-9bfc-4f2b-81fd-60b348abd5a1,2024-05-22,719.82,Clothing,Credit Card
f2ae0761-35fa-44a8-ac81-e607e89611ef,51d8ebd7-a0ad-4264-9912-3571aa8e04d6,2023-12-06,92.98,Automotive,PayPal
f50cdd04-dc3c-4259-aa56-ffbb357e0731,9cde5007-3979-420c-92ee-b0e20369727b,2022-09-06,528.73,Electronics,Debit Card
e76d99b7-f95c-416f-8d4e-5fe436a6414c,bfffdf8c-0186-432d-89ee-32f971cc338e,2023-09-13,805.51,Uncategorized,Credit Card
6fa635e0-d171-4413-a101-1b41e4831ce4,8ff1fbbc-cbaa-4d28-97d1-4addc2e97957,2024-05-20,108.74,Electronics,Bank Transfer
67d84891-1749-4618-889d-3f1bd6968ab5,16889389-bed7-420a-8111-ea1db2cf9b16,2024-05-18,489.79,Clothing,Bank Transfer
99462720-beca-4890-852e-79d16990f055,a848cfda-7695-4350-b03b-b26ed7f5a596,2022-07-11,601.52,Health & Beauty,Credit Card
20f360d6-65c8-4295-98f7-282d3a089d77,92c8a006-b903-4f9b-a2a1-d5f915edf7cd,2023-05-24,954.22,Automotive,Bank Transfer
b779c476-9543-44ef-b23e-72fd407bb706,87dd6224-a2fd-4d05-b79f-3f9f3354a5b6,2023-11-19,560.18,Electronics,PayPal
018be1fd-e482-4d3d-87b9-a425ae35c5a1,7d88093a-d5d1-4f57-b629-e6784a683a67,2022-09-19,970.11,Clothing,Debit Card
63a3c9cf-ac63-41a6-bf00-2f140f015fcd,4ab9caa5-9950-4f3b-a69a-09a9f00fd8e6,2023-06-12,489.79,Automotive,Debit Card
c39b1fb1-7f69-4631-9279-b8051420c444,540f24ee-870b-42d6-95d9-b9c485c6ab38,2023-04-29,489.79,Electronics,Credit Card
a182297b-e38a-43a7-bc51-572645ba843b,930ed797-f9f5-487d-9d01-e344f315dbfd,2022-12-23,489.79,Clothing,Debit Card
2da6af33-03ca-4206-9735-eaa16ed458d9,1498e2c0-9bb5-4420-80c3-cf8add6c344a,2022-10-25,727.06,Electronics,Bank Transfer
a7cd664c-e55d-4ed7-ab27-d368aa115090,f36937cb-8adb-47b8-b6ba-bd496d2bcabc,2023-05-29,901.84,Electronics,PayPal
a30b5c34-8a68-4d85-bc60-bf4d3885b983,3227645b-d344-4a66-a17a-001d33bfdfa0,2023-03-17,466.92,Automotive,PayPal
76fec26a-efb0-4bd6-9ea7-7edcdd03d080,aa574fdf-9fa4-4b0f-98ab-feea7d707b5a,2023-11-06,364.68,Home & Garden,Debit Card
1223fb41-781f-4bbe-95ee-cfc4163ff736,4e0c4fea-606b-48fa-b356-d90c0a0ec0e8,2022-12-10,963.93,Uncategorized,Bank Transfer
24c99886-9e2e-4b95-a28d-6a809ddf8447,d51c7abb-cdcb-4e00-b53b-cda00f1bb96c,2024-01-11,909.32,Electronics,Debit Card
6d34f2f6-7b86-438c-87a9-0d8da1151178,181ad5a0-fb64-470c-9e97-5dbd7a938afc,2022-08-01,772.63,Automotive,PayPal
5bb6126c-97a0-441c-95e2-3d962016c4c0,4aa4a3cf-5344-4cfd-96fc-3e6efc67afb7,2023-04-25,398.05,Health & Beauty,Bank Transfer
31e73aba-0e0a-489a-a00a-478f5d6b7006,b61597b6-e481-404e-91dc-ed4e2b777d20,2024-06-01,530.87,Clothing,PayPal
34e3f558-622e-4d6b-8d5d-07ab632e1b95,f4e68d91-ed87-407d-952f-cdeb281d09f6,2024-02-19,201.38,Clothing,Credit Card
83b8546f-50a6-4b60-8dfc-78004cc0076c,ed99226c-4baa-4fc4-afe8-13d753ace8a3,2023-06-16,413.0,Clothing,Debit Card
2c6e2999-a381-4ad9-9731-e53a746da9f8,0f4db805-65a1-4c0e-8572-3ace5f492c65,2024-04-08,349.05,Home & Garden,Debit Card
14845984-5bef-45d5-9c6a-daf55f287206,caf45743-fb93-4ada-8f5b-61acc50fa33d,2022-08-20,36.05,Electronics,Credit Card
09fb5363-5925-415e-a0b3-e47e07854481,50ca42d2-b052-4e44-85c1-3e6530e755b9,2024-03-28,616.09,Clothing,Debit Card
f288eca4-19dc-4cb3-87bc-082a146ab029,16ade59d-d408-4c0d-81b7-be87248ff74b,2023-05-30,528.58,Health & Beauty,Credit Card
97ee26b8-320c-4c59-9abb-62380716854f,4bfb63e8-d387-4ae2-8598-189eec4ec436,2023-06-07,500.31,Clothing,Debit Card
a4c9847c-dd0b-4b8d-83a8-c59968f274d7,913811d1-4eaf-4a0c-a93f-a2f6a531aec2,2022-10-03,99.23,Health & Beauty,Credit Card
5fb09cd8-a473-46f7-80bd-6e49cf509078,99917043-698e-4753-a1fb-61b4afdd4da3,2022-11-11,976.88,Electronics,PayPal
eb8bb3ce-e182-4a9c-8084-c55c738815e1,58876aed-6c8f-4bbd-8edd-1e94348238b4,2024-03-18,489.79,Clothing,Bank Transfer
705b6742-d75d-4f53-a4e9-231ba146f34d,b3c89bd0-03e4-4a43-be3c-50db2d3f9860,2023-05-26,904.06,Automotive,PayPal
d1604f83-72bc-4c5a-b280-e213dfec9cb5,c09b9625-6a23-44e5-91fb-a7792cd9c613,2024-01-16,354.5,Clothing,PayPal
b7b84b81-c61b-4f23-b3db-b18010484122,3dc9d411-9795-4b74-87ed-78c4d53adf0f,2022-07-29,598.06,Electronics,Debit Card
8f913b3f-65fa-4fff-b402-bff340ad86c8,e0c8f942-defb-4def-9ffe-ef8614773d7e,2023-09-14,714.51,Home & Garden,Bank Transfer
96f0eb54-ca26-4ec6-b15e-2d1263d5a701,9fdef048-6ffb-4e84-9655-db2c2c1006cc,2023-04-20,491.68,Automotive,PayPal
4b489d2f-44a2-4d1c-9792-2e4d392d7d74,6798e064-91c3-4a46-b5b0-4d691987d0fa,2024-06-15,986.35,Home & Garden,PayPal
24b043e8-6fca-4d86-95a8-837e0ca09072,13aa5f53-6445-4bee-ad62-84dc87734785,2022-10-24,469.75,Clothing,Debit Card
8496167f-5a05-4be9-bb1a-eaedcc0d9dc3,283f19d1-d1c7-4405-be84-571c52533cc7,2023-04-03,213.55,Automotive,Debit Card
f843cc6e-c50f-439c-a21d-041b211c07a9,adf9cbe1-6d38-457a-9276-3d16f1836d1c,2022-10-04,489.79,Automotive,PayPal
78a56fdd-06de-4fd4-8afa-c2d8043f69fb,7cc11ce4-3908-42da-aea1-1db77564d18a,2022-12-11,796.05,Clothing,PayPal
c31b7475-f089-4708-be02-df18e1348a5e,00551e9d-1010-4ebc-9b80-6908476d0e4a,2022-08-31,397.29,Uncategorized,PayPal
2d681a3f-2b41-4425-9f00-bd8231709174,cb1a0e7f-4a9a-43c8-b7d4-bbcc3517e305,2023-08-26,826.28,Home & Garden,Bank Transfer
32a4577b-4dab-4ee7-86d5-4d7599354452,0d27e259-00cf-4937-97c0-535dcd2b331c,2024-05-09,400.93,Health & Beauty,Debit Card
c36a8651-28b5-4f27-afd4-6489f5e0eeb3,5474d525-4745-4e7a-acc9-d88f96601b2b,2023-09-30,213.05,Uncategorized,Bank Transfer
1ccb71e6-8f53-423f-808d-a2023aa0c5a8,e4105300-4326-4494-8ecc-267319351d56,2022-07-01,377.09,Home & Garden,Bank Transfer
ee802844-8070-4699-b60d-3568a7d306b6,06222cb7-4396-4d16-806c-8957cfc58df2,2022-11-30,394.32,Clothing,PayPal
ff4af2f8-bdeb-4428-bb48-5cfe24faf272,6e1382dc-ed35-48ae-936a-567a496c2b9b,2024-02-17,583.17,Health & Beauty,PayPal
c74dc709-15bb-4652-9930-1c5f5897bfe3,c80ff38b-482b-41c1-8da3-ed094e253846,2024-04-14,489.79,Electronics,PayPal
0cb9ffd9-da09-4b10-8e1d-60d84889933b,7e637dac-896f-44d5-93bf-004084d1b2fb,2022-10-20,959.38,Home & Garden,Debit Card
663fe6ae-b359-49bc-841e-c3deb4a18083,1c5fee4d-f240-4602-b158-169f794814df,2022-12-09,238.94,Home & Garden,Bank Transfer
82c419c8-4291-4be3-89d6-cdf943ebc734,7e56568b-de7d-46dd-8d38-0660653a85b2,2022-07-26,861.73,Clothing,Bank Transfer
0305625f-6264-4666-ad6c-ae34df05d0d8,520b38c8-7d10-414d-89bd-301f515da02c,2022-09-01,111.14,Health & Beauty,PayPal
a1c13177-cc65-4fcd-adc3-db3047ed4611,b90d96a7-0639-4bd4-bdb1-4e4886b232ea,2024-04-26,463.52,Clothing,Credit Card
2fb831c7-4ce9-435b-959d-3f69e179a6bf,a295af87-bf37-45db-8e92-fd7eb8a448ae,2023-10-29,210.06,Clothing,Bank Transfer
36b20be9-b317-4467-9456-27ce780f76fe,38a60803-6e36-4b56-bb23-c8f28dde04a4,2023-12-01,820.53,Health & Beauty,PayPal
0fa8e686-b82b-419b-9f9e-fb274a3c4f87,1ed5b601-be5d-4120-9dec-945ef3901260,2023-11-23,413.75,Clothing,PayPal
d98a5116-3836-43d6-bb54-ffef96f9fd00,f42935a1-17f3-48c3-b473-c442f65ea1c3,2023-08-13,694.72,Home & Garden,PayPal
e624cc84-7f12-4030-8abb-b98de06fede3,1a97da14-fb2e-42d6-b600-423857fb7bf3,2023-07-18,695.44,Home & Garden,Bank Transfer
21098ed8-fac6-4727-8f0c-953365b6c837,a528f517-8854-4973-869c-094609d49a4c,2023-03-31,466.7,Home & Garden,Credit Card
8be98339-7564-43fa-b2b6-b273d36a5527,3885d97d-d852-44d7-807b-1986227bc582,2023-11-25,952.29,Electronics,Bank Transfer
5ab01e3f-1356-4a51-a50e-028992187cba,c6ea68a3-13a0-4362-a114-cd121bb4c001,2024-05-21,781.84,Health & Beauty,Credit Card
0319aa2f-f571-4a05-8947-bd9c7e4ac2ee,87f9decc-6bf0-495e-9169-c182a826c120,2023-11-04,534.06,Health & Beauty,PayPal
9190bec9-2cbb-4b52-b9e0-263afc6bc0b8,2fdb092e-63f4-4265-8509-47908e694926,2024-01-05,929.03,Clothing,Debit Card
e54d1219-b6b3-4b5c-8b75-62f4148c23b6,9553f1a3-7ff5-4ea0-a59f-ec6bad4ad99a,2023-07-25,403.85,Electronics,PayPal
a9a3ce5a-1459-428a-b461-2ec4611ffdcd,484fd3d8-4728-4128-a6a5-6df19dab492d,2023-11-25,440.21,Home & Garden,Bank Transfer
a8636cc2-6df1-45e7-9142-daf1a21618be,a5ca3d3d-3a51-4e69-ace3-5eb1657eec44,2023-02-13,987.1,Home & Garden,Bank Transfer
ff6d25c2-baeb-46ab-8ce4-4c39bde83c5a,f6485507-99bb-4bd0-b762-9a95f4c35f17,2023-07-21,914.98,Automotive,Credit Card
576d68cf-0bd0-40a8-8710-eee2c706f81e,ef423287-8915-4244-9b99-dd3c99109289,2022-10-02,683.65,Health & Beauty,Debit Card
571620a3-d3b9-461c-8b8d-54ccfdfa1a49,aee28907-2d74-4c33-a3d1-101591ba8e81,2024-06-28,953.88,Health & Beauty,Credit Card
b0180e7a-16e4-45bf-a417-0f2f5ca442bd,35edcb11-2d5e-48ba-a1c2-8c16bbd3952a,2023-08-31,0.0,Clothing,Credit Card
0047d8ce-a5bb-4db7-860f-6ff66e1cd060,8865b5c2-7091-4c67-b872-9f44e8a09913,2023-10-18,259.47,Clothing,Credit Card
eb263c61-e957-4ee6-92e0-b1fbb45b6412,b3414da7-5cf9-4ef6-abee-5a65d32970f2,2024-03-29,700.75,Home & Garden,Credit Card
7cd96f82-4bad-4efd-a6aa-d6098dff001e,56aff916-6f6f-4f61-afc3-f020464cf98a,2024-03-14,722.06,Electronics,Bank Transfer
8b603757-5985-4f60-b23b-bd869fdc36b5,1694fc74-01af-46a1-aad9-14ca3b30a4f7,2023-01-30,451.26,Home & Garden,PayPal
037ea182-19f8-4f85-a87f-e9775b11d3d2,1b4104c0-52c7-4446-af83-49c2c5222fae,2024-06-11,410.03,Uncategorized,Credit Card
b8749ac7-628a-4fc6-81f4-8fd885fcca3c,90d9ff23-6a4f-4aea-a5aa-a60f171e05a5,2024-06-23,489.79,Electronics,PayPal
4605103f-9b58-43c8-baf9-73abfb2c0441,91799aa0-6fb2-4d31-8380-12f498d45be0,2022-10-31,289.16,Clothing,Credit Card
6cd42d95-7e8b-415c-bb5b-e083adbf74a5,c38a1d5b-06dc-479e-8ef1-2bf5a843da96,2023-09-23,353.02,Home & Garden,Bank Transfer
79fc606a-c02c-4c39-b065-3e88a59b366c,7fbe5cc4-a35e-4e8e-89d7-7b439659b9f6,2022-07-14,272.68,Clothing,Debit Card
c71e53bd-d52e-43c7-853a-bde70ff3cf38,d2c17b77-9002-46cf-af85-5a9487c621fb,2023-05-17,908.12,Uncategorized,Bank Transfer
764ab2cd-20c1-4f1b-9082-5e1f9ed9d0b1,86bc49fe-4d3c-4d0d-884c-68d5349209ec,2022-12-09,236.09,Health & Beauty,Bank Transfer
9c52add6-d6da-42b9-be78-9a5d2d771aec,b06fed8f-21be-4d09-b486-d52c5e74b63b,2023-03-13,776.57,Health & Beauty,Debit Card
8baf40b4-2477-4993-8371-0f4d5f29d42d,38ea4eeb-68cc-45c8-9ded-8d11c46d0df0,2023-03-17,359.2,Health & Beauty,Credit Card
7a63603b-38fb-4733-bb8c-c4faa632ab0d,4e8da5ae-dd89-4fd1-85a4-d3341a97024d,2024-04-11,457.05,Home & Garden,Debit Card
a5284ac0-f7ab-4894-ad0c-365cf6cb1c12,4ab1e5ed-97eb-4eb6-a977-e6d2a52df6c7,2023-01-12,543.8,Electronics,PayPal
872782ff-e097-4d0e-92bf-0fc07f391905,21a1dcb0-73d4-47ec-9403-af9b55e5e3db,2024-03-04,145.9,Electronics,Credit Card
da355e21-5fb0-4778-839f-50853e76b07b,454a9941-079b-43a1-b0db-7be4adef5c7d,2023-05-17,82.72,Health & Beauty,Debit Card
afc2cf41-aacb-482c-a3f0-2f68035c44f7,a6555708-c62b-4392-88fa-5dfa9216a1d3,2022-09-14,734.85,Automotive,Bank Transfer
c2351d11-59fe-4630-a6df-e01bc343de33,5d16dfa0-70a0-438d-8b79-30394ed6d666,2023-09-06,454.15,Home & Garden,PayPal
dff72d74-6b17-4e1e-a904-6b8823b94a06,1eecc158-7973-4c4b-91ed-fbc25cac461a,2023-11-20,152.91,Health & Beauty,Credit Card
592f957f-e5a9-4719-9542-5eea7c056894,d6e48a8e-a808-42ba-8ed8-b7661dd841c8,2024-04-20,582.76,Home & Garden,Bank Transfer
a179e2b9-047b-40ce-b9f8-b13f2a8f969d,de7b963b-8b42-4fb6-880a-ff10469215e5,2023-09-06,36.23,Automotive,Debit Card
be4e184b-21d4-40f3-926b-bb3d6504942d,0a12572d-603c-4e65-8906-a5b29991aab8,2023-05-15,943.06,Electronics,PayPal
76d96f89-e423-4468-bd4c-5f20037bb251,3f18b47d-5f87-4940-9e67-3f412f51ad19,2022-09-30,915.36,Home & Garden,Bank Transfer
0ece51e3-e19f-4a06-8f1a-43d7a4e4cbe9,a6eb9a63-19dd-4332-aa2e-8253aec2ed6c,2024-02-27,186.4,Health & Beauty,Debit Card
6a4fcf07-d4f6-44cf-9d47-ddae1917f808,191f1c0c-4151-420a-82f7-cd1227a3671f,2023-07-24,257.62,Automotive,PayPal
1a5115af-2fa7-4198-b838-be2cdeccb768,addd4ffb-a906-4cd3-9f96-0af05e36cf5a,2023-07-02,843.36,Home & Garden,PayPal
7721656c-56b7-4cbb-bfca-fd38a3b98ad6,c0bbe708-c3e8-4fe5-9967-c71267752423,2022-07-02,370.38,Clothing,Bank Transfer
7aca4226-c7c9-4f7c-af5f-ad3120be5f18,bab96280-e214-4904-b532-cb037c368fe1,2023-05-14,144.51,Electronics,PayPal
ef10b8a1-1014-4edf-a80e-207b7790e894,268886ed-476f-435b-8b04-b1973e1a1052,2023-10-30,489.79,Electronics,Credit Card
d6cb250c-9517-449a-b102-01eb688982cb,7a802fed-87d9-48e7-ac84-8f156e236a68,2022-10-17,827.37,Clothing,PayPal
9bd04ab1-225d-48d3-a9f9-f2338a40a439,5b6a6c63-9634-4dd7-a6d1-55e5fc991e1e,2023-01-17,272.77,Health & Beauty,Bank Transfer
a4a6c9aa-bbbf-4155-9100-4f770078551d,b212bdcf-84e9-4e40-b6fa-9e03448270b7,2023-09-25,852.27,Clothing,Credit Card
1e061351-11f3-470c-905f-60f244516c43,87068fbe-ad56-4acf-92b3-d9328d7dfa7c,2023-03-22,776.32,Clothing,Bank Transfer
577fcc56-95dc-443a-9289-d12614f5cea3,67c15334-a9da-4dc9-a48a-b8cff22d8c43,2022-07-12,618.82,Electronics,PayPal
55628222-182b-42a2-b37f-325d789530f3,2fa23795-7521-4882-9fa6-8b16d9e82b93,2023-12-23,504.53,Health & Beauty,Debit Card
2e0f5568-729b-4339-923c-434724c2218d,e67676a9-e9e4-49f5-bb9e-d57e34e28dfb,2022-11-10,865.68,Health & Beauty,Debit Card
37fe7939-62de-48d6-bd1a-80ec3bb670aa,d63a558b-1aaa-4a6a-9f04-4116607a2ce7,2023-07-18,906.81,Health & Beauty,Credit Card
2f06ee05-aa32-4c21-a686-fe74584a6beb,2b5073e2-2434-4728-ad51-74d0ed3e4309,2024-02-27,639.54,Health & Beauty,Bank Transfer
8895020d-182f-4965-b790-0e11ba1063c9,19c22a13-4de5-4929-a594-c2301d4d2a93,2024-01-25,610.35,Clothing,Credit Card
d51a0589-4e54-442b-8505-1b03e6666a0f,0a5c17ed-a901-4f85-b21a-769ed6744d73,2022-10-03,56.34,Automotive,Bank Transfer
48dda5f7-bde2-4df3-9493-d13b38f67d6a,22b2b3b6-2030-4b0c-929b-62d4bcac21d1,2024-03-21,863.7,Home & Garden,Credit Card
f099716c-a119-40c6-a3b5-56f7685fd85e,c013fc76-384e-429a-a440-86544cddd0d0,2024-02-18,976.56,Clothing,Debit Card
cd6c03d9-6ae2-4bc1-a9aa-1d830fe9389f,fe79bb49-78f5-4d57-9aa1-1b6e9d7dc986,2023-07-15,971.78,Home & Garden,PayPal
c71e53bd-d52e-43c7-853a-bde70ff3cf38,dcc5fd2d-ba2e-4777-b46b-ad4ed77b2588,2022-08-12,678.79,Clothing,Bank Transfer
78bee088-4d98-4eaf-ab74-cac78e41e898,f1e12c78-4c5f-4d8f-9d4d-f65a0b50a010,2023-10-23,628.3,Health & Beauty,Debit Card
a5537b15-92da-427b-bfa6-287f24e8c371,2bcec9a9-4e87-4652-94b7-56caa4e9c89c,2024-04-21,350.99,Automotive,Credit Card
a7ab4450-714d-49df-932f-0fc904c35491,3cbfe752-7f12-425e-a6d9-309e813a5a8e,2022-10-23,925.72,Clothing,Debit Card
10b5f508-60ed-4894-9d2d-f0150493849f,c275d210-f788-42ae-bac8-aa140517d49d,2023-02-24,192.74,Uncategorized,Bank Transfer
6e3e8eb8-bc0f-4ffe-9f74-5d5efec9502f,b85001cf-55f8-4971-83a6-6bf112047a03,2023-02-07,508.4,Clothing,Bank Transfer
c7712686-3e9b-49d5-a673-e7d480d04ea8,e3ed3e15-f833-4c01-a842-3c1a9c52f270,2022-10-11,711.68,Home & Garden,Credit Card
c98edfc3-4819-4b2b-9af8-281ada990517,371c8289-f6f7-4c51-b2d5-0e8f790a5c58,2022-08-27,722.03,Electronics,Debit Card
61270da3-0a87-4541-84df-2627bb65c010,9fd3b90b-c170-4bdf-a54c-c9d7b96a08f3,2022-09-11,131.26,Clothing,PayPal
cc2f3ad5-feb0-4b90-a3b6-83cb5d2146eb,cc5f1c31-28a1-4355-a435-01ef9f3a4997,2023-09-01,519.57,Automotive,Bank Transfer
148b854a-0393-4c10-9762-be68ee86ae9e,ac7caf06-ffc5-4479-ab2e-fdd60f568fd4,2024-03-27,266.47,Electronics,Bank Transfer
93f43999-e91e-4e6b-ae65-8514ada12ce0,8e05b204-c83d-403b-9824-2ababc9d2e3b,2024-06-28,900.22,Home & Garden,PayPal
af603c89-aa51-419e-81ec-7dda033219f3,0e89f25d-3c87-4d5c-b710-ff311708a977,2023-05-08,532.24,Electronics,Bank Transfer
6601e9d6-7e18-48f9-ba38-71d0d9cb31cb,22e20033-30c2-4048-aacc-d87c1169bf18,2023-06-29,489.79,Home & Garden,Bank Transfer
a3bb452e-6a1c-41ee-a2c1-0c3556751726,1d6ef403-bccc-4825-a3c1-7bc114f45b92,2023-07-16,140.49,Health & Beauty,Credit Card
dd2a43cd-bfed-48e5-80c7-a27d7991a6ae,433f4d28-28c8-4cc0-834f-3dc7ac253c68,2024-06-07,274.24,Clothing,Credit Card
ed051cf3-6e2c-4857-91c7-57cec78e440b,902b8eb2-e84b-4834-a946-1792bcd0da1a,2024-02-21,621.03,Clothing,PayPal
d160e8f2-113e-4e69-928c-b6303f391203,27f22f16-463b-415f-8e5c-09db81e2c468,2023-05-19,489.79,Uncategorized,Debit Card
0a5270eb-ff97-4072-a9f0-2203be2469a4,c6cb82ba-cc14-425e-83da-7a5cd1064c26,2024-05-12,93.84,Uncategorized,PayPal
0cf298e7-5527-497f-b764-90599766f2a3,3f07cfbd-0beb-4e58-aff1-4bb9c3afdabe,2022-11-14,489.79,Electronics,Credit Card
9b25a2c1-514e-425f-be87-a57533d5503e,82fcab43-1427-44a4-a722-5bd2f3df2ef1,2023-10-03,916.76,Health & Beauty,Credit Card
c509e8bd-b02b-498d-b380-2630a76a5264,e518eedc-65f7-431f-be57-b75b151e82bd,2024-04-24,937.89,Automotive,Bank Transfer
e3d2d960-e591-4007-b0b4-2748a6ae0963,ef8392d2-d4d9-4f6a-9593-48f782f9370e,2023-09-04,453.1,Health & Beauty,Bank Transfer
e2114d58-4f01-483d-84fe-cd9601cc8be9,90f5725f-9234-427b-8e62-b71e18a6d996,2024-04-22,477.68,Automotive,Debit Card
03fadc2e-1b9c-4386-aaa9-315f10e504ce,b7be2312-0ebe-448a-9b2c-90e1c488df8b,2023-09-11,985.48,Clothing,Debit Card
b0afe1c8-686c-4dc8-9668-3b3c33dd364c,cd38147d-5309-4eba-a094-e038b66c8c38,2022-07-12,999.86,Automotive,Bank Transfer
490e8d72-d72c-4e00-b790-d91b98299c68,d0f59be7-067d-4a83-9a4e-529f3498d4aa,2022-11-02,645.88,Automotive,PayPal
12ff1360-f3fc-42e3-83b9-33e7b3bb4d70,5b2ec9f1-91ea-4768-84b8-bea11db8677e,2023-09-15,822.09,Electronics,Bank Transfer
42da3b26-e9c9-4676-938d-4486bfc38ab6,09e9d616-56e3-4c85-ae4d-d6683cd3bf5b,2024-06-15,73.42,Electronics,Debit Card
6dfdcd2e-3918-4dcd-b2bc-34cea11060be,5dbde8ed-8e79-41ea-a393-4d7f19fa2097,2023-03-06,102.81,Home & Garden,Bank Transfer
c3f22991-8910-4823-86e4-8637520d3952,bf2744c5-9f06-4c04-b2eb-61c948a2556c,2023-06-06,489.79,Home & Garden,Debit Card
a4a6c9aa-bbbf-4155-9100-4f770078551d,3525109b-4dcd-49a1-ad02-8dfb0542201d,2024-06-25,750.54,Clothing,PayPal
8f440758-f8ac-44ee-9f83-51d9bde6d101,49fd3057-88b4-4896-bf5b-2e501b76df5b,2022-07-02,489.79,Electronics,Credit Card
dd1f3738-50b7-49a3-b369-8944f15ecba0,91853749-8e8e-482a-94f2-c78aebaf80fc,2024-01-04,801.75,Uncategorized,Credit Card
c584f7db-9f8c-4012-b52e-089eadc9fde3,9a729236-9e93-49a4-b3af-5ec401f23ee7,2023-04-25,555.73,Automotive,Credit Card
e84f46dc-1d0e-4031-a4f6-2a6f46514fa6,51dfa18c-9919-4462-abd9-819b85871d84,2023-04-03,489.79,Automotive,Credit Card
0d27c7ac-346c-454f-b37d-75fddef246ad,163e04f7-ad4b-4dc3-aed9-6649080b57f4,2024-02-06,849.55,Home & Garden,Debit Card
c4b58502-1e72-4d8b-8ec1-71b66b86b6b4,3e50a42e-5511-4e20-b599-23572f951c11,2023-12-09,90.09,Electronics,Bank Transfer
2da6af33-03ca-4206-9735-eaa16ed458d9,a159d153-12d1-4d5d-b356-e246f4d32f54,2023-07-15,726.1,Clothing,Debit Card
5713cca9-0ee4-45ef-a550-5edba478b94c,24f897c5-1344-4f36-af4f-86bad751e0a9,2024-02-09,489.79,Health & Beauty,PayPal
72f4a693-7447-4200-aef8-bb13b0ba474e,2be6b06f-be57-40fa-90be-cf9369b06241,2023-05-24,668.95,Electronics,Credit Card
99fa724b-e2bd-4739-a204-3c94957fe3e8,1b097d4f-2d4f-40ed-b731-10aac7b14e30,2022-10-01,518.61,Home & Garden,Bank Transfer
bb07fa4a-8680-4b77-b1ad-5d2f67570252,31ea3724-ffe4-4267-8abd-72867ecffa89,2023-03-02,351.38,Clothing,Debit Card
29b6f958-4c5f-4a07-86b0-8c7b927597da,a5d6f5fb-2093-4d90-afbb-c25947838515,2024-05-18,370.62,Clothing,Bank Transfer
18c03691-9a7c-4711-81f8-01d06c1cae4b,8cfb0572-93a8-4273-8433-3e37f5ac7ba7,2023-06-04,156.79,Home & Garden,Credit Card
c9f831b4-43cf-4ed9-9b47-09542e239c70,3af7276b-44b9-46f9-bc65-737c8a5c4846,2022-09-02,315.11,Electronics,Debit Card
a7ab4450-714d-49df-932f-0fc904c35491,619e7c74-602a-4491-aabc-4c46bf93e003,2022-09-22,593.14,Automotive,Debit Card
5d4c3d12-098f-4672-aa0c-2972d9a84c82,8ca7c7f8-e8b0-4fb2-9eaf-f439a6f42ab8,2023-07-19,403.93,Clothing,Credit Card
85d41d72-28c3-481d-91e9-4feb42eda376,13f18d01-2baf-46f6-9e3b-9c196aed1b78,2023-09-08,571.86,Electronics,Credit Card
30c722ab-be73-43a8-80bb-545ce0e564b3,9de4f8b2-53b6-44f5-bad9-85a203cc7213,2022-10-07,56.33,Electronics,PayPal
2a8b0748-3a77-47ec-a6e9-c8c191b39d62,ccf0eb57-6304-4401-8ede-5749fd0fbd1a,2022-11-08,189.62,Automotive,Bank Transfer
442035e0-e8f3-4958-b765-00181de92874,1cf39560-73f6-447d-9524-47e614745d09,2022-11-18,88.36,Automotive,Credit Card
af7e73a2-6c53-4483-aaba-8b6c9074e1ea,89d63f53-a7f0-4935-8490-053d5925361e,2024-01-12,421.48,Health & Beauty,Credit Card
88c11bb5-495a-4fa4-9dca-ba16c044b52f,186b48d2-9ec6-4df1-a0ca-0dd1b42a0906,2024-05-16,320.91,Home & Garden,PayPal
d4cb7a18-92f4-4a0d-96f5-584e0c1cab53,577c9b16-1487-4aba-a42b-ac44310f1382,2024-02-08,229.12,Clothing,Credit Card
ce3f403f-b955-4364-ae22-bf351381e01f,550b1d51-9bee-4a60-93a3-4afa7bb07800,2023-09-02,250.68,Automotive,Credit Card
8a5849f2-1fcb-44c7-a90f-e16023c0465e,740381ea-b51d-4efc-b964-82c09b7ef779,2024-03-17,489.79,Automotive,Credit Card
841fd92c-2c00-4beb-b870-76df175c4398,52074390-e4c1-4558-9eb3-c62049c351c1,2024-06-28,587.91,Health & Beauty,Credit Card
d8a36267-ed6b-4880-a1d6-2c33c5e77271,50042b8b-f448-47ec-997c-a2feda86c316,2022-08-09,531.56,Clothing,PayPal
9b756f15-797c-4adf-b0cc-25d501a7e4fb,bfd0b4e3-bf95-49a5-8522-4511bcf5109f,2023-07-20,489.79,Home & Garden,Credit Card
f0ec8904-93cb-40bc-82cd-96ee6c34da9b,d886d00e-388c-476d-8fb3-eb600b815260,2023-10-13,644.05,Automotive,Bank Transfer
aeaf225f-d2a0-4a65-89cc-332358117295,3d26ac73-5701-4694-8d04-d473639f41d4,2023-08-05,81.47,Clothing,Debit Card
832fe90b-db19-4a42-aee0-c3feb0f2cc64,5e217981-0ebb-4c21-a03b-59c689bb9526,2024-05-23,720.39,Electronics,PayPal
f5b15ef5-1301-4e8f-b2c8-9f7bcef998d8,7fc98df3-0bf4-4d5f-8b92-1ab7b13ae25b,2023-04-01,34.05,Automotive,Bank Transfer
a9d93196-0167-4be5-80d4-b6ea2cd1a802,d708c7d4-e87a-4872-ae4e-c14cef0da5f9,2023-10-05,869.53,Health & Beauty,Credit Card
2de49c7c-32ae-4ba8-b058-622a090d7094,8b7c550f-4acc-4333-a144-cc4d75aa8d1a,2024-01-24,489.79,Home & Garden,PayPal
4191897f-b537-46fe-a409-e47fcbafbd5b,b0349271-be92-43f2-9eb3-66b00f5d1cb6,2023-01-15,577.77,Automotive,Debit Card
99a198c8-1b8a-48cf-8741-11e3e84e94bd,da86f426-f857-4797-b9b2-18a3f6270d61,2023-01-15,567.69,Clothing,Credit Card
5358a222-28b7-4c26-8d76-b9954e44079c,8e5ef82c-fbba-4729-bb14-e330c0d6547a,2023-02-02,74.82,Electronics,Credit Card
e8621a96-7c59-4079-88b1-b6ebd790f1b6,790dd662-7d78-41ae-87bc-83c80e96fc05,2023-05-13,445.66,Automotive,Bank Transfer
d516528d-a3a1-4da7-b917-85423e8a18de,0c97f709-80f4-4f2c-981c-95ae364cde70,2023-05-28,57.41,Home & Garden,PayPal
e16941c2-b657-443b-b830-79ded3a2b67b,62dc7ac8-b286-409f-b6d9-f22668626a31,2023-05-31,603.92,Automotive,Debit Card
a0948918-1f97-4707-860f-04598da6e579,7500b2f5-9e2c-4c34-9edb-5dd0d0d986c1,2023-12-10,226.86,Clothing,PayPal
404f9aca-5c0b-484f-a4ec-65ef1b401718,38d5af45-0409-4d32-8dd9-87265f4aba52,2022-07-01,18.45,Uncategorized,Debit Card
5736efce-e87a-4e6d-a7b0-803d8aea3c75,b5782481-aceb-4de8-a548-7fc2387a2844,2023-04-07,948.19,Clothing,Credit Card
f06d1c8c-b764-4881-945e-580ba05f4e7f,299d96d6-2204-4278-8040-a56a9b1cc958,2022-10-20,444.62,Clothing,Debit Card
d5f8626d-9470-4900-81e4-c8c43e132d05,fbc0c37b-baaa-4d80-b56d-ca8dbfcdacaa,2023-05-21,304.24,Electronics,Credit Card
dc9d2470-1bc1-4d74-a449-decd463b89c0,952b25dc-1c72-40a1-8d29-a87c1f6c81ca,2024-01-06,99.49,Clothing,Credit Card
57bfa722-7e8f-402d-aaff-ba2b7034150a,429172b4-76ec-4ef4-a30f-035791ea473f,2022-07-31,130.78,Automotive,Bank Transfer
dd68aaa6-d50a-4b2f-be13-0331ceae7708,5bfa3cff-3bf6-4ee9-9520-cf671579849a,2023-05-28,896.2,Health & Beauty,Credit Card
edc655e1-174f-455f-8ae3-f12ff758a281,60648419-e5cb-4fd6-9338-056b02b3e02f,2022-11-27,431.24,Uncategorized,Debit Card
8f61e984-4fa5-4941-95ee-e42c92758e02,b7fc47d4-23eb-42ed-8a24-97e0d1bef1c3,2023-05-20,626.59,Automotive,Debit Card
2cd16dfc-d7b0-47ec-9999-b018daea7f8d,803ecbea-b4bf-4011-9f07-b4e5a176a7b4,2024-05-07,803.39,Health & Beauty,Debit Card
06b260b8-1286-4b47-8bfe-54d8501f1a62,33e8f941-9349-4c5d-9ae9-f49171983736,2024-05-22,517.37,Automotive,PayPal
3341229f-34c8-44d8-9800-6f383b9843ee,7c85bcd7-e601-4232-a32e-ee5b24fe41ef,2023-10-24,197.69,Home & Garden,Debit Card
9f682ebb-dc68-4d1a-a83a-4b1f74608578,703ed3ab-9d78-4a67-9e23-51a0fba3b2c4,2023-11-06,421.06,Home & Garden,Credit Card
99abe3ae-4c10-457b-b071-7edd0f122ecf,8fa54e25-4839-4cc7-9fe0-57abe1c5370a,2024-06-15,252.69,Clothing,PayPal
9b8c33cc-4121-4fad-82ee-fb5fa49b1b74,fb51a630-90e9-4469-b494-0990a3f64828,2022-07-31,178.39,Health & Beauty,PayPal
e9c58327-25a1-4148-8c41-f0f37fc0c75d,b790e50c-941d-4530-8a37-696ef2179b6e,2023-11-02,633.68,Clothing,Debit Card
3d1d35c9-b974-4023-b619-51c4745deddb,b819d97f-31ed-4bde-8551-f2cac428f7fc,2022-07-23,398.36,Clothing,Credit Card
331aa308-0011-4df0-80c8-83768817c3fd,bb7d1442-9cbe-4d54-8ce0-9a7685cc4852,2023-12-30,678.08,Automotive,Credit Card
4d99f884-740e-48ee-8d00-6166bee14f02,2f85447a-75a3-49ef-8c6a-d19aeb2945c1,2022-08-19,880.0,Electronics,Bank Transfer
ec48d5a4-fb1d-4168-9fff-01a1780d555e,f4d98e3d-cd23-47bc-b3f0-cbb04c0cd379,2023-09-13,489.79,Home & Garden,Bank Transfer
576fc0ef-5017-4d85-ba43-136e65f10a7f,860d6e54-0366-424d-9df1-3ea96b03f207,2022-07-01,699.34,Uncategorized,Bank Transfer
4a5db138-8b0c-45dd-b686-0f90edd42c3d,e5f0199f-f4cd-43fb-a6f4-1e3dd958f1f5,2023-06-26,939.41,Uncategorized,Debit Card
c510c51e-77c1-4e2e-901c-b24996c6e3f0,4acd55ae-d37b-46ca-b712-a9ef3cd98a48,2023-04-16,310.0,Automotive,Debit Card
78398c08-0a87-42a8-ac95-167e0d000f48,c9437c3f-7a63-4bf6-a883-fd6ac52a5bbe,2024-02-27,909.1,Health & Beauty,Bank Transfer
143a7859-5fd2-4331-b520-ffb140afa5bd,e2311c7a-4b91-4da8-b90e-33b7cf71c0b2,2023-09-07,645.14,Clothing,Credit Card
f8573ea3-e775-4d36-8b8a-a4ba6a539eab,e5269f7c-8be8-40ab-b6ee-50134bffbeb6,2024-04-05,199.94,Automotive,PayPal
a767a5c2-a234-4009-91dd-3bd99ced0af9,aec00a50-04a0-4d27-97fc-0b2fd79b2613,2023-04-15,506.48,Home & Garden,Bank Transfer
78586d3b-92ef-43af-a075-0d31509b2844,c426d44b-ed65-4cb9-92d2-cd33a44811dc,2023-07-27,780.57,Health & Beauty,PayPal
4c15fab5-9db0-45c1-84e1-ec0829328556,b710c82a-a88c-42c1-97e6-4f881c2715b7,2023-05-28,367.76,Home & Garden,Debit Card
2da577c9-6b4b-4fd9-aa86-e333ee14c02b,1022d63b-c593-4537-84a6-e8f243158682,2023-04-28,811.14,Home & Garden,PayPal
587f0de4-1254-4ad6-9567-af6745c960b6,01784e4c-0f1c-44cd-b78a-a8281304e4c4,2022-10-14,759.02,Automotive,PayPal
64b89b9e-1cf4-4b42-add8-94b7ec861f1a,edc073d7-d2fe-4502-a0e3-e9a34cd0ba06,2023-08-25,460.82,Automotive,Bank Transfer
cd945724-5b93-44bc-8921-ad0c41af8ec1,9adad2b5-791a-4549-ae40-e263ba4d0682,2023-10-17,632.45,Automotive,Debit Card
8e81b357-8d07-4125-aa2b-9098736b5eb6,e55ca543-f98c-44c4-94cd-b093119f215f,2023-05-08,28.88,Clothing,Debit Card
a60e0cb6-7b43-44f2-956a-16caae372e9f,64d4d9f2-47c4-427d-819e-d4d099885d51,2023-02-25,192.36,Health & Beauty,PayPal
28a886bd-0c98-4532-bbb3-4ba77a9ee275,42ac7bda-7ae0-4dee-83d4-7b2abd2c7702,2023-01-17,66.58,Automotive,PayPal
d7960ed9-0372-4cb8-ba98-9cf4d88bca25,52a3a95a-bf3f-46cb-9efd-6a7fe31ab5b2,2024-01-19,403.36,Electronics,Debit Card
9e438f09-ec06-42e1-8c45-25063e2429aa,32ae6e4c-3848-490c-8282-1d9e7408acd1,2023-10-10,853.39,Automotive,Credit Card
99d38969-3c5f-4387-bb49-1ba429f7acae,d803b8f8-7b65-4eec-8406-0365b2b43f19,2023-08-11,720.4,Electronics,Debit Card
e8960cfa-6e94-4260-8a99-74188b90a1fa,a5fe56c5-07ea-438d-8d59-4a65aea1945f,2023-06-04,287.31,Electronics,Credit Card
5c6dbfdf-c75f-4682-ac9b-924a459429a8,1d5cc1e3-4de6-42e8-9fd4-a5e35c76be4b,2024-03-06,985.69,Uncategorized,Bank Transfer
937245e3-10c3-446d-ab02-f916fb556395,0f688fb0-8858-4b50-9582-67d5e84baf3f,2023-08-18,538.73,Health & Beauty,Credit Card
9047570a-6d08-4ff0-8e07-9009d87ac90b,079f08b6-05c7-431a-98f0-2a6e981f1098,2024-02-20,542.11,Health & Beauty,Credit Card
cbfff6f3-c193-4b56-a6ff-92bc84ad3789,49c65a40-dee3-4cee-afac-3d594c3bfec6,2022-12-13,489.79,Health & Beauty,Credit Card
8de3d5b9-1f1a-4bd7-b242-6cb09d7f3609,5fca256b-cd5a-48fa-8b07-37f39adde8c9,2023-05-17,764.92,Clothing,Bank Transfer
43230006-9636-403f-966c-f7e3166e504d,835b4e5d-8b5a-465a-af65-2ea388c9d90a,2024-06-12,775.61,Automotive,Credit Card
57ed9f50-dca0-44b5-9d66-807135eccbee,a13c306a-7fdd-4e2b-87f5-0d2681c63094,2023-02-06,764.16,Home & Garden,PayPal
54a1bbb2-9523-41a7-b8b5-9acd08f46da4,42b95b58-8e49-4d8f-98f7-76f361a6f121,2022-10-20,489.79,Health & Beauty,PayPal
138bf6a0-6739-4cb5-9b8b-09c2a8c0aba6,8ccc546e-071b-45f3-a58a-fba9781ef46b,2024-05-21,462.55,Automotive,Credit Card
904ac3b7-e3b8-4462-9357-17721fd3315f,4f3e35fd-1c24-40b1-82bf-6bc7cd9616d3,2024-03-06,52.01,Health & Beauty,Debit Card
c0cee417-560d-4fb2-92b1-36f931fc7e93,137bb283-9d8e-4cd5-919c-5b025f5b2b8c,2023-01-26,875.66,Uncategorized,PayPal
5ebdbaf2-bc96-47b8-beb7-20ff4c0497c3,a9b2211e-e0d0-4bd2-ad77-61e2622ec3f1,2022-12-14,524.92,Electronics,Debit Card
5624f059-b5dd-4734-879c-7fe8a0169e9c,3d037e26-dfb6-4359-b4a7-b93e1b7c720d,2024-05-30,122.25,Uncategorized,Credit Card
c288b8e0-209a-408b-8135-28f8e81b053b,c5fe314d-d0ea-42b2-923e-36d9a0d44595,2022-10-13,489.79,Uncategorized,Debit Card
0d6a0c4a-8e36-498c-9695-0e4fcbc19ad5,69db4515-2bd4-45fc-a8af-b1bff6448afc,2023-09-12,598.51,Automotive,Bank Transfer
16120901-738d-417e-a271-6aaf0d6caa83,f63f9853-6b10-4d3b-8b0d-2357145035ed,2024-02-07,592.95,Automotive,PayPal
f9a95810-d0b9-4606-baac-d7240340b329,396a40ba-bf15-4a7e-bc9d-61941192c5a9,2024-05-14,126.74,Electronics,PayPal
60e5552c-51f9-4d7a-b90d-5ac4a5e1756c,99b791a6-e252-419f-b9ed-29901a93ff0e,2023-04-14,848.08,Electronics,PayPal
fd8b7c0b-06c7-43cf-9e1a-7094f5920ed9,c295d1e5-19c9-4155-8287-e2b876a8f0a6,2024-02-07,40.07,Electronics,Credit Card
2da3a384-4f08-4048-871b-a1acfe7d7c59,aa834ed0-0207-4b22-be06-05244138db5c,2022-11-06,998.37,Automotive,Bank Transfer
64ddd43e-3235-4c30-a6f2-ee0ec01295f8,49b36713-c6e3-40e8-84e0-1d21d6010516,2024-01-08,335.11,Automotive,PayPal
98ff8454-f7df-4193-a23a-34b23769aed2,fdd44b5f-7592-4f66-be1c-db8f966eb994,2024-01-08,103.14,Clothing,PayPal
1861b233-7abc-4e26-9aef-481ee3da9ae1,199dd1cd-1fc4-41b5-a902-1356f11552f4,2022-07-03,996.32,Automotive,Debit Card
af603c89-aa51-419e-81ec-7dda033219f3,ae02b4f1-919c-4683-8a21-297e11a9ae29,2023-07-19,993.71,Health & Beauty,Bank Transfer
db18bd1b-8476-4835-81ac-5328b72d473f,88e54b77-a539-48ab-b0a1-2b6a6990b4d6,2022-11-16,489.79,Automotive,PayPal
c56a1423-e1b0-45c1-974a-55f5fa029c88,8f2c9a14-fb3b-47a3-8a1b-1a11ef70ed7f,2024-05-13,433.97,Uncategorized,Credit Card
a9b65902-b754-4bc5-a670-f571ede577f0,e98db50c-529a-4d50-8393-eadc95541e14,2022-07-24,267.87,Clothing,Bank Transfer
013c4cd9-1d0f-4004-8772-065ab426d105,4044222b-4470-4e79-8f53-5bdba7066c44,2023-05-28,0.0,Electronics,PayPal
6a3b7487-1af2-45d6-b7d1-0ed4dbdb80fb,568d8c36-c5b2-44fd-8426-a3fbcbc1e84b,2024-03-25,439.78,Electronics,PayPal
04a4a077-7839-48fb-b33d-50d81f4c1184,f48deec4-d0f0-4737-8f25-0371054c0861,2023-07-16,258.87,Clothing,Debit Card
14a794f8-2099-4aee-97e4-bdd3899994c6,ef422e0e-feae-437b-b6f2-c691ff1130b6,2023-06-08,412.04,Uncategorized,Debit Card
ee2d89cd-9813-42ba-bf28-fdad2462d31f,6854ece6-7337-4905-a8f3-9152bcf3da5e,2024-06-20,192.12,Clothing,Debit Card
00e3c219-db57-4ed2-bc50-99a18fea33a7,97b9de35-f1ec-4e6c-a242-24ea41a9e8c6,2023-02-10,399.57,Home & Garden,Credit Card
4f6d0e26-dbf8-4abe-8b06-083acba71564,071a3e53-6845-4c43-be72-eb6f0e9de98f,2023-01-16,926.07,Home & Garden,Debit Card
681db0ac-5b4d-416e-9bfc-dfd83a92f77b,c70fcb20-ae3b-426d-b7d1-48a3c66b2e22,2023-03-26,699.27,Health & Beauty,Debit Card
dd6bdc9d-cac1-47ac-9fd9-3282443f0c08,830233cf-3829-4b0b-b150-281500a41e6c,2023-04-06,724.93,Home & Garden,Bank Transfer
458143a9-949a-4dbe-8a73-60764aadb6d2,f7d82ddb-fbda-49f6-8ffc-916b7b07df26,2023-11-01,489.79,Electronics,Credit Card
bc2031d8-5a4a-4cfc-98f1-0c1b8cc33934,cb53c6de-bcfa-41f2-954f-3195cee511e7,2024-01-26,748.79,Automotive,Credit Card
fd089f90-297f-4c91-82e6-34a4937ecddc,fc1f6ac7-4454-4a4e-9221-d3688a1125ee,2023-06-12,489.79,Health & Beauty,Debit Card
faf73ad2-9d18-40fa-943b-69efe9d685a8,440a400b-8d30-4725-adea-e2cca8167a6b,2023-03-27,623.02,Electronics,Credit Card
6b6cd86a-d0af-48ab-ada5-e596f726cffa,eed1a5a0-4a6b-40b1-9c43-abfeff1a7735,2024-06-02,-100.0,Clothing,Credit Card
a5563f79-b798-413f-b116-676354b77872,d0577b70-2159-4350-9a14-07cd74053e57,2024-05-16,771.83,Automotive,PayPal
47d03d6f-cb4d-4984-9aa6-96d20353bd91,98747d0a-e8c0-4ee7-ad7d-5d7262cd9278,2022-10-15,415.08,Electronics,Debit Card
6d8e562b-b51c-47b5-9ff9-18b624030aab,a5f171d0-079d-4009-b410-60f563f3264f,2023-01-06,589.07,Clothing,Bank Transfer
3152d2c4-69d8-4986-9a29-5fecd49149b5,b21aa76b-1041-4c1b-aa7b-d37bd2545dd6,2024-06-01,489.79,Health & Beauty,Credit Card
10a9acc4-a2d1-4211-8e61-07fdd9a9a689,862abaad-709c-49ad-a833-64d7f444b753,2024-03-29,168.3,Electronics,Bank Transfer
6b63bf58-e948-4fc5-aa41-727f7c044c97,c79c9a47-5dda-4c3b-92d4-baab21c8153d,2023-06-27,208.08,Automotive,PayPal
b3d5ed26-6131-4fc9-9b68-040ddb426f67,4bb0a41f-86cc-4aee-b07c-28fa48b7f434,2022-12-22,489.79,Electronics,Credit Card
c51a0615-0139-4cfb-84f7-0c5f12c7d9b8,e24af678-5386-4f6b-82de-9b8446396cd0,2024-03-13,203.64,Health & Beauty,Bank Transfer
fa6fd647-df0a-4c45-a6c3-d6354d7249b6,fcce3f86-275d-4723-ac3d-8d0f9b3601f2,2022-07-02,689.98,Home & Garden,Debit Card
c39db678-b47a-49d2-b569-2e45050d1e0a,320ab9ec-af2e-44b1-b256-67c46f7ce6ab,2024-03-14,327.43,Clothing,Debit Card
5ed01b77-53ad-429b-896c-c563afef0090,223f53aa-61f2-4a04-861e-a70a2e39a67b,2023-10-08,469.59,Automotive,Bank Transfer
f0fa23f8-ad7a-407d-a63f-d4fba28cf6ac,ce9c0dda-9c40-4272-989f-048f87b4c6c3,2022-10-10,599.07,Electronics,Credit Card
1e7ce035-2593-485c-8039-02a933537b70,ca4346cd-d0a1-4f96-9378-ad57a1508613,2023-08-15,955.72,Electronics,Credit Card
ceaa7320-d177-4067-9582-3811c3929178,9ca0bacf-42a5-4bcc-9753-7ed00661cb76,2024-01-01,449.57,Clothing,Debit Card
796a8711-1b1d-4557-a933-57aeb0dd9e95,d377060b-ba1a-4541-9904-b743bf9b61b8,2023-10-30,193.98,Electronics,Credit Card
c1f1c099-93ad-4f01-839a-7c72c07db3f7,07778e1c-f46d-4624-8f0d-4b88d8f1cae1,2022-12-12,836.76,Clothing,Bank Transfer
2347d612-4047-46cc-b69d-8516adf83092,adde98e3-0fc0-4da1-8262-9a4b8a305d42,2023-06-15,392.49,Automotive,Credit Card
473f3b1f-2e0e-40a6-8917-b3aac5296a01,5599c5a7-fa9b-40b6-9860-08a744a2a017,2023-10-30,910.57,Uncategorized,Bank Transfer
ea4f48c7-7862-4f92-9a6f-1c2778adfe56,bce961b3-951c-454a-95b4-a2dc66b17bdf,2022-12-06,489.79,Clothing,Credit Card
e44dbbca-fc42-4ced-9dc2-b08de81441b6,e29df32a-d9cf-45b7-a152-672abb892c76,2023-07-02,647.97,Automotive,Debit Card
7c8fb7af-ccb3-44ea-b6d7-b1f2dfecf6b5,79b1253e-bf98-41b2-bfb3-45648c9fce89,2022-07-08,652.94,Electronics,PayPal
9107778f-48e1-4ecd-9511-10e549305477,977f68f0-0465-42ac-b1e2-836c5a94babd,2023-03-07,245.46,Home & Garden,Credit Card
dd1f3738-50b7-49a3-b369-8944f15ecba0,eb6a39a6-31c2-49e2-937f-1c9523b821b8,2023-09-12,196.51,Automotive,Debit Card
160f25a7-ed0b-4471-a260-1f0fcade1217,5d561ae1-29ee-4b89-a070-83b0f69045c4,2024-03-31,249.78,Health & Beauty,Bank Transfer
1e502d97-1e15-4ea4-a2e2-8e84f89f3e05,9c8df5c3-2874-4010-b750-e1cf5c22ea83,2023-12-04,960.01,Electronics,Bank Transfer
d66159a9-4fbf-47c0-8e1f-e76049f29307,4b9a84e1-3483-4dea-a0e4-ec33695f02fc,2023-08-04,794.34,Uncategorized,Credit Card
c5706872-5a61-4898-baaa-ec4b8d6b8abe,6ac70c93-a994-434f-93e7-e8d4566a096a,2024-05-28,695.93,Clothing,Debit Card
9d4d9b36-c718-4f5e-8c9f-a0fbf1e6da15,e1334158-9fe5-469b-a7f5-2e6e881211f5,2022-11-27,587.54,Clothing,Credit Card
609434d3-ad06-4c8a-ac6b-ac61f71516e3,f614642d-48b0-456e-a3af-44d1a18e6a3b,2024-04-15,998.28,Home & Garden,PayPal
cb35a4e2-2808-4644-ab5a-8c87a6ced6d4,fdd469ef-a700-4fa6-865c-075f52b6ddb5,2024-03-16,554.81,Automotive,Debit Card
a564b20d-5525-4865-8113-20c1800cd39a,a392c660-9c89-4e3e-8e8d-803dacdf1a9e,2023-04-27,563.44,Health & Beauty,Bank Transfer
66a5402f-681b-485f-8e79-82e647fd97d3,cd52803b-34a3-47b5-8496-ffa93530fad5,2023-11-07,489.79,Home & Garden,Bank Transfer
0954b343-b164-4ddf-bb51-c7c2ae3ce6bc,2da39324-65fd-4650-aa92-def4b8b96fad,2024-03-30,986.44,Health & Beauty,Bank Transfer
3ab99bb9-92d4-45c1-adfc-ec3eec038b87,334f39d5-3f5b-4274-bc75-2ab6f6a865dc,2023-09-15,748.24,Health & Beauty,Credit Card
933660db-c295-44b0-854f-5151a3732931,fa180d5f-40fc-4d22-b26a-57691ddb2c2c,2024-02-13,432.67,Electronics,Debit Card
958b5999-943e-4d80-abeb-5fb285047fc0,da1e1d9c-8249-4576-9665-e6f70ab25cd2,2023-04-19,313.45,Home & Garden,Debit Card
e2879d08-41e4-4d6e-a87e-9be740e2adaa,ba99e0d2-c952-45fe-aea7-e8b0b96147df,2023-01-05,455.65,Health & Beauty,PayPal
f2e3736b-2014-44ef-a28d-597330b00882,a762455b-0f60-4486-a12f-b25b6d5c86e0,2024-04-10,489.79,Automotive,PayPal
37709633-2fac-4ab7-b420-8420cbdd4bdb,43c99902-7c06-4417-a14a-f457cc19d12f,2022-07-21,814.51,Clothing,PayPal
c3575491-5c91-4a46-a63b-506bc3395c62,35e6e7b2-e7eb-4a9f-ac88-483d9bfba650,2023-05-27,827.66,Electronics,Debit Card
08e4e45a-21a7-4c8c-b9b5-de9a512df8a4,2bfd4ba2-cbfd-433a-9e43-9ac159dc6abc,2023-09-13,725.32,Automotive,Credit Card
aabb967f-0fac-406a-b5c5-ffb0480b80c5,798f3074-5116-4e27-9cda-c268da91758e,2023-02-16,733.81,Uncategorized,Credit Card
d6d22cf1-649a-4b97-9a9b-8ebc1ebe89c9,60f99755-ce3e-4162-8cd5-01fdca43e876,2023-04-10,290.69,Health & Beauty,Credit Card
c6f3aa4e-9147-4547-b2c9-b1aa7847d304,e4cd88dc-9f64-4c2c-91af-ae18651f4b32,2024-05-12,489.79,Home & Garden,PayPal
c584f7db-9f8c-4012-b52e-089eadc9fde3,7808c00a-38bf-4f95-aba0-197fa9effd94,2024-02-14,225.57,Automotive,Bank Transfer
0305625f-6264-4666-ad6c-ae34df05d0d8,3171c401-cf3a-4aa7-90a3-15b08db86f84,2022-09-04,822.52,Home & Garden,Bank Transfer
1f5c50db-9c55-4bbc-8a93-c7994a7bb3d3,6debcf30-8421-43b9-a67e-32433c3d2f7f,2023-03-15,489.79,Health & Beauty,Bank Transfer
929e20a0-f1e7-4130-ba19-3a420f2311ac,8b2cb11d-2947-4880-a106-aba2e25df9c2,2022-10-25,556.47,Electronics,Bank Transfer
f3607f0a-e99d-435a-8f43-6060f5f03735,28fe80d5-0425-4952-a3a8-2d3973240b87,2023-03-23,489.79,Uncategorized,Bank Transfer
9f9f72a5-0ec8-4847-ab9c-d7694d86f53a,a6ea336a-46dd-480a-9dff-232bc67e956c,2024-02-11,489.79,Home & Garden,Credit Card
56a1a6d5-3e94-4e3f-aa56-2d6c0dcad380,d2622bad-a6f8-4ae3-b87b-8cb3939404f0,2023-07-26,425.21,Home & Garden,Bank Transfer
93b50fb6-a62c-46e2-a082-7b3c5d02c547,33a3ed2a-32aa-4080-856e-1856bb13b20f,2023-07-23,827.26,Clothing,Debit Card
56648514-9da1-42f1-911f-49b94b7038f6,04c80a66-6355-4944-9e4a-26f2107e9174,2022-08-19,766.23,Automotive,Credit Card
7f87735e-2345-4e9f-84e9-149fc0f168f7,9f415018-6218-45eb-b10c-8b86f7ac39ba,2023-10-15,545.63,Home & Garden,Credit Card
949f8b51-e8e8-466a-8175-f067854e14ee,3d824c08-4c37-41de-a01b-1630cbe22e1d,2023-01-31,272.24,Home & Garden,PayPal
05abacfa-de8a-4606-a35d-7487ed7554c7,25a04b72-ac0a-4826-8ee9-92f301f85eb0,2024-02-25,876.79,Home & Garden,Bank Transfer
4e50020d-aa1c-46b3-9821-63d7b69f58ba,346bf173-8a65-4ba9-8971-e63387b70624,2022-09-13,526.54,Automotive,PayPal
e4785a5c-a70a-4db0-98d5-1d76175c4a94,9cbbacb6-7b04-416d-bd58-16dd148c7aab,2023-12-01,726.52,Electronics,Credit Card
f43422cc-a731-4574-a05d-9adf4dd4bea4,4d31152e-fea7-424b-8e02-124abac12a91,2023-09-23,615.38,Health & Beauty,Credit Card
6bc3aaad-57cc-4fae-b57f-18faa88ce95b,90ca7a6a-87e9-43d7-bdc7-18abc25731eb,2023-09-17,438.52,Health & Beauty,Credit Card
41846ddf-f6d1-40ef-952b-652f8904d6ee,b8d3866e-6162-4cf0-8a95-7718775a536a,2022-09-21,753.22,Electronics,Credit Card
841fc557-ff70-4d45-8b0d-5be6f58d794d,18bf4669-5622-43ad-a456-97bfe9b98f90,2023-05-31,373.47,Electronics,Bank Transfer
7f05422d-2ccf-423b-958f-081f2044dc02,09b6242d-cfa9-47d4-8878-e93d9d865c39,2023-07-29,419.3,Electronics,PayPal
8602d631-457c-49c1-8b59-8efb2a4448d4,634cee29-fdc7-449f-8141-97a78982219c,2022-08-08,815.21,Electronics,Bank Transfer
cf45e97a-aba1-449e-98b0-9611ec70e68a,160460f4-9550-4cfa-8eb7-13690dfc95e1,2023-08-18,472.27,Health & Beauty,Debit Card
b2dd40c0-e0bd-43ef-b0f7-a178faa348cf,a703c260-1712-4c31-b842-c2fca42aa7e3,2023-08-06,80.96,Electronics,Debit Card
3f520998-2bc4-4f38-af82-5ab2de339984,9848dfdf-03f3-4919-a23d-f28af4ae26d5,2022-07-15,183.91,Automotive,Bank Transfer
681db0ac-5b4d-416e-9bfc-dfd83a92f77b,409fd5b0-10a5-40e4-b19c-36dfc41e3dcd,2024-05-11,343.64,Home & Garden,Debit Card
3eb14165-078d-44d3-a0ca-4b3127b810a9,706cc761-6f3e-42c5-bc51-64942c5bdc30,2024-03-16,776.78,Automotive,Bank Transfer
9e48e3cd-839b-46a1-ae48-b47c006073da,a2cbe1bb-22d9-4c68-acff-e9891048873c,2024-03-09,489.79,Uncategorized,PayPal
c8436ffe-dcc2-4103-9c12-c5f3c6f17505,50524d9a-aa51-466e-b024-3f06b6598061,2022-09-13,489.79,Automotive,Bank Transfer
bfa4ab5a-6c02-40b6-bb06-9c3f1be6024d,86183923-bbd3-4072-b927-bbbf653435d5,2022-11-03,659.06,Clothing,Debit Card
fe4eace1-a485-45b5-827f-d8a3dfe9d92d,73897378-d98d-4ab4-aa86-cf1f7903479f,2023-09-21,823.01,Clothing,Debit Card
07e5ffc3-0402-45ea-9b53-a75abaec9222,5614b548-def5-48d6-b3c3-e4777a9fe2f5,2023-05-24,349.47,Health & Beauty,Debit Card
24884bac-7030-408b-b834-203c963e5f30,581197fe-ec81-4432-ba55-75d398de8c3b,2023-10-13,351.46,Uncategorized,Credit Card
1b67cc0b-6aec-4daa-bccc-a5961df1d6e2,0ce7d349-6b38-4db6-aea9-d4f69bebba2a,2022-10-12,899.35,Home & Garden,Bank Transfer
325613bb-4024-4737-902e-cd9faf933cfa,92d12e5c-544e-4fb1-9b5e-d2fa65da4940,2024-03-29,852.03,Electronics,Credit Card
473f3b1f-2e0e-40a6-8917-b3aac5296a01,bd4636a5-03e6-4cfa-9b33-aced34688ce6,2023-09-02,222.74,Clothing,Bank Transfer
347222c1-9766-4ae8-9263-4e509359b409,3d3a4150-d4cd-4619-b2f0-ce1cf0110d7b,2023-10-04,462.41,Clothing,PayPal
23b20ba3-dc64-48b2-9263-391c044bfe4f,9cec1fb9-0f9d-4019-a6e9-2fff4813471c,2024-06-16,963.52,Home & Garden,Bank Transfer
858b2173-fa72-42f1-8e11-acde120e697e,b8876248-a602-413c-b4d9-cca3e3404bb6,2022-10-13,224.86,Electronics,PayPal
aadc22e9-8f18-49c0-afb9-5960b08548a0,64d6f11f-147d-47f6-98bd-ac612ba39a24,2022-07-02,489.79,Health & Beauty,Bank Transfer
aaca0879-8a14-41a4-8385-b1bfd3f97653,24a3cb47-e98a-4265-98cf-e4ab7f59aa4e,2024-01-02,787.88,Automotive,Credit Card
45fd78bb-ce7d-49b2-a43f-c418abc621d7,f323108d-42e4-4e07-8d19-47eeea522904,2022-08-12,489.79,Home & Garden,Credit Card
13b1dad8-724d-45e8-9ecd-912d09e4931c,46dbc70f-3b20-4e27-8af2-a58801d78774,2023-02-06,489.79,Health & Beauty,Credit Card
4231fa1b-073c-4bf2-94d6-22dd9dd33929,66f81587-2823-40f4-9f67-a51c4fb3b603,2023-09-25,489.79,Clothing,Debit Card
fc9f91cc-00f1-4ffa-8016-878c069f3a1b,693a31b8-885c-4dbf-bd66-3066acd09ffd,2024-02-05,945.06,Clothing,Bank Transfer
fe3b0536-0a29-4ef4-a8bb-6fbc3171d44f,421bc92b-3b06-4e97-86a4-d720940c0589,2022-12-14,535.24,Automotive,Bank Transfer
d9ebf03c-6e01-4a50-9db9-58681d604dc0,c46880fa-2bab-4e63-b202-6c70652ac32f,2024-05-13,489.79,Health & Beauty,PayPal
ed89b7fb-0b0a-4e28-b086-538479d7cd24,396bdd19-a38f-4094-b7dd-de31cff5c0b7,2024-02-23,331.85,Electronics,Credit Card
9b25a2c1-514e-425f-be87-a57533d5503e,cb15922d-e28d-41d1-9e87-0a91c70b3411,2023-11-10,742.74,Electronics,Bank Transfer
8c2a3b88-0071-441b-98ec-b521f10ccdca,9ec1f057-e9a7-4b05-99a4-bcaf0d87e4dd,2023-12-19,756.36,Uncategorized,Credit Card
36bc83c7-adc6-45b8-960d-685e9d19661e,b0b79aef-cc8f-4036-99d8-b26f6e7ed5d6,2024-06-24,649.14,Electronics,Debit Card
9eead230-c70b-473b-a234-7002688b42b6,1126e543-34b2-451c-a56a-95737412975d,2022-07-28,489.79,Automotive,Debit Card
b72fc0cf-1406-424c-9c71-2b7e22e3f6aa,82dcf274-a476-4cdb-9deb-2217e7795421,2022-10-14,987.6,Health & Beauty,Bank Transfer
9f2128cd-2f2b-4f71-987c-29fd045021f0,f9984090-562f-4b19-a818-ad5a6895078a,2023-03-22,743.6,Home & Garden,Debit Card
9c649d2d-4a30-4ae5-865a-044f7f0bb386,c642072d-bbe9-49c9-b838-1f469cc23fef,2023-01-01,537.51,Health & Beauty,Credit Card
72e6f859-2111-4be3-b0e1-53895f0760bf,bfab64ba-ea96-4d36-964a-7d1416a52f64,2023-12-15,489.79,Uncategorized,PayPal
34878e84-afed-4cb1-a969-08a070c6be85,721db31f-2972-4ff5-af51-87c8bb6360a3,2023-02-10,0.0,Clothing,Debit Card
fd8b7c0b-06c7-43cf-9e1a-7094f5920ed9,2dcd6a2b-7f03-4a19-b96a-0f5864ed5809,2022-12-10,489.79,Electronics,Credit Card
d1c17e57-cbb9-4dc8-b638-ba2f1b1a8cef,3a8f0df6-e574-43a1-8e84-3d3c8fed2a15,2024-05-05,70.37,Health & Beauty,Bank Transfer
d2f2a30a-dc1d-40ba-aca3-8fe7615f7b01,a5789d1a-8950-44ac-babc-e8d25affd309,2023-03-10,901.34,Health & Beauty,Credit Card
9b3cf1b8-e726-466c-b26b-31aa11a13acb,9a4c7775-229a-42da-9290-e63d06190d1d,2022-11-14,434.16,Uncategorized,Credit Card
2bde4c68-1f79-42cf-879c-a2b1a42f87ed,b239c271-6fbd-419b-8a3d-14cf7594d288,2023-07-26,474.83,Electronics,Bank Transfer
54b4e6a4-5bcb-4792-9791-2a2aa5e110ab,9d18b403-eb4e-4995-b5e5-d40814145b82,2024-03-22,309.84,Clothing,Debit Card
4add70a0-9c64-41d8-b32e-f7f1ea06706b,dd788bb4-a914-4326-b7d3-0eaa7922dcb7,2024-01-22,856.21,Uncategorized,Debit Card
979260bf-0557-470a-af19-5dea2a52bc20,ec337e18-4779-469d-a580-700ae6c554a1,2024-05-11,908.97,Home & Garden,Debit Card
c085dc18-db0c-42ea-ae6e-0b3839bdd767,d9587401-57e7-400d-b08e-7b395a058c15,2023-05-17,145.72,Clothing,Debit Card
8ffcde15-2128-478e-a4c5-a7c74ec5aad7,61f4dc4f-1722-4f00-aab8-a75ee01083d9,2023-08-02,852.64,Home & Garden,Debit Card
b7d129bb-07a0-4c97-8f20-3bb55ab413ee,b4303539-1164-4be7-bcb6-9e7a1750632f,2023-01-17,143.19,Clothing,Credit Card
03fac2e6-f130-4cf6-b8b8-2f147c2fe60a,6f57c9c3-0c11-4d34-9392-08eb6b91fd0e,2024-05-21,-100.0,Home & Garden,Debit Card
799943c7-3b71-4f24-9b16-c2fcaf9b3871,09b0508b-a705-48d0-8594-5b7d85d024eb,2022-11-08,-100.0,Automotive,PayPal
e4ce98e6-81ec-48c3-a198-813996dfdf1b,174f9389-bd06-45e8-afcc-fb9157f832e1,2023-10-15,85.25,Clothing,Debit Card
a57a6e90-d751-466f-8d73-6f7f800ccc27,0a042a7b-00f4-4728-aee2-0fd288f3fe61,2024-01-19,175.59,Home & Garden,PayPal
68a34884-ded1-47ee-b1d7-c257bcc70050,a6152c8f-4d3d-4ec3-b634-ceda40252c92,2024-05-05,48.02,Clothing,Bank Transfer
56955d9a-88fc-4100-9d6b-1ba2eeca54e5,45cbb3da-5092-4c1c-937f-20fc421aa88e,2022-08-01,236.22,Health & Beauty,Debit Card
5295b804-fb7e-4dd4-bb76-a0e1a79841c1,e1b8e85d-8f14-4328-a29e-27a999bb25ae,2022-11-07,671.41,Health & Beauty,Bank Transfer
8245ed49-a244-4e10-b9ed-aa53764c959d,e9260953-d782-4d52-ad61-0605f3ab43fe,2022-11-20,204.03,Automotive,PayPal
eb39e61a-358e-4e5a-9370-1d612cdededd,5f9f9600-0245-4dc6-92a4-e2a7fe6b5ba0,2022-09-14,545.08,Home & Garden,Debit Card
0954b343-b164-4ddf-bb51-c7c2ae3ce6bc,a1d89a16-9368-4adf-b908-dbe3c43f0435,2024-04-07,246.45,Home & Garden,Credit Card
420a3a2a-1ac8-46ed-9009-30c3a0e75a3b,ba217c6d-bc13-4e7b-b9fb-fed65820ba8b,2022-10-15,77.69,Home & Garden,Debit Card
799943c7-3b71-4f24-9b16-c2fcaf9b3871,9fdc58f3-c089-4005-9ebb-ebeec62b93e3,2024-04-12,192.83,Automotive,Debit Card
fdb81781-8071-4364-b074-dacc53de5284,638dba62-ed30-4897-beb6-915faed84ebd,2023-07-28,183.66,Clothing,Debit Card
fdb81781-8071-4364-b074-dacc53de5284,e5b79fb5-b82b-4929-b87c-9de9bd20bce8,2024-04-25,91.0,Uncategorized,PayPal
a808b2b2-0be4-423b-abec-24068d450f73,913879c5-a8cc-403d-8e0c-95db3fc62db4,2023-08-23,903.27,Clothing,Bank Transfer
51668fb4-bf4c-4030-8df0-ddc2263ec6ad,a6364ed7-6a6c-4f8f-9d06-de10689c2f55,2023-08-01,850.55,Health & Beauty,Credit Card
a9b65902-b754-4bc5-a670-f571ede577f0,ac83883e-a14b-4d2b-b4c8-419f81b34245,2022-08-26,147.78,Electronics,Credit Card
11227dc2-7920-428f-93a8-4595cc1fe6ca,31ebab7b-3a0a-463f-b098-32cf5d1d0eca,2023-12-19,638.45,Home & Garden,Credit Card
54f75d68-a8d8-4790-b65b-8937fd8f561b,b61856af-8db4-4218-963e-b04d5df59620,2024-04-07,548.2,Electronics,PayPal
84db5b8d-acf1-47fb-b3aa-100b30fd99fe,890c0f64-d631-482e-9dd2-a12e8c466e65,2023-05-30,877.71,Health & Beauty,PayPal
3a37d39f-9c74-4ca1-987c-5ac5269b13a3,bd8eb4c9-a709-4ba8-8020-995c79e7f67d,2022-10-08,661.27,Health & Beauty,Debit Card
9f6b9ab6-1055-4a20-912e-23adb444695c,be60271d-e791-4227-856f-e8547efa1228,2024-05-02,611.71,Electronics,PayPal
b94b44eb-30b8-474a-9821-721c096619dd,5a22a471-76fc-46ea-9454-8361e0a8d90a,2022-08-20,489.79,Clothing,Credit Card
38d746bd-c227-416a-aa28-610ffd379e58,db154379-42a3-4ae0-a4d3-29c53226f8a1,2024-06-22,-100.0,Electronics,Bank Transfer
8a5849f2-1fcb-44c7-a90f-e16023c0465e,3dfb5683-3c9b-48ea-9088-3879a80c6979,2023-06-12,109.46,Electronics,Credit Card
8fc8a8ff-33a1-43e9-91a1-37969a253271,a848c584-54b1-4904-b987-24aa340928a7,2023-01-18,963.88,Clothing,Bank Transfer
8414f142-72a4-4343-9afd-48c4333bfda4,e963276f-94c1-4a6e-ad8c-791c61df4436,2023-03-15,449.29,Home & Garden,Credit Card
b791d365-bf14-43ae-9939-aabd2c982866,200d7d2e-ec9e-4152-865e-0e4099006397,2023-08-21,489.79,Home & Garden,Debit Card
7364802f-db98-43cd-8efa-8695104b4b0d,92c7eaf0-d869-4dc8-a105-ef930ad24881,2023-09-07,633.42,Home & Garden,PayPal
126a19e5-9bad-49df-a564-60ddf3c6afa6,772db883-c582-4628-8b37-03780ed70a0c,2022-07-20,771.77,Health & Beauty,Debit Card
4deac5c0-5e2e-4794-9978-f25be68734a7,87f01e54-796d-4e78-8dda-783e8b6412b3,2023-04-06,978.26,Automotive,PayPal
d9391194-ad6d-4b19-9dbf-930f75acb747,3989c80f-1b66-4e17-b982-e7f4031aa3a7,2023-08-07,794.59,Automotive,Bank Transfer
f6f7400a-0aa5-47dc-bc5a-af3e38d00f30,1b6e538f-a209-446f-8bbf-63a8649af36d,2024-06-11,94.58,Clothing,Debit Card
5e0088d4-e37f-4ce9-add7-cc4e056dd95f,a4e441aa-8ae4-458c-9a01-17a0183e8180,2024-01-03,528.56,Uncategorized,Bank Transfer
df49d870-e940-4a8d-9c68-4cef4e28d916,c973e649-970c-4c5d-bc3e-a61ce39da77b,2023-06-02,964.75,Automotive,Bank Transfer
c3f22991-8910-4823-86e4-8637520d3952,4feb97c8-da3c-4800-9a52-58751747a4be,2024-04-18,193.78,Electronics,Credit Card
015006df-480b-4c0d-9a6a-550691817c48,69d4caf0-248a-4891-8223-8752394f41a2,2023-10-19,404.73,Home & Garden,Credit Card
8a39b491-7b4a-4319-ba21-ece95b3f2195,2964c5b8-dc00-4b8c-870e-1c7ab96831d7,2023-07-14,519.66,Electronics,Debit Card
5ba7a03b-0d2f-4fc3-bd36-7a675c1ac61e,576aed06-5874-4e39-b676-5611a8de1b01,2024-02-04,874.13,Home & Garden,Credit Card
fe5c7c84-2e6a-4e3d-bf6b-d2b783d13dc1,3a5bbaad-6b7d-4ce5-9eef-a5d6827d4bed,2022-10-13,865.95,Automotive,Bank Transfer
d0aa2f39-2e86-4fb8-b742-0e8888599284,7123c884-0de1-4f7c-b821-d1b1c7d287bd,2023-12-13,450.68,Uncategorized,Debit Card
8a1b714a-0592-42f9-bdc0-e7d67163f3f1,a7356584-aa29-491f-8b9c-59e83f084ee5,2022-08-27,109.89,Automotive,Credit Card
c16f42a8-3339-49f4-9aea-c1dda8b0701e,f282ff4a-e95e-4b6d-b67e-58226346346e,2023-11-07,790.23,Home & Garden,PayPal
e8798924-768e-47a2-8141-3fae4ec75096,5e7f0ce5-2f7a-42ca-8e32-f89b49b77d9c,2023-08-07,866.05,Electronics,Credit Card
de1c2a79-7a56-4c28-aa2c-bb92b255b031,358faee8-d6b1-4371-8db9-2bc04de787ed,2023-02-04,153.82,Uncategorized,Credit Card
7fbc5847-a652-4fc8-a7d8-5e85d846e91b,b9aaab73-d05a-4184-99b7-8a11fb3ca06d,2024-06-14,80.73,Electronics,Credit Card
6cd7a734-a51d-4a11-ba1c-00c49d9a4490,31c1d03b-11fa-4e9d-9cec-16e17a68673c,2023-09-10,489.79,Home & Garden,Debit Card
b05ce7b6-2285-4728-8601-6d75030a902f,e0e06e17-6c6d-454c-adce-836d5e3bab45,2024-05-26,419.49,Clothing,Credit Card
1cd56853-6499-4d13-a476-40fc45bdf30b,75e680ca-d93c-4214-9848-ecd4151d54cb,2024-01-20,399.76,Health & Beauty,PayPal
077936e6-6556-434f-9494-e5d671b6e71c,57d48fb9-855d-494e-8e57-f065da3e79a4,2024-01-19,182.28,Health & Beauty,Debit Card
e173b550-09e9-4e41-a7a6-ed62238a5435,c234c424-16df-4f1b-9f1c-aabf044549b5,2023-04-03,489.79,Clothing,Debit Card
d73b85a1-9eaf-4141-ab97-d98e418cd938,b942eeaa-06c4-4f24-83a7-aa0007e0aa06,2024-04-25,958.56,Electronics,Debit Card
5be24c07-9b89-479a-ba96-5edb10b65b3d,c9116132-aae4-41ea-b5ea-31bef653f8b1,2022-11-15,108.91,Home & Garden,Debit Card
979260bf-0557-470a-af19-5dea2a52bc20,c5d400f7-ff43-4078-9b40-44d68c8eb659,2023-05-12,489.79,Automotive,PayPal
f1dfc90f-e884-474c-85a8-2058e3db24d0,37999581-1a05-4c85-a0f1-02fb0fb88ff4,2024-01-22,943.29,Health & Beauty,Credit Card
94af9fb6-cf6b-47ae-94b1-932bc5da0e25,09d43a7d-5f18-40c3-83f4-1c41cd8a0233,2024-01-18,451.6,Home & Garden,Bank Transfer
96b637b6-adb9-4bd1-83fa-643d65056c8a,d632e871-17a4-490e-808e-6fe86138cb1f,2022-09-26,492.5,Electronics,Debit Card
7d4f167d-3aad-4f1f-a1a7-0a9cfdb1aa1f,3e9cb992-8d06-4329-8cc6-fa79bdf26f6e,2024-05-02,455.46,Electronics,PayPal
8375d38f-88e2-4c33-9647-f8b8b55b1426,f01412a4-6d1c-46ce-a912-7b0a8c2a7596,2023-02-23,-100.0,Health & Beauty,Bank Transfer
b03edff3-4a64-4e5e-8818-10e37291a8c6,317eb7e4-9ec3-4390-ae77-ddc6c3fe3c1f,2024-04-18,630.03,Home & Garden,Debit Card
7335edae-4008-4386-ac65-f67b54eb40cb,384ad9a7-e242-4c81-9085-825ec1000c2b,2023-10-25,869.39,Home & Garden,Credit Card
1ec9eb96-4175-4c16-8477-4a6357f4e000,e161ce37-4d2c-41e1-a4d3-11ae6ef87c0c,2023-01-24,150.04,Home & Garden,PayPal
4946e458-8116-457e-9d62-c452df28a1a9,2e88e874-7cb1-414e-bcf3-89259380796a,2022-08-20,590.02,Automotive,Credit Card
afc2a89b-0b66-4b13-83d0-54cc54e5dae0,ea281d2e-8364-48ca-8560-27f408c92fa3,2023-03-23,855.81,Clothing,Debit Card
e492b3f7-f74b-4ac1-9d04-2cfc9d9afc43,0d0d167a-6560-4d46-bbb2-ea5116b72768,2022-09-28,21.48,Uncategorized,PayPal
9d8bf85a-a329-4a0b-a46a-4cc840629255,2fbba183-f355-4cfd-9903-5bf50cdaa707,2023-11-24,49.0,Home & Garden,Debit Card
6252bbc1-e83b-48d0-8bc3-599aaf3a8a3e,c4db1af0-06d1-4fb4-a12c-292d047349f9,2022-10-02,10.03,Electronics,Credit Card
2de49c7c-32ae-4ba8-b058-622a090d7094,4c272502-6aca-4249-a7b3-29405eadc589,2022-09-28,276.46,Automotive,Bank Transfer
b8a3bca9-79e2-4a99-96be-f23108c05f00,be1dbbf5-ef73-4d2f-a4ac-7745a8ce62d6,2022-09-04,489.79,Uncategorized,Bank Transfer
8a5849f2-1fcb-44c7-a90f-e16023c0465e,077c7933-130e-48d1-9413-12a610026b6d,2023-07-18,309.42,Electronics,Debit Card
321adc94-8a35-4998-bc17-0cacc00988f4,8c8b85f2-5e6e-457a-899d-6c4b392d2239,2023-08-22,489.79,Home & Garden,Credit Card
c6253172-8dc9-4c82-8816-9d2740b0e3b8,3480df63-4a93-40a5-85fa-bedc0e993a32,2024-03-18,665.43,Health & Beauty,PayPal
fb54e89f-87cc-4b19-9c19-9488273a3a69,73163b54-bc0a-4e80-bd6b-bb12e1c1eb3e,2023-12-27,593.23,Automotive,PayPal
c96a5ee9-f1a6-416a-adc6-1c8b128c7399,914608f0-5b12-4919-a34e-30d21cc961df,2023-10-22,340.13,Health & Beauty,Debit Card
54b3556e-e480-41a2-9dcd-7da1d91655aa,f98f4afb-efc3-4825-b21a-c71a0006513c,2023-07-29,113.56,Health & Beauty,Credit Card
4d1b148f-cda5-4baf-aa6e-d83d7adb5192,ca167a2c-1c9e-43c3-8a4d-a155d320826e,2023-05-05,838.35,Home & Garden,PayPal
9e506199-8b74-4014-84a2-96cd00c6b700,8e6bf412-d14e-4f36-9cfd-665a9456e249,2023-08-25,666.93,Clothing,Bank Transfer
12dc6fed-c847-4040-93a1-dd00eb7ccbc0,44defca0-aad6-4168-9b60-99f5e3e8f7e8,2022-09-17,159.17,Electronics,Credit Card
40f2fc46-f4cf-4987-ac84-73e500fcb521,383c0bdd-1c85-47cb-86b3-5171629aa781,2024-03-11,502.28,Uncategorized,Credit Card
05abacfa-de8a-4606-a35d-7487ed7554c7,cc050604-80d3-4c87-a224-48c4bc998e0e,2022-12-02,680.62,Uncategorized,Credit Card
840c5cf0-3fe7-40ee-8f3b-08c7c0dad3d1,491db6cb-113d-4c5f-a575-75920c1042cc,2023-10-16,133.02,Automotive,Debit Card
153db56e-c750-4137-8435-d4f0544281a3,95caf5d4-792a-46fa-9dae-2b552d546270,2023-03-27,285.63,Electronics,PayPal
29b5dfdb-3011-4160-aec5-6761021f86e5,73364397-94a4-45cc-97e8-228780e75277,2023-03-04,893.14,Health & Beauty,Debit Card
94c4f2d1-5f8b-4d82-9fb0-f1953ae4e597,5cb35ee6-2328-437c-9eab-6b92c5226f76,2023-02-26,961.79,Electronics,Credit Card
633da32c-9390-4216-bb7d-a7e8b2274777,c6f6925f-5460-4d84-8ae5-cd8eadc79ead,2023-05-04,920.37,Uncategorized,Bank Transfer
f1f60fef-30b2-4856-b97b-11bbc63e7048,f3431bcc-1de6-4c9d-891d-0967129b6a72,2022-11-03,618.81,Clothing,Bank Transfer
448245da-3a0b-4f52-a40f-a25ca0a2fb6b,117cdd20-0ede-4311-bdc2-2cd3253f7f5b,2024-01-03,871.83,Electronics,Debit Card
5cd1596e-3b34-4bfa-8b07-dd9fb9ea1845,456fb380-33e8-4199-b98b-56b99cdd8e19,2024-05-23,571.64,Electronics,PayPal
8cac34ad-138a-4c96-b5e7-f2e795b16acb,f10f973b-0b10-4e95-acd8-5bceffd04704,2024-01-17,961.2,Clothing,PayPal
4657dc86-a2ed-469b-b3f8-44bb3d08ab9c,4887f2d0-35de-4c5d-8794-adb24d9ebbd9,2022-07-07,992.33,Automotive,Credit Card
76f1f27d-869d-4a4c-9c90-0cfd08917e83,2d2b8a23-f24d-4e4d-8ce8-051bf7bc40c4,2024-03-06,106.07,Clothing,Bank Transfer
1ee3bb5f-94ab-451d-89bb-9f1180ed009d,0e552ec2-a57b-496c-8c13-066e774c8d45,2023-03-21,202.33,Electronics,Credit Card
37fe7939-62de-48d6-bd1a-80ec3bb670aa,2144d24a-8e79-4840-9810-4593d845f557,2022-07-04,768.46,Clothing,Bank Transfer
318b3d11-6e23-47e2-a20a-9ec272db6123,2eb34e06-a980-43c7-9122-559a4768b731,2022-08-29,204.43,Automotive,Bank Transfer
fe652a6b-df5d-4a14-99e1-3d1bc3d4aba9,f2ba9668-0a56-45c8-9f4c-43b266b6423d,2023-12-01,919.56,Electronics,Debit Card
5819025b-3df7-4da6-a8bd-5d980e61c5a4,3e3d84fe-b536-49b0-8a05-eb3bb9931f8b,2023-09-09,489.79,Clothing,Debit Card
bbf7c36f-3745-4d3a-9e33-f927c2755f65,fe0e8226-9e62-4430-990c-c49793cc93c1,2022-07-20,442.5,Automotive,PayPal
432b84c8-05c8-4609-b8f7-a0c298fb8f23,49c76123-b6ad-4c4f-a6e9-9e62d39a5bd0,2023-04-12,778.29,Electronics,Credit Card
99d38969-3c5f-4387-bb49-1ba429f7acae,af13e45a-1c56-4bf6-8410-8b5020a6f6df,2023-08-13,373.37,Electronics,Credit Card
26ffdfbc-43b8-4a9b-b23d-0e029dbbeea1,61e560ba-ca02-4a8e-ae79-5d5233f143e3,2023-08-16,489.79,Clothing,Debit Card
6f27b068-88f5-4889-b7c4-2c78c9003846,ebef65c1-bf2e-4d05-948d-919e256fa59e,2023-07-18,37.38,Automotive,Debit Card
b7d129bb-07a0-4c97-8f20-3bb55ab413ee,0c475e17-340b-4b04-a635-afc23ffdafb5,2022-11-08,332.53,Clothing,Credit Card
c2c93273-8204-4385-8dd5-a277dc51989f,dd0c1121-1ba2-40cc-b15e-c15d34665292,2024-04-25,655.49,Electronics,Bank Transfer
885582df-3468-44c9-b92d-ea9d8396b962,154b13c9-8b02-4f47-877b-55ebcc2256d7,2023-01-19,586.52,Electronics,PayPal
c0bac7ce-a529-4c71-912e-fe63f475b8e9,726c4561-4838-4f90-a1ec-185de7a00cda,2022-07-04,753.53,Clothing,Debit Card
a5e02710-f26b-4273-b340-f67961873073,4dab8356-3715-4b5a-9fc9-5bff225f1d3c,2023-08-27,565.98,Clothing,PayPal
dd2a43cd-bfed-48e5-80c7-a27d7991a6ae,ff5b0544-9d5b-4db7-a864-e05425203d26,2023-02-20,750.38,Electronics,Debit Card
42d3c5b0-ec77-4567-b66c-449783077049,02221793-d5ba-4064-99d8-33c1b6722278,2023-10-03,911.51,Electronics,Credit Card
f5b15ef5-1301-4e8f-b2c8-9f7bcef998d8,71b070fe-b819-4ddc-aa55-1b9fd06e56ea,2022-11-30,610.56,Automotive,Debit Card
b449a41c-c911-4d86-8125-5d2aca600289,8c2dd8be-ecfb-4fb5-8943-903ded9054d2,2023-10-31,580.18,Automotive,PayPal
75e2b1f9-ea4e-4d40-8035-4c6447576b3f,bfb82989-c54c-4a62-bb17-7173353d2362,2024-01-10,269.68,Clothing,Credit Card
19562c03-096b-48c3-bf01-c04ceedef78c,8e2262a6-0b92-4753-8a84-645636cc954b,2023-11-04,457.83,Health & Beauty,PayPal
52e263ef-2b36-497b-bc41-da90c9b9c1fa,58c5f385-b5eb-48d4-a57a-43e92cc9d3cc,2023-05-28,240.41,Uncategorized,Credit Card
42c67723-2085-4d2e-b237-fbfdfbdf9f3f,f7b10aa4-13a0-4e1e-81df-47b6097e4cc8,2023-07-04,889.07,Home & Garden,Credit Card
56a5cf77-1afc-4911-8259-9293710ca596,8bf0a93e-2fd4-4cfd-afe4-2addd553dc95,2024-04-10,405.34,Health & Beauty,Debit Card
96f0eb54-ca26-4ec6-b15e-2d1263d5a701,7f9d983c-794c-417f-b30d-5ea50ea0a63d,2023-01-19,22.97,Automotive,PayPal
5ada20b3-7201-47cb-b845-5bb258f7d233,6cac150c-d523-46fd-b322-6f5ce6a372fd,2023-06-08,559.81,Uncategorized,Bank Transfer
ee399e65-73fa-457d-9b3e-0bf005bd1c18,c4197ad2-d2f2-4352-9eff-88240d54f718,2024-02-11,361.75,Clothing,Debit Card
7cd96f82-4bad-4efd-a6aa-d6098dff001e,c6ae53c1-b4c3-4812-990a-ca0aa7c2eb7c,2024-01-27,798.91,Clothing,Bank Transfer
cf50d018-07b4-4e98-89ac-090099a0fedd,5b056f56-558b-4792-9826-ca5712c95f28,2023-08-22,634.46,Electronics,Debit Card
e556be3f-49dd-47c3-9bd1-6f2fb1b79d52,6a4b1776-05e3-4fe8-aaf5-0ceefe19d509,2023-05-12,808.89,Home & Garden,Credit Card
ed051cf3-6e2c-4857-91c7-57cec78e440b,c07d64fc-3a5d-4adf-bdf8-dcdcc24e93c9,2023-02-10,592.76,Electronics,Debit Card
448245da-3a0b-4f52-a40f-a25ca0a2fb6b,f152494f-127e-46cf-a137-68fd7c0d19e0,2024-01-05,774.04,Health & Beauty,Debit Card
efa73de0-f044-49ae-8118-c5607b420e4c,7b67fccd-0a58-4de3-a567-44d1c907c677,2023-03-10,489.79,Uncategorized,PayPal
2ab68bd2-8796-475c-ac9b-835e790ea9dd,fd53993d-78f2-4ff1-9063-48bf28cb53ce,2022-09-26,179.45,Home & Garden,Debit Card
e475ef54-cd9d-4905-9282-ea4799a24af3,bf64f5ce-428e-4d59-b64f-ea5661c9e47e,2023-08-15,375.94,Uncategorized,PayPal
9e85fb2e-f7af-4338-9b2e-0b900102405c,4df21321-04bd-47b7-9a98-4bea62fd67de,2023-07-02,489.79,Health & Beauty,Bank Transfer
ff3f41ad-9dba-4ce4-97fb-022a275ed0d8,1e2180d0-3512-4701-a8e7-dca5fc3770cf,2023-11-20,649.56,Clothing,Credit Card
93345558-abde-4687-870d-49dfe412d9d4,f0548293-87a7-4e14-afb5-b42f7b194c28,2022-12-27,524.17,Electronics,PayPal
d1819fe7-bcfe-433e-9f59-83aa549cc779,299acf4b-0f14-4336-b0a0-8a3cea58e9c3,2023-12-18,628.01,Health & Beauty,Debit Card
cddc460b-dd79-40bb-a1c8-b79bf727cc0c,141edf0d-9d20-49bc-99c3-c01a4e05d853,2022-09-14,381.37,Clothing,Credit Card
09fb5363-5925-415e-a0b3-e47e07854481,bcdf06fc-2272-4311-a945-39faa4bfdfd8,2023-07-08,539.51,Electronics,Bank Transfer
cc90dc03-ab3f-4c79-b0f4-17bec02f7058,7eb73d7d-c974-428f-8b1d-ccbe33be003f,2024-04-17,73.68,Automotive,Debit Card
509c0596-50f8-4e68-8204-ddf396e67862,8ad6b9d5-f762-4a8f-9b38-0800d1bf0e0e,2023-09-18,489.79,Electronics,Credit Card
45fd78bb-ce7d-49b2-a43f-c418abc621d7,1d87c42a-00f2-4d5b-b6bb-0c77de527988,2024-02-29,664.82,Home & Garden,Bank Transfer
996dc968-4b6e-4dd5-ab98-e69a88eaca15,67f86eff-8861-4eab-8db5-d27c241cd1b9,2023-11-19,817.27,Home & Garden,Credit Card
c7638863-5d8c-4fa1-8c12-2b715d74cd68,58c91c6d-c508-497a-b95c-af94157652c1,2022-11-28,630.41,Clothing,Credit Card
53408519-26e0-465e-bd85-3da3424c147e,6f5ef0df-00b3-43da-977f-c47915fc3d53,2024-01-23,979.21,Automotive,Credit Card
c39b1fb1-7f69-4631-9279-b8051420c444,30580f34-64d6-473b-8a47-63a26c76716f,2023-01-14,489.79,Electronics,Debit Card
29b6f958-4c5f-4a07-86b0-8c7b927597da,00e1b539-8755-4e8a-abdc-5f438f78afbe,2024-04-09,746.36,Home & Garden,Debit Card
1906e365-5d12-448f-89ee-5c1cb9af446d,1279a31c-7e12-4aa6-8eda-136365c7bebf,2022-07-30,14.8,Clothing,Bank Transfer
d2f2a30a-dc1d-40ba-aca3-8fe7615f7b01,1015737e-bb5d-4fce-a7a9-d2bf33c4d568,2023-08-16,961.63,Clothing,Credit Card
3072aa43-6c0a-4c09-9ab0-aff70d555e0f,85d9060d-2158-4c1d-b846-52ac34095e86,2023-01-11,978.92,Electronics,PayPal
b1c1b919-9783-4528-893c-3368d978e622,f33ddb55-c9a8-4ff4-8851-45bb7b93fdcd,2022-12-08,339.88,Health & Beauty,Credit Card
bf0ab935-f8a4-4d18-894c-bbd1d776a07d,506d55bb-057f-4048-a67e-1b21f004a7d4,2024-05-30,260.68,Health & Beauty,Credit Card
4312264a-0b51-4a9d-867a-5e6f1d974ef6,d98cb6e3-3d6a-45c7-950d-27bef432d8bc,2024-06-04,489.79,Health & Beauty,Credit Card
ba0181c9-c5af-44b3-94af-81bf63fac5df,a90ed833-42c2-41e2-b6c4-f9aca76e7acb,2023-07-07,843.82,Electronics,Debit Card
a18b589d-c51a-490c-8c54-7ad20edd44f1,9ab1e1fe-9129-4b48-b5f1-a8de9f0492d7,2023-03-17,882.18,Electronics,Debit Card
89c577d3-44ff-4129-9169-034642c47cf8,37032579-781a-4222-9c1e-4a422c474377,2023-05-13,191.23,Health & Beauty,Debit Card
05609335-a647-4691-80a8-82b43518b767,b1867140-0090-45c9-8d3f-f5e29c06cfb6,2022-09-13,489.79,Health & Beauty,Debit Card
b1d6a46b-214c-4592-9688-82d0fd977bb2,57f232d3-3291-44a5-9971-9a91d76121bb,2022-07-18,754.46,Automotive,Credit Card
0b78455d-7ecd-41c3-953b-4c883ce336f1,e0effb5c-a4cb-4048-bcae-5407e7ff44f8,2022-10-11,658.38,Clothing,Credit Card
47b7bf11-6a78-4e79-b284-a6b8b6cf732a,ead165cc-beb9-4355-a6d2-d628b4006dc6,2023-01-15,935.1,Home & Garden,Debit Card
2353e631-3267-4287-aae4-4e05b71a0bb1,a9029891-5ae7-4ff7-8c3c-ff5d739fb13e,2022-10-09,572.89,Clothing,Credit Card
56fe3f0a-c1fe-4cfc-a986-658ebb6416e8,84ed2539-42de-4835-a9ae-ceeb40a3ad08,2023-09-12,613.51,Clothing,PayPal
ec42fc84-51a4-4f32-971a-132852d4fe36,9bee37d8-7614-4341-8324-c33c6f2951bc,2023-10-21,989.35,Home & Garden,Credit Card
a3eb47ea-51aa-4e1a-9d5a-48363ff52433,ba75101e-6d24-4a48-bd93-713b6b637bd3,2023-04-20,999.55,Uncategorized,PayPal
fc9f91cc-00f1-4ffa-8016-878c069f3a1b,ed5ced52-2346-4758-ad1f-08087dce478b,2022-09-23,526.87,Electronics,Debit Card
c51a0615-0139-4cfb-84f7-0c5f12c7d9b8,062f5027-2393-4f06-9fad-69b0ea3c1138,2023-06-18,940.6,Electronics,Debit Card
22b21e10-1132-449f-a2b9-61ebf725f800,cfc119eb-4d70-4dc3-a8cd-fadd6d7001aa,2024-05-17,599.55,Automotive,Credit Card
f770e561-feaf-49f5-8a33-7dae0e80cb43,3498b159-2209-4c1c-9eaf-bdea339ba1f1,2023-08-21,81.07,Clothing,Bank Transfer
b56473e0-5c57-4325-94f2-6414db34f557,2ead3aa9-d919-46e8-8e78-33551b8b9415,2022-10-21,489.79,Health & Beauty,PayPal
d8a93878-8a64-48b1-9099-65b5695c42c2,99fd3dd2-d38c-454f-aebe-a4065bdaf9b5,2022-07-27,732.69,Automotive,PayPal
fd24b1c5-a6ec-480a-b127-7354bce6e545,bc044b31-270c-4e5c-b574-7765325cf07d,2024-01-24,378.63,Automotive,Bank Transfer
5bb6126c-97a0-441c-95e2-3d962016c4c0,9ab59241-d02c-4a23-9670-0eb422fb678e,2023-04-06,483.41,Electronics,PayPal
0fb0bd8b-df5e-4029-be1f-b861d1ded562,e255d4eb-8deb-4b91-8019-60d772c1072a,2023-05-17,857.27,Automotive,Credit Card
c71e53bd-d52e-43c7-853a-bde70ff3cf38,ad073951-dd0c-4cc4-b1a0-00d5a03e6236,2023-07-31,768.12,Clothing,Debit Card
40135fcf-ed9d-475b-a435-5b20b108e1f5,0ee0c905-5c45-4ff4-8fde-d45cb7675906,2023-02-03,825.73,Clothing,PayPal
6492040d-56f8-4c1a-bbe0-5b62fb39c65d,b8de0250-24ec-4915-886e-4a81cf0126ce,2023-11-09,571.76,Home & Garden,Bank Transfer
1d9db6f8-33f1-4b28-87a6-20504dd4ac20,c30c5e36-c21d-4716-bd99-6cd01c1959ca,2022-12-27,241.94,Clothing,Credit Card
cc5da89b-c295-41c3-b27d-c759cca78ba8,4451beec-e5c0-4574-86b5-27dc08f51ad0,2024-01-25,820.49,Home & Garden,Debit Card
f6bbcdaa-e3ec-489a-9d20-b2599f57323e,6f66f251-6a37-4662-9b70-1b17d9c11fbc,2022-07-19,970.74,Automotive,Bank Transfer
8ee0d652-42be-43fa-940a-0489b7e73791,8799727c-0639-425a-866d-a04b935a71a6,2024-06-25,785.22,Automotive,Bank Transfer
1ff38fb0-37da-4b96-a087-ac062fa27414,dd9376c7-0ee1-4e5f-ae36-9c6f03d3b11d,2024-02-27,552.66,Automotive,Credit Card
f52901c8-b06c-447b-b7e1-ab94047c75c1,097ebb69-2517-4745-9392-ebb916af6518,2024-02-09,611.8,Health & Beauty,PayPal
fd11859d-5449-40e1-9803-5825dd1b9853,2289a63a-ea7b-47a7-b4b9-d65d1898708a,2023-03-06,943.06,Clothing,PayPal
0773c2a4-9485-40ba-b6a5-645cd15d9837,1e045b0c-f210-4046-9d77-6418e98e12de,2022-10-16,180.07,Home & Garden,Debit Card
b0ce5c86-420b-4bc6-be06-02814c3feb2f,ca2aa940-7458-45f0-a5c6-7789533e7a92,2023-07-16,696.76,Electronics,Bank Transfer
95f9b3a5-f108-4cd4-9887-97e9f01e36b0,fdae4b9c-fae0-4f67-91bb-9d85dc686fcb,2022-08-08,921.78,Health & Beauty,Bank Transfer
e2df0721-50dd-4f08-8f6b-ab18a0c51b85,e355b1de-886a-4596-891a-f07bcd6d2a9a,2023-03-18,893.26,Uncategorized,Credit Card
b3d5ed26-6131-4fc9-9b68-040ddb426f67,4ee691d7-192d-45e1-9f13-e71e817d5f3a,2024-03-05,602.09,Clothing,Credit Card
2eb6a3f0-488a-44d3-a260-86da1b289ce0,a7339ee9-6eaf-4ac0-bc27-ad99a3dd14bc,2024-01-03,962.4,Automotive,Bank Transfer
7ec817cc-3080-4355-9022-c58b6d534785,04080948-869d-4da2-a099-cff324532767,2023-04-21,379.53,Home & Garden,Debit Card
015006df-480b-4c0d-9a6a-550691817c48,8646b340-dd6a-4198-be65-d97bfd501033,2024-02-26,92.35,Electronics,PayPal
37709633-2fac-4ab7-b420-8420cbdd4bdb,19d49c07-657f-4c2e-9cf7-a158e5be9dd3,2024-01-26,204.8,Home & Garden,Debit Card
a53c8c2d-9bcf-4812-ab7a-10840de166fb,853527e4-a9ea-4658-84ee-bd62bd8b453a,2023-03-23,381.93,Automotive,Credit Card
8c2a3b88-0071-441b-98ec-b521f10ccdca,d5a70202-fcc7-4881-bcca-4f101edfdc07,2023-03-07,27.51,Clothing,Bank Transfer
f447245d-7239-4808-974c-7fd358f61c2c,0418b214-ef64-4eec-bbe7-f0a3008ddf83,2024-05-12,244.05,Automotive,Debit Card
cb3eec9c-c522-44e2-8011-9150b0cc902d,cd603d8f-246a-4a32-81f2-b18ecfc43c70,2023-08-03,298.6,Clothing,Debit Card
babddffd-9064-4f6d-99fa-0ca97adefb69,53668476-36bb-4ff7-a703-6fc8cc1d35ee,2024-06-16,414.51,Electronics,Credit Card
00742b15-bab0-440f-a085-221ce13d95a0,6700feab-2eca-4f98-958b-d37a8fd90571,2022-07-14,153.09,Clothing,PayPal
6dec1421-f6db-421e-851c-a98d5688392e,02052387-5201-4c1b-9028-7aa388200ce1,2023-08-08,681.36,Clothing,Bank Transfer
fabacef8-5d27-4028-bec6-ab116a3219ae,29e11362-7a9c-45ed-b0d0-ec9ec1efa34e,2024-05-25,854.03,Clothing,PayPal
fe4eace1-a485-45b5-827f-d8a3dfe9d92d,c6c189ce-f269-4975-a90b-7d3cf1ea2a6c,2022-09-08,631.76,Home & Garden,Credit Card
b91543e2-f5b9-42f4-9d0e-3fb4706558c0,cb16b18e-68f3-4d13-ac92-cdc04d704b75,2024-04-07,768.18,Uncategorized,Credit Card
a5e02710-f26b-4273-b340-f67961873073,3f29e8ce-b481-48df-bd93-cbbe3781aca5,2022-08-22,835.33,Health & Beauty,Credit Card
4e5e8598-a3bb-4580-8c9f-a2ec0d98afc4,b09517f1-496e-4975-86be-f1f2ef4d28b2,2023-09-14,240.62,Health & Beauty,Credit Card
428c1b00-d1dc-4d9a-b4e0-60d112f3352b,4f88d1e4-5ce9-46dc-811b-59eeb25f4005,2023-03-09,257.7,Automotive,Debit Card
0954b343-b164-4ddf-bb51-c7c2ae3ce6bc,cef35ec9-b803-4547-91b9-242372bc452d,2022-11-27,284.67,Automotive,Debit Card
3fc8273c-1793-422e-b1b7-4f1217622e5c,d8fd3a5c-9720-438e-8d6a-8e9b82b86458,2023-02-28,509.06,Uncategorized,PayPal
471c3204-b4bb-4f9b-8b2c-29a2caa9e7da,dfc0cbf4-1332-4253-abe5-09491afedcc7,2022-11-20,187.85,Home & Garden,Bank Transfer
8ddf315b-2c2b-4768-a1b8-2836d9f9546b,48fa7794-9793-47c1-95be-42319d9d0bae,2023-12-24,700.41,Clothing,Credit Card
4f1d7108-1020-4ed3-99ce-cbf717ad9132,a62e6177-b191-4748-a06d-8f37f90750d1,2024-04-25,42.62,Clothing,Debit Card
f2550752-ee52-4207-a38b-633fdc9a23a2,cb3c9b56-dc3f-47a8-9014-caf575ccb8e1,2023-12-15,629.53,Clothing,Debit Card
cb3d62ff-4018-4d7e-886d-cf58d77e0ea1,b0922b17-8684-44ea-934c-b87572013088,2024-02-24,977.66,Health & Beauty,Debit Card
f4b55428-f12b-4cca-9600-d354423635c4,f2988c0a-47ca-456d-931d-75e682b9d013,2024-04-30,743.84,Electronics,Bank Transfer
a19141a4-b574-4bdc-a9b4-c05e8b2519f7,4e59fac3-988c-4916-a4e3-e5cabd001e18,2022-12-24,332.34,Health & Beauty,Debit Card
0a3c84ac-0979-470f-83b6-adb135f223c4,fe7fc94a-d29f-4f75-bbfc-d4f475b7b9dd,2023-05-10,489.79,Electronics,PayPal
1938b05f-14b1-4bda-bedf-24863003259e,daab6051-3e3a-48d2-ab48-ef881d7fb658,2022-09-09,13.79,Health & Beauty,Credit Card
60ac9bea-e2cb-4338-9351-0e0aae82f71d,8eba19b3-a74b-4eeb-890d-042573bc1eb9,2023-06-06,853.65,Health & Beauty,PayPal
9f682ebb-dc68-4d1a-a83a-4b1f74608578,7a6d1a1a-bdbd-484d-ab51-9ad115274db8,2022-10-30,804.12,Automotive,Bank Transfer
e1dabc47-5b6e-4e64-ae9d-b3e092a066ed,df0eb514-db0d-4ec5-a5ec-1672b7fc3768,2023-05-04,489.79,Health & Beauty,Credit Card
85d41d72-28c3-481d-91e9-4feb42eda376,49d982bd-64ff-4eeb-8f02-4ffe1e0e461a,2023-05-01,610.18,Health & Beauty,Credit Card
f447245d-7239-4808-974c-7fd358f61c2c,06e98245-9299-4936-bf1f-0ef23a4a6469,2022-12-28,588.78,Electronics,Bank Transfer
db354959-55a3-4dbd-aa69-2c0885adb268,bdeeeff5-f1e3-4024-8a4d-96d7ac476979,2023-01-02,278.23,Electronics,Bank Transfer
4daabb30-a613-4170-bdb6-b79e45d9856b,8da21f6b-f35e-4c66-92fd-2404ae72822a,2023-10-16,649.95,Electronics,Credit Card
64ddd43e-3235-4c30-a6f2-ee0ec01295f8,7a8becec-9dee-4eb3-aaed-426cb465fe41,2024-05-14,489.79,Clothing,Bank Transfer
6d1c4d81-a5b5-49d0-b19b-821b2da6ad21,7421c1ba-4549-4fda-ac58-5b14d4afdaee,2023-03-31,524.13,Home & Garden,Bank Transfer
0b92f0ea-8d64-4815-9afd-4bbbb0f711b0,b298116d-e733-49ec-94b4-977b69bdd5e8,2024-06-24,726.66,Automotive,Debit Card
51d9300e-d607-4f32-bf87-5fa39e1ce18b,aca657e1-ea4f-4ea5-b6f7-c9912f379e32,2022-10-16,867.41,Health & Beauty,Debit Card
ee802844-8070-4699-b60d-3568a7d306b6,3e221ee0-a001-4fa5-ba4e-c3ca8f381ee8,2022-07-20,489.79,Home & Garden,Bank Transfer
1bdeb580-975a-42df-8248-fbb7d027d23e,6f4bbd7a-09d3-4aee-9f21-9cbdc7d92c0d,2024-02-28,797.61,Home & Garden,Debit Card
6ee69819-b275-4409-93d0-b62be6a7146a,1c10acac-595c-4b03-93a1-0b035fce0611,2024-01-27,506.69,Home & Garden,Bank Transfer
70007468-df22-45f3-a51a-ada0a1357f88,ffb37601-7f5b-434a-b69f-5e9d6d5773f7,2023-07-18,409.51,Home & Garden,Credit Card
e4785a5c-a70a-4db0-98d5-1d76175c4a94,75834698-1882-4a24-83b7-4af83c4c1b46,2022-11-13,645.91,Electronics,Credit Card
5cea80e1-34e1-4474-806d-73710d8c86b6,38560f29-52dc-48ef-9532-4aa2ea004c02,2023-01-02,439.78,Health & Beauty,PayPal
7a7ebefe-7936-4e6f-9cf2-6e80c7d2d849,7486fc06-6b42-4604-923d-5f67f4db3ddf,2023-07-01,747.08,Electronics,Debit Card
afafc055-f6de-427f-8b2d-2f2cc262c0a8,bcc76b93-fae6-4de9-a2be-90a21d0de32a,2023-05-07,310.91,Uncategorized,Bank Transfer
1019ccad-cf57-45a4-935a-55a717cb0b19,769037ab-e949-4452-b25d-4d70a6fa2b18,2023-10-23,994.34,Clothing,Bank Transfer
aeba2f6d-bf7f-4a93-b947-4b5d03d6fa95,8fca028c-8598-4cec-aba8-fed9b9cf76aa,2023-03-12,959.99,Uncategorized,Credit Card
b69f9ff9-837b-4582-8187-1f2f28c6e2d2,5df1d055-556f-4ffd-b50a-c1465fb4a0c1,2022-11-02,324.11,Electronics,PayPal
ec58ff99-ede4-4b51-8b0c-efdbb61275a7,469184ef-d550-453f-966e-cda0f1e55347,2023-05-26,489.79,Health & Beauty,Debit Card
39974820-20fa-436e-a5c3-581d43b00d63,fd0434f5-9034-4151-9ac0-9a3253ce3672,2023-01-16,189.04,Electronics,Bank Transfer
f787262e-1a58-4b99-a1b4-375453a53412,49804a6e-84b4-4eab-82fc-54d3da639642,2023-08-03,665.73,Electronics,Credit Card
b836eea2-4914-429c-af83-8f51b24a8a5b,af0ceb86-d5df-4d9d-9afd-43e5cd2ae89c,2023-05-12,209.79,Electronics,Bank Transfer
32cef811-93ec-48b4-9fa5-e1174156e8cc,58da8a5a-0e22-49f4-b547-fe1762376549,2024-05-23,328.25,Home & Garden,Bank Transfer
c579a416-2c8c-46df-ba08-e43e243bd136,8343d72e-675d-46d3-b46d-37d6e2d35d2e,2023-05-30,529.1,Uncategorized,Bank Transfer
020b3cac-9f2f-4d73-b078-c94099d75240,1be8475f-52c2-470d-ba06-05730a9424a9,2024-05-14,393.86,Clothing,Bank Transfer
306b1117-5749-4c99-bde1-62b0c65307a6,2e82d205-dde1-4e39-afe4-33a0a2cefcdd,2023-10-11,971.41,Home & Garden,Debit Card
a95648e1-9b6d-4541-9668-3391b1993a50,0f268340-86bb-4d81-a876-ae4347cda973,2024-04-04,973.65,Clothing,Debit Card
56648514-9da1-42f1-911f-49b94b7038f6,e9541c83-c2e5-4b19-89fa-c8bb61e79189,2023-11-03,614.99,Clothing,Credit Card
ffe9a403-ac25-4aad-a809-ac9687ff3fcd,7081c872-a56f-40ee-b788-412864e49f85,2022-10-31,947.93,Clothing,Bank Transfer
3d0312c8-80bf-4eeb-91fe-cb842be19ca4,e9d27cd3-de7b-4501-b564-30a8a870321d,2023-01-21,78.19,Home & Garden,Bank Transfer
554a56a2-12f8-4e57-a08e-706b37aabb1f,56dc1f26-8d43-44df-a6d6-953d366e385d,2023-01-09,394.78,Home & Garden,Debit Card
a420497a-653c-4a0f-bdfa-32543a7a94f6,b6d45beb-65a6-468e-a9d2-9d29deaff58d,2022-09-07,0.0,Automotive,Debit Card
030c85eb-9872-47e3-83ca-0ac4af613294,c889629e-2cbf-49c0-b0da-1242aa4ff08a,2024-05-24,325.16,Health & Beauty,PayPal
ea9c6ace-9cbb-43fa-a98f-7825fcc7508e,f3227784-52dc-49a5-95d8-dbc0fd6f7203,2023-10-12,471.36,Electronics,Debit Card
113460b4-6a4a-4298-b54a-cf639a551f78,b3e4677a-6ce2-4a71-821c-757dd24200bd,2023-07-04,605.75,Uncategorized,PayPal
f2993ee7-a515-46ec-84c4-115ce0e6ac44,19840ba8-ed56-44d7-8ffd-8e42b2552637,2023-01-07,437.55,Home & Garden,PayPal
b79db1bf-be94-444a-9c04-0e3a7280f3b5,e217675b-63c7-4ef7-a9a8-417a4c327286,2023-09-16,489.79,Health & Beauty,PayPal
81c75c59-8474-41b9-84fe-ad1840d6ee75,20589108-284f-468e-91c7-4770c1a57567,2023-06-26,268.06,Automotive,Credit Card
70007468-df22-45f3-a51a-ada0a1357f88,f9945d70-3a3e-443c-a8c5-4a2026de7f0e,2023-07-04,112.41,Home & Garden,PayPal
d9896b49-19bb-450e-962c-05e2b4e8443f,47c8adc1-8032-45d3-9c00-ab2bc6874458,2024-01-13,23.98,Home & Garden,Debit Card
2f61e9ec-bd83-49dd-a0c4-2eae5f4ef41d,20cb265b-cf35-4079-95b6-e2f8fad64104,2024-03-30,457.45,Uncategorized,Debit Card
ac906dd5-fc1e-4a36-b634-524b38d98142,77945361-7ece-4ffa-9e20-20df3eabc361,2022-10-19,489.79,Electronics,Bank Transfer
872782ff-e097-4d0e-92bf-0fc07f391905,52849775-e873-4bc8-a356-435c1bac8cc0,2023-10-26,63.4,Home & Garden,Bank Transfer
39ce1776-9aac-4b0b-81ca-5a10e9b4c98b,6df7d4e9-48dc-4d49-b4c9-0edabd294d95,2024-06-28,219.05,Home & Garden,Debit Card
b10dbfea-ac81-4cdf-be3c-62248bbd5838,f0547fd9-3f38-4cc9-8bd6-86e92c192718,2023-07-08,174.18,Uncategorized,Credit Card
f6cab49a-a8b5-42a8-92be-42e200212268,3ceb0685-e73c-47d4-9ee3-d78f2ee36ae3,2023-02-12,140.11,Home & Garden,Credit Card
5dd3f3da-d9e7-4b28-afb0-30497d1f5014,6850e99f-11f8-4646-a574-283bef5d1ba1,2024-01-09,894.07,Clothing,Bank Transfer
75d369cd-62a5-4edd-b227-57b51e87a2ff,7b592582-f5f3-41d1-9864-d5f1e5341367,2023-04-11,62.17,Home & Garden,Debit Card
b6d9ffc7-7d35-4459-962b-f18e7c626ffb,9560d652-d3e2-46d5-8743-0214c834fca4,2023-09-14,447.94,Automotive,Debit Card
0865a620-9ff4-46ec-9f14-7efdd071a041,33159626-385c-423b-96d5-f41ab493ed2a,2024-03-29,479.41,Health & Beauty,Bank Transfer
e54d1219-b6b3-4b5c-8b75-62f4148c23b6,30a350e9-5403-4651-8181-7d5094f5439d,2023-01-01,440.11,Automotive,Credit Card
18e0f708-ed9b-4902-ad9d-968209ce021b,42d0fbe8-0dc9-476e-9d48-2ca4ee01ccc7,2022-10-09,717.72,Clothing,PayPal
243a5ccd-31c3-440d-a3ad-73d3972dd39d,2439b50e-8a3d-41a7-b730-555cd4500838,2023-09-15,986.67,Health & Beauty,Debit Card
9f29cb6f-d6da-4351-a349-130dfbc5c5b4,7dc0f2b4-a7a8-4c4d-814c-dbfbb261d8a5,2023-12-24,200.38,Uncategorized,PayPal
841fc557-ff70-4d45-8b0d-5be6f58d794d,c7402ff1-8aad-4f3d-8899-2a1f2b6e9465,2023-05-02,726.02,Electronics,Debit Card
e2114d58-4f01-483d-84fe-cd9601cc8be9,8a464183-ca69-4f97-a609-e2d30ea62c3b,2023-10-14,17.8,Health & Beauty,Credit Card
dd2a43cd-bfed-48e5-80c7-a27d7991a6ae,e179f605-5501-4e2f-ae48-ecbd8aca4865,2022-12-31,986.11,Health & Beauty,Bank Transfer
a8636cc2-6df1-45e7-9142-daf1a21618be,511a41a4-50dc-47e0-8bc4-59ac4b73b732,2022-08-13,231.28,Electronics,Debit Card
aa082b83-58c0-48ae-bfd9-6e755ce704f4,26a470f5-ba64-493a-a25e-425d26923553,2022-11-06,950.35,Uncategorized,Bank Transfer
b0f6482c-2895-48e5-b17d-76f51f537dec,b0e6b407-bfa7-4d39-a562-b5731b5ea7ef,2022-11-07,217.88,Health & Beauty,Debit Card
6d614191-8007-48f2-bbe9-3c80ac9029e5,52c7bb32-b1a0-4ecc-9f6e-9464405cfbcd,2023-03-04,862.29,Electronics,Bank Transfer
c9f831b4-43cf-4ed9-9b47-09542e239c70,2820d98b-03ae-45ec-9f77-560d4cf0c053,2024-01-08,703.27,Electronics,Debit Card
9eb78179-6de7-4c67-b04b-709c40f5ce01,e0ff8c0e-0dfa-42f7-a1f5-f06cb1c738c1,2024-05-16,489.79,Home & Garden,PayPal
c4564107-c103-4f5e-bda4-314c9d46af7f,2064e55b-0eaf-45d8-8187-e256d6d97e73,2023-03-26,236.91,Clothing,Debit Card
9486f96b-071e-4951-a373-d6897109793d,24bf8f65-7bf3-486c-97b8-0d26b4fad936,2023-07-01,584.29,Electronics,Debit Card
cb92abec-3e14-4c2d-b8a7-265082126081,e4b0df55-7a26-466c-b7cf-c508f489cf46,2024-04-06,295.22,Clothing,Credit Card
de1c2a79-7a56-4c28-aa2c-bb92b255b031,bb0242d5-1081-4ecb-99d8-24914e272fef,2022-08-25,489.79,Clothing,Bank Transfer
428c1b00-d1dc-4d9a-b4e0-60d112f3352b,0493ea77-92aa-4633-8424-b97a255dc5fe,2023-06-23,933.16,Electronics,Debit Card
799943c7-3b71-4f24-9b16-c2fcaf9b3871,43e374c3-d0c9-4248-9823-7871d196099b,2024-03-18,39.57,Clothing,Bank Transfer
e19d1d97-ddb5-4b83-9fb3-032002b4a639,e62aee02-0132-441e-a619-e7db54f2e83d,2023-08-22,801.13,Home & Garden,Credit Card
2bab13d7-b642-4ac3-88ba-1c026fce0836,9177858a-10b2-42a7-ae60-0b2e9acbb314,2022-07-21,561.7,Health & Beauty,PayPal
66e01489-30f2-4461-bd51-1a6713c7634b,f9f32030-7429-4222-ac3d-4fa821362721,2022-11-22,364.97,Electronics,Debit Card
892d4069-6d8d-492f-b5f9-cfc329ee9e78,3083c590-696b-4eca-b387-ee5860200fe5,2024-02-24,218.0,Automotive,Credit Card
8c30e42c-b170-4826-8bd3-c884b5f0715d,8c3e7298-eaa0-431a-943f-5aff342effc4,2024-02-12,796.59,Uncategorized,PayPal
095992d4-56e4-4756-b930-74f701363489,34845077-e074-4b11-a0dd-3617dd57e70d,2022-12-09,982.18,Clothing,Debit Card
a5e3f473-4157-4b7e-8377-05720206d7a7,fd8bb893-d0e9-4150-b69e-49256ace01f4,2022-12-11,510.49,Health & Beauty,Debit Card
6a3b7487-1af2-45d6-b7d1-0ed4dbdb80fb,b3d5ae21-84cd-4f37-9978-3569af2f99ae,2023-05-08,730.76,Automotive,PayPal
7f06d32a-671e-4125-95cd-ce560c2e630a,5e6b8d93-4134-4c6f-95b9-90d2600598c1,2024-02-23,105.91,Uncategorized,Bank Transfer
bb2d7d99-0a7e-495b-8c6a-6812a826e63a,d8290500-b4f8-46bb-92a1-eedb799c3abc,2024-06-26,647.53,Automotive,Debit Card
f099716c-a119-40c6-a3b5-56f7685fd85e,332e7c47-5676-4c57-9437-b2243c3e0921,2022-08-25,64.97,Clothing,Bank Transfer
34878e84-afed-4cb1-a969-08a070c6be85,fc7930ab-9b5e-44ad-b556-db63e813819a,2023-02-05,837.08,Electronics,Debit Card
99462720-beca-4890-852e-79d16990f055,fc58b548-8913-4fb9-a952-9f6edee9d011,2023-10-07,489.79,Automotive,PayPal
be10f9ef-a8e8-4ee2-a296-48c31c209b14,d5f72f9a-94ca-4657-8393-2e83212f4fc8,2022-12-09,432.4,Electronics,Debit Card
75e2b1f9-ea4e-4d40-8035-4c6447576b3f,cd1b923a-284a-49da-874a-f7ecd32178f5,2023-08-08,382.6,Health & Beauty,PayPal
a5c35109-b63a-4613-9b18-c80d66ca62b8,645e8220-ad8d-4f81-a777-16b1cb0148ef,2022-12-11,489.79,Clothing,PayPal
2c35e69c-7e26-46cb-b2fc-02875830b4ab,148651bd-c139-4b61-b2a3-d7f8381451d1,2024-02-15,39.76,Clothing,Bank Transfer
0a21cfa0-fa4d-45f6-8236-4995799bc0cc,4cf4eb18-029f-4404-94e8-ecead2a23e07,2023-07-12,715.56,Home & Garden,Debit Card
c9f5c06f-3503-465f-a5ce-bf93bc975cb0,72a5151e-0fc2-41b1-bc29-f5ce9f1c9790,2023-12-09,466.0,Automotive,PayPal
da98411d-10af-4b6d-ae13-d98e83a98305,64fb7be6-7795-4eb2-bd9c-a88e7979353d,2024-01-12,49.52,Electronics,Debit Card
66b56399-002c-42e1-8266-8c3e96e4a22a,5f8845b1-0dba-46ea-99bd-25e0859d685d,2023-05-29,996.5,Electronics,PayPal
e3589ba8-b8bb-419d-91b1-2f1196118c68,cab2bb32-8006-4c64-859d-f63dc7704d3b,2023-12-10,611.9,Health & Beauty,Credit Card
63876e8d-32f5-429a-aee2-dc871d3a2a70,0e1ea5f7-0e54-4543-b5eb-2e68be980dbe,2023-02-20,305.3,Electronics,Credit Card
5dc8fbec-4149-4615-9ba8-d30bfacd7637,7bd2cd8f-75c5-4668-8a07-b6b525fb5ed5,2022-12-26,407.13,Electronics,Bank Transfer
de765812-6f23-4059-94db-2805a34f44fd,600e5707-b23f-4906-b7bd-dfa923138cf2,2024-01-02,302.11,Electronics,Debit Card
6cc1eaef-8496-4485-af7a-9812ccdac060,0e20b19b-3dce-4e1e-86ec-2d1b6494d3fb,2023-01-19,480.72,Home & Garden,PayPal
d6d22cf1-649a-4b97-9a9b-8ebc1ebe89c9,b0510e08-a6e2-4911-9d8b-62257db4b0fb,2022-11-11,297.25,Automotive,PayPal
752b75e6-82bf-4f8d-9e9f-a46ebf4e7e03,49ba2e06-87cd-40e8-9caa-a7d2feff0c74,2022-07-06,206.44,Clothing,PayPal
d1c847af-df39-48d3-ad49-9cb659e3638a,a8ff8b06-4b62-4b79-820f-82bf30765c81,2023-08-04,913.75,Uncategorized,Credit Card
d496fffa-8183-4bae-ab8d-eb4578a11a6a,07d55b9b-49bb-4cbb-85cf-375818af05c6,2024-05-15,242.98,Health & Beauty,Credit Card
e6905fa6-1d8c-4a97-bf98-587d6ab42f3a,a4f78ed7-45d4-4d20-957e-51020350f9b2,2023-06-21,785.26,Electronics,PayPal
39333cba-4f7a-4527-8b1d-5a22e4107a22,ddf79631-1e70-424a-a4cd-a1c93e081944,2024-02-18,154.02,Home & Garden,Debit Card
f56e56b7-bbde-455c-b570-61cd2005b4e4,29bb8e87-ef7d-4c8c-b88e-0b1cd54e02a2,2023-10-26,488.51,Health & Beauty,Credit Card
b791d365-bf14-43ae-9939-aabd2c982866,9f6fb4e6-7bca-43c9-87eb-5d6e18c437f1,2023-10-20,516.41,Clothing,PayPal
6fa635e0-d171-4413-a101-1b41e4831ce4,7434e39c-726b-4cee-bd2e-07f56291c4a2,2024-06-03,823.6,Clothing,Debit Card
faebacd0-39ee-4626-bfa5-f6059c95e244,f8a422a8-814f-4306-bab1-3e9fa4af072f,2023-03-23,677.31,Automotive,PayPal
a2bc414d-db64-43a9-8456-e0979baddc33,006853a8-3ebd-4833-b48a-73907509cc5b,2023-11-19,56.72,Uncategorized,Bank Transfer
e9c58327-25a1-4148-8c41-f0f37fc0c75d,2a1697bd-f00b-48f9-83a7-9acacf71d36f,2023-04-01,387.51,Electronics,PayPal
984d1ffa-8789-44f8-9a59-3c82e4d1d9c4,8d88e821-137f-4e21-87a0-c8e430bb1c8a,2023-03-21,771.71,Clothing,PayPal
8259be60-437d-486d-9b10-b834e22ba7cc,13c93082-b28d-4c40-9de6-37d015708a82,2023-02-10,908.51,Clothing,Debit Card
c31b7475-f089-4708-be02-df18e1348a5e,47b89f35-f736-4cc5-b85f-bc756358a611,2023-10-06,809.08,Health & Beauty,PayPal
aad9efed-bab8-4873-833a-a6cc86aa49bc,efaf6e52-6ea7-4e73-9db1-67f942e43d4d,2023-02-04,489.79,Health & Beauty,Credit Card
57949a01-31cd-4f78-b64c-392e0a74bd1f,0889b3d6-f163-48c3-b02d-d543e7d7e448,2023-11-02,732.75,Uncategorized,Credit Card
13055ed6-bead-43e7-ac2a-faba56cfc647,4393ef05-9760-49b9-8c7b-919b0e37f9ce,2023-05-13,489.79,Home & Garden,Debit Card
51668fb4-bf4c-4030-8df0-ddc2263ec6ad,793f8b0e-9dd0-479a-b6c2-11ddf899ab38,2023-08-11,592.72,Uncategorized,Credit Card
ad21da52-d3d5-462d-bf3b-841e989ba1be,7934814b-e5bc-4d00-9c8b-7e0b4a160ffd,2022-10-28,291.9,Health & Beauty,PayPal
083a0272-f1ab-46c6-a612-966ff1837635,85a0d5ad-7c93-4e7c-bdda-61760074ce3f,2023-02-07,631.63,Home & Garden,Bank Transfer
79e54264-06e9-4eb7-a79f-ecfcc603efc8,04f7567e-78df-4e18-9994-93869b3644de,2023-07-21,747.58,Clothing,Credit Card
c4a7ca71-d1b7-4c29-863b-b0c17bdc0508,f50a2932-6e9f-453f-9b36-6e20e8088b53,2023-09-13,292.11,Electronics,PayPal
8d807538-5767-461a-a074-542002142cc7,6438c1e9-2572-4993-bc92-ddb6f44dcdba,2024-01-21,84.98,Electronics,PayPal
dad5383c-36f9-4dd6-8a63-a3466a8ca819,aac1631b-d259-4ae8-bb98-018ee4cf39c0,2023-06-26,876.82,Automotive,Credit Card
80ccc424-80cb-43f9-8063-a09c96c53da0,c1f8fc5e-7da3-4f4f-8767-bf10dc550b17,2024-06-02,271.98,Home & Garden,Credit Card
a3c0fe03-4de6-4e05-becb-c67e93e2b97f,be150141-9f95-4614-9171-daaa53304d78,2023-04-14,58.42,Electronics,Debit Card
f6f7400a-0aa5-47dc-bc5a-af3e38d00f30,96050a5c-def7-40c8-83b2-82cf58707ff0,2024-02-03,595.22,Health & Beauty,Bank Transfer
49f06ea9-4ae5-4ce5-98ce-d2c2f6f15cbd,db7e81da-bc07-4eea-94f0-8bcb890a0901,2023-10-17,489.79,Electronics,Debit Card
7eb7f7df-9b0a-416a-829e-bcf4d8bd57dc,6cfe5871-8524-4d81-abaa-a54fdd3c873d,2023-06-11,-100.0,Automotive,PayPal
f64f26c0-38ff-40d2-b22a-fc527d19dec3,a3966ede-f13a-4999-89ac-0353a07ac0cd,2024-04-02,499.74,Home & Garden,Credit Card
9c4eeca5-47b9-422b-88e9-2cc77cf58a20,8c161cb4-1612-4a6d-a577-0eee246b24b6,2024-04-17,81.97,Health & Beauty,Debit Card
041ce001-c5db-443e-8269-7ff3412af7fe,15f25e75-c7f3-4192-9db9-cf1dd9a2c4ac,2024-01-07,489.79,Automotive,Bank Transfer
3341628f-8548-4ae7-9000-ec20c5973e5a,e1567b29-6941-4f08-bb1e-e77e8f63c85a,2023-12-19,237.79,Clothing,PayPal
e470607b-d83b-4042-956a-559e5126c4db,96625087-8417-4e89-aeac-30e335a51a08,2023-01-16,451.24,Automotive,Bank Transfer
28dad012-b308-4cd7-b60f-edb22f8a6022,9a97b17d-e45e-4589-ba37-90e5663295d1,2022-07-24,63.04,Home & Garden,PayPal
e7c7f991-9b89-485f-b2e1-216ac5c661a0,94e8a549-1953-49a9-b976-f18c20f02a65,2023-07-16,406.91,Automotive,PayPal
e93f71d9-e511-45a4-8640-9ece88920b77,dc3dc2a0-ee6e-48b4-babf-93e01a8fd925,2023-06-10,489.79,Automotive,PayPal
c5440e19-6474-40f0-9306-f4d590035241,0ca85997-0da2-4f80-aaef-c363c801ce3b,2023-10-12,474.57,Clothing,Debit Card
edd44c40-873f-4fbd-9ceb-8e9c59254485,68d69a34-7620-4782-96f5-245ba9086da3,2024-03-10,489.79,Health & Beauty,PayPal
3e3228a0-0d67-4e2a-aa10-7e68395e7fab,6c91c6c8-f897-4522-885b-49ff5581b7c6,2024-02-11,489.79,Clothing,Debit Card
3ae9d673-efe2-4155-84ea-a2f9513ad419,743e778c-0621-40bb-b2b4-f3195b6f6fcd,2022-12-19,270.99,Electronics,PayPal
3c4cd76a-57cf-4db4-820e-545a075fa640,5f8f84e3-0f95-487c-82ee-0096df094ecf,2023-04-24,724.35,Electronics,Debit Card
f87894e0-1728-4109-afd7-5742e340cb4a,e9998c15-5dfd-4fa3-b006-46c36cc8b5ac,2022-09-02,350.68,Home & Garden,PayPal
958b5999-943e-4d80-abeb-5fb285047fc0,e87f31a2-3d82-4d6d-8b9e-4595c2f6befd,2024-05-13,66.94,Clothing,Bank Transfer
6492040d-56f8-4c1a-bbe0-5b62fb39c65d,163533e3-fca6-4ed6-a44f-fba8e1651ab3,2022-10-09,266.68,Automotive,Credit Card
92ad692c-6e50-43bd-b47e-b0606ce6e802,49ba8708-9c37-4289-967f-ad1e782d7d48,2022-08-19,912.41,Home & Garden,Bank Transfer
095992d4-56e4-4756-b930-74f701363489,d26b4f09-1a3d-49ab-9cd8-56ba3194d995,2023-09-07,236.28,Automotive,Bank Transfer
aeba2f6d-bf7f-4a93-b947-4b5d03d6fa95,fc6fdc21-ec27-4c2e-86f3-2b9020263c01,2023-06-10,489.79,Health & Beauty,Bank Transfer
ce3f403f-b955-4364-ae22-bf351381e01f,4f54abfe-6f38-482c-b625-ead30a2bbe61,2023-08-17,962.08,Automotive,Bank Transfer
eeebfab7-8917-4eb2-a187-fae698d2978b,56276afa-b84b-45b4-b3e1-8670c91cd271,2023-07-28,913.27,Automotive,Debit Card
c4a7ca71-d1b7-4c29-863b-b0c17bdc0508,4ce52c93-3d8f-48f5-ac7c-df0851b15c9b,2022-09-18,698.57,Clothing,PayPal
78bee088-4d98-4eaf-ab74-cac78e41e898,b2d9fbb0-48b8-41a0-85b3-3a2556ff487f,2024-06-16,556.16,Automotive,Debit Card
93532115-4bd5-4a6e-b019-c37003555495,1a771d9a-92d4-46da-88db-ce2617f22b77,2023-07-22,489.79,Clothing,Credit Card
939cf2d9-6764-404e-8ea8-ea5d283c3b8b,becb8095-874e-460b-9394-2526112f87cf,2023-09-06,741.26,Electronics,Credit Card
4fa0e136-dc82-4b63-b106-51c60fc5d47e,57da666b-f633-49eb-bd96-c3859dbe5da5,2024-03-01,910.13,Home & Garden,Credit Card
401302a0-2748-49f3-bf78-d778d21d4cc7,4927a974-aa89-4f0c-8556-4e9644abfeee,2023-06-22,233.01,Electronics,Bank Transfer
2d76d24b-3693-4802-8014-9ea47fb95597,c2456e2b-799b-4434-8adb-6dc3be44e865,2022-11-25,199.7,Home & Garden,Credit Card
3c0a3687-a1aa-421e-b671-9e4f859c56e4,6de7436e-cd33-486d-ac43-011a17335c76,2022-10-30,681.87,Clothing,Debit Card
73406732-e0cc-4ae6-a03b-aed8ed40dbee,771c7aa6-1ab5-433f-9830-17671f7c2f6e,2023-09-16,867.6,Home & Garden,Credit Card
474f9233-0616-431b-b3e9-a6feabe68abb,088bd2f9-94ee-42b9-8c41-932f680ee2fe,2023-05-08,587.91,Home & Garden,PayPal
a5e3f473-4157-4b7e-8377-05720206d7a7,5c246db2-3259-420a-bb86-a87c1ff37b32,2023-10-31,321.74,Health & Beauty,Debit Card
cb8f9257-d8ad-4751-998d-40e56cfe17e4,9537feae-95c9-45f9-ba0e-207bc65da706,2023-02-17,558.68,Home & Garden,PayPal
35dc485e-ab21-430b-87b0-b09dab982f99,d4556c30-64b0-4304-bff1-b1fe010b5ca9,2023-06-08,959.71,Home & Garden,Credit Card
d968cee0-3524-42d4-a0f7-5fe6e8284890,50c2bbdd-37db-466c-b228-b81cc2e2fd87,2023-09-20,426.33,Uncategorized,PayPal
0928ee67-7a9c-4f75-b73e-4a0e0ef3347f,48bd4f61-c962-4e10-b672-d7e5bfcdc285,2024-06-10,942.98,Home & Garden,Credit Card
c3ee84bb-f586-4e4f-9d43-48af820faf03,585f5031-2b1d-4d2a-a866-315c578e517b,2023-02-20,512.77,Electronics,PayPal
ab0ff3f2-c413-41cd-a69d-9ec090b6739b,9d3945a7-1591-48b2-a8e0-1f769fdf771a,2022-08-09,489.79,Automotive,Debit Card
c51a0615-0139-4cfb-84f7-0c5f12c7d9b8,3f31cd55-1c8f-4aaf-843a-6767e7b14c6a,2023-11-20,583.87,Home & Garden,Bank Transfer
c98edfc3-4819-4b2b-9af8-281ada990517,1567faf6-33bd-4cf8-b9e7-29030d0f62b5,2022-10-19,950.76,Electronics,Debit Card
362a01b9-67b2-4b9e-b703-44c9567fd51d,358efa3c-27d3-4050-b414-164c5ccb0de7,2023-09-03,888.21,Clothing,PayPal
00d4fbfe-5ce0-4d87-a307-b15801d1373e,07d7136b-6c4d-4d37-aca3-6427dbc4418e,2023-04-05,347.7,Health & Beauty,PayPal
c74dc709-15bb-4652-9930-1c5f5897bfe3,26281abf-3bc8-4ab7-9bfa-496fceedc364,2024-04-09,138.48,Clothing,Credit Card
fd51c466-a180-4f86-b92d-e72b7012685c,0365b7e7-deb0-4e8f-9b33-b87b1457a22a,2022-11-15,632.67,Automotive,Credit Card
1f0f2c2d-eb0a-4ffb-a21a-684f892bd7fd,dca0bd0b-fca6-4cd2-81f9-423c0c4f6c62,2023-02-26,673.93,Uncategorized,PayPal
137362fe-5ca3-4d01-806d-8c4d1f7b29aa,999213cf-70bc-43bf-a9b0-3a63842e5820,2022-08-23,509.97,Clothing,Debit Card
b8a3bca9-79e2-4a99-96be-f23108c05f00,c72547c7-4a27-4948-8832-4963064374c3,2023-01-03,924.78,Home & Garden,Bank Transfer
7e78d05f-37e2-4af3-a15a-7ad19a968010,1ccd77b6-cb1f-4e74-9c3d-101282fdcd2f,2024-03-24,688.33,Automotive,PayPal
13c2cba9-a93e-4167-86c4-8326e3cff8be,fda57427-8d2f-4fdc-a80c-23b62e352c25,2024-06-18,489.79,Clothing,Bank Transfer
4f6d0e26-dbf8-4abe-8b06-083acba71564,68952ec5-47ad-4ab7-8f7f-a5b2e970df25,2023-11-15,576.27,Health & Beauty,Debit Card
d59cf513-ec9c-40e3-919c-57e7893b0ae6,8e2ac794-ee8d-4b9e-8f65-64b8ea3f4b95,2023-02-14,249.22,Automotive,Debit Card
a57d8ffb-07d5-4af9-af25-fe178340fbd2,d50f112a-a6cd-48d6-b868-36270a60eb8f,2024-04-03,489.79,Electronics,Debit Card
4e5e8598-a3bb-4580-8c9f-a2ec0d98afc4,40808676-37c0-45fb-ae21-ba13d0dab99b,2023-09-30,803.36,Automotive,Bank Transfer
675a23dc-8d6e-483a-b0ec-4dbcc6812db9,96fd9a1e-48d3-4bc6-bc8c-7ba578bc85b3,2023-11-18,489.79,Automotive,Credit Card
5a746fb9-5a97-4743-b985-ce43d03ef86f,04493857-e069-41b8-937a-152918af282e,2023-05-10,176.59,Electronics,Bank Transfer
5a0cec22-9828-4fa3-88ec-435606899c30,38351881-5824-4dd7-9e64-3fa5f905e9cf,2024-04-16,964.34,Clothing,Debit Card
9b25a2c1-514e-425f-be87-a57533d5503e,b511ec9e-64b3-4ab9-aa59-aff75fd14574,2023-10-19,435.12,Automotive,PayPal
b0099c65-5803-4c0e-9747-44f2ea1157cc,029140b9-b485-4b1e-a08c-5a231fed9c25,2022-12-05,870.36,Uncategorized,PayPal
c948b688-1a1c-4d0d-828d-e130777f1fbd,efc5a76b-ffc9-46a8-a5ed-260b50117f95,2022-09-02,496.7,Home & Garden,Bank Transfer
4d348827-d2bd-4303-99aa-97a2ce15563f,36de1f3c-b5c6-48d1-b5cb-5c862617cf13,2022-11-27,567.37,Home & Garden,PayPal
e6f38640-260c-4c82-bb98-1a5ad730365e,4b636eda-fdd9-43d0-a93e-aed1a5829a61,2022-07-23,428.35,Home & Garden,Bank Transfer
24b043e8-6fca-4d86-95a8-837e0ca09072,dc9453eb-3922-4a5f-91c0-ccb226ca91f7,2023-06-01,446.84,Health & Beauty,Debit Card
1d4e578b-738c-4913-84f4-b008488eab48,ccee0d67-fb3f-42f1-8ac9-8556df63875e,2023-08-29,503.42,Electronics,Bank Transfer
d0874909-2b8a-4921-bec7-610d9452b113,09a62f43-8f16-43a1-8fdd-a4bd3894c3ce,2023-11-19,988.33,Electronics,Credit Card
c31b7475-f089-4708-be02-df18e1348a5e,bcb9e043-a7a0-4da8-a976-037bbd8b3dbf,2024-06-06,830.08,Electronics,PayPal
b66935bc-453f-4947-86e6-92d2e1d52872,c8c70d48-e528-46f6-947b-611217127728,2024-01-21,489.79,Health & Beauty,Bank Transfer
e3d2d960-e591-4007-b0b4-2748a6ae0963,64e73e93-27a9-4a06-94c6-8533ba0c94fb,2024-04-20,379.8,Clothing,Debit Card
064c6d93-5842-49ee-b934-43a9319e9707,4fe489e8-747d-4a9c-a22a-b4475706dae9,2024-06-02,449.77,Electronics,Credit Card
0f3d2119-da2a-435b-8f87-7aa1ef4ffa03,ea45a1c9-9675-4611-8191-7a59b5d71b01,2023-06-19,687.39,Clothing,PayPal
02b1b8cb-bc72-4ca5-af51-05e16bab084b,ad3f636d-26df-4b34-b0f3-13751d808305,2023-07-26,489.79,Clothing,PayPal
fd51c466-a180-4f86-b92d-e72b7012685c,0123fd90-6994-4b86-ae09-54711a741a8a,2023-12-27,640.87,Clothing,PayPal
1662e025-dc0e-4ab0-8728-cb90e85bfdeb,8e7d2299-1217-4505-91ba-fff000d059cc,2023-07-03,36.21,Clothing,Debit Card
9800c7eb-9f32-4124-bb91-40c50fe2e85e,b48123b6-eddc-4b5b-8d49-e2c9f7955c7c,2022-12-08,308.68,Uncategorized,PayPal
e8d8dccc-96b4-4451-ac1b-c4de6d18c3dd,ea754bc2-a57a-4d9b-928b-24ccfe6ed29e,2024-06-05,891.74,Health & Beauty,Credit Card
a5fe1b34-7c1d-40d7-b156-2124bfadb490,c4fa43f0-ec88-4732-9d24-02522384b099,2024-04-13,684.27,Automotive,Bank Transfer
481bcc62-9dcb-4766-bbdd-79f5554d73f8,3a9e7621-3c64-4cc5-a975-307085229123,2022-07-11,109.75,Home & Garden,Debit Card
4bd40429-64f4-4702-8327-40195f8e362a,1360bc1c-77c6-4cc5-81e0-5057f7b90f6f,2024-01-21,866.03,Clothing,Bank Transfer
113460b4-6a4a-4298-b54a-cf639a551f78,d2f6b496-a3c8-4bcd-9b24-bd3a28850cd3,2023-03-06,274.71,Automotive,Debit Card
f5b15ef5-1301-4e8f-b2c8-9f7bcef998d8,0b60e545-464e-4693-8dd5-3bf5104ec1f0,2023-02-02,553.21,Home & Garden,Credit Card
848f7178-b94b-4d8e-8baa-6a3886828887,1842c91c-2d86-402b-a6e8-5262c8abf181,2022-10-31,155.15,Electronics,Credit Card
b1160da2-67a2-4ac3-a338-06f960278e02,847d39cb-6128-43b5-89c9-570b2f7f9b91,2023-10-26,272.85,Uncategorized,PayPal
03fadc2e-1b9c-4386-aaa9-315f10e504ce,a6400c70-57b7-41a3-ab5c-b5ae38d50027,2023-11-07,102.39,Electronics,Bank Transfer
24884bac-7030-408b-b834-203c963e5f30,5288acf0-1085-4712-877d-57ffccd26ae6,2023-03-29,17.35,Clothing,PayPal
1b6db98a-776e-4370-9d8c-f77a5ccc26c6,28591abc-2c86-4b55-8597-c55fb5e072f3,2023-01-29,512.6,Home & Garden,Credit Card
7e280186-770e-4c4a-b330-73dd471f956a,f9c4d05d-7731-41dd-8816-0b44a5e09e90,2024-03-17,318.72,Health & Beauty,Debit Card
e793093a-6f6d-41c2-afd5-d0b6bb69aa99,e6d9624e-e5c2-437e-a402-b16a2e19b9d0,2024-02-17,396.16,Electronics,Bank Transfer
12e1aa2d-57e7-44de-af86-e71a42574c51,b89cf671-e774-4efc-b50d-c25e181aae85,2022-09-20,489.79,Automotive,Credit Card
d18cda69-56ba-45a8-b3fe-ff52f040377a,5d93c0dd-0ec6-45ce-822d-937e540ca76b,2023-07-16,473.12,Home & Garden,Debit Card
25283b2b-4273-48ea-b92c-fa8866f06d97,3c6c4f78-a4de-44b4-91d5-5b8b8ffc10c5,2023-05-07,318.74,Electronics,Debit Card
78f0a8aa-5949-417c-b6c0-3782e659685e,8897b71b-4de5-447d-8714-57160254cec1,2022-12-04,25.1,Health & Beauty,Credit Card
36d99323-1a8b-45ed-bd7d-30b948e29684,6d15025e-9bc1-4e4a-9c40-f519832d3d55,2023-05-29,744.97,Automotive,Bank Transfer
61c66c60-10e0-4c29-851e-840e6801be64,70dce136-9563-4db4-8bad-946a4dc57eb1,2023-01-11,211.07,Electronics,Bank Transfer
99abe3ae-4c10-457b-b071-7edd0f122ecf,4cd1f1f4-3efd-4bf0-8bc3-f0b248650488,2022-11-04,178.78,Uncategorized,PayPal
2d18e68b-8e15-4bea-9e3d-bc7e7797724d,8b8886ad-3194-4c1b-b6df-1797022506cd,2023-07-05,413.84,Clothing,Bank Transfer
2fb831c7-4ce9-435b-959d-3f69e179a6bf,0ae3d873-6979-4e96-b195-03030f513f08,2022-11-30,507.74,Electronics,Credit Card
b779c476-9543-44ef-b23e-72fd407bb706,a57aa89a-6386-49dd-bdd2-7db011dc767a,2023-08-15,136.73,Home & Garden,Credit Card
703ac047-6c29-4d13-8ab3-373a4df6c98c,c58c794c-4c84-46bb-b4a2-9d4417ded230,2022-12-01,305.03,Home & Garden,Credit Card
a0a6d222-668f-4476-bc29-f2d7b69aa9dd,1c789e75-3380-48f5-8b4e-338ba006c6b2,2024-06-01,402.92,Home & Garden,Credit Card
f5172879-62d2-429f-8170-e7b96906e7c8,15d196d4-b670-4e6b-bc94-fc0d64cf16c5,2022-11-25,489.79,Clothing,Credit Card
958e5c8d-48ca-42dd-bb71-a766a374233a,ab134672-8a15-4f6d-a647-a720096dceb6,2024-05-03,128.25,Electronics,PayPal
eee4c0b3-21d6-47ae-8631-718341d97a86,23f3c4de-6b6f-4368-9aed-01317a105a5d,2024-03-15,80.51,Electronics,Credit Card
d83178cf-653d-435c-a7e8-880361dec6e7,89a1c0bc-4d49-4913-bb0f-26bd56b46a34,2022-09-26,343.46,Health & Beauty,Debit Card
9f30999e-2fb8-47f8-90df-b669aaaa8fbc,0b722539-7fe8-4477-8805-674c3adf852b,2022-12-23,733.11,Home & Garden,Credit Card
a564b20d-5525-4865-8113-20c1800cd39a,9c3ba239-7eea-416c-a016-7d8c5d6da128,2022-11-06,545.21,Electronics,Credit Card
a7ab4450-714d-49df-932f-0fc904c35491,72b51260-7927-43c7-8d11-5faef684d944,2024-04-14,489.79,Clothing,Credit Card
bb2d7d99-0a7e-495b-8c6a-6812a826e63a,da537ac7-6127-4d65-b383-65b8486894bf,2023-09-03,322.0,Electronics,Bank Transfer
2bf45bb4-ff28-4e6c-9f90-d749c6b45221,808e6402-2cdc-406f-b436-192d254768b4,2023-03-11,560.45,Automotive,Credit Card
3225bbb4-c47c-44b8-aea8-6cca20b50892,dde5fb47-d8dd-4643-bce8-1105958c2e59,2024-02-12,981.86,Health & Beauty,Credit Card
a7937edb-0b78-4642-afd6-50e3b4cf66b3,3c78841e-141f-4963-b88a-5c9f57366767,2022-11-28,368.91,Electronics,Bank Transfer
c655d6d2-58ed-4584-a015-4f280e2c192f,a262b993-45dc-4e24-88b7-66a4d4175567,2024-02-19,63.94,Electronics,PayPal
5f60f582-6e37-44bf-8530-84c3153328ea,14799354-b954-4dfb-aabd-8a710ab838b5,2022-08-15,490.45,Automotive,Bank Transfer
9110b6df-2a4c-4404-aeff-3c8b4c83279f,51b6adbf-5d52-448b-99ad-173d5abbbc8b,2023-11-05,27.27,Clothing,Bank Transfer
c542f337-bd14-4d58-8ef4-e609830bf5c1,68beabae-de7e-41bc-8cad-6e020bb6d985,2024-02-02,500.33,Uncategorized,Bank Transfer
c6789ac7-81c7-469a-a613-fe1fe1487953,e27a281e-d309-41ab-8a5f-e9f064430282,2024-02-28,271.82,Home & Garden,Debit Card
24c99886-9e2e-4b95-a28d-6a809ddf8447,69dae530-47b9-4c4d-8118-6f9d3243c546,2022-08-10,699.04,Health & Beauty,Bank Transfer
a18647cb-a525-4f32-b871-2cc8a4789c3d,563289f0-578a-4c6a-80e0-4eda69d5fbb3,2022-09-24,408.19,Health & Beauty,Credit Card
aa70d7aa-5ca7-41f7-8392-13984b6c2632,e4a753f6-06a7-4925-bb01-5f372fb316f9,2024-01-21,955.93,Home & Garden,Credit Card
6e623356-5088-4f02-afdd-dbe6bd948d8c,94ae05cc-1bad-4af2-ad7e-2d68c2d3598b,2023-04-05,787.15,Health & Beauty,Bank Transfer
3c0eae54-dde8-4291-95d3-f8dfb98c475a,6c1a93b8-2b3e-4253-b26b-29ed60df3497,2023-12-27,489.79,Home & Garden,Credit Card
99aa2615-17e0-47c8-915d-3ec0250aba6c,f39bcc59-2b37-41fd-8507-3c5d2407b551,2024-02-11,940.27,Automotive,Debit Card
b707539e-7eaf-4c76-8a2f-944b44eee698,0f4036be-06b9-4424-8fe5-5d16b1624b15,2024-05-02,173.05,Automotive,Credit Card
f808e889-308c-4356-a639-281ef3820b50,c55a56b6-6b37-44ef-b308-0ff03bc480fa,2023-11-08,226.38,Clothing,PayPal
4ece241c-935a-4380-bda6-715cbae36f17,21968441-4864-4258-a977-130aaad566f9,2023-09-06,681.84,Home & Garden,Credit Card
8d8fe8bd-2009-4a15-be37-83dba3cef447,4662112b-36ea-4f6d-84d2-365dd6605280,2024-03-08,489.79,Uncategorized,PayPal
7e3256b2-49d1-419e-a30c-8504f446e64e,48d274af-73e7-4523-97ca-e0f52c854f4f,2023-05-09,779.65,Uncategorized,Bank Transfer
efa3d3db-a2b1-4a72-8358-af8d19a2995a,5905a06f-dbbe-4537-b403-277a7c4abe36,2023-09-26,528.76,Home & Garden,Credit Card
01bbd379-afb0-4ff4-8197-9dad2ef2fa94,bb742ea6-908d-4d46-8ab1-a572ba6007fb,2023-07-04,34.6,Clothing,Debit Card
f102f93b-f32c-41d3-adcc-25e02a67c34f,084e56a5-99eb-48df-801e-bda9cd5ff591,2023-11-03,-100.0,Electronics,PayPal
ba78abe5-c514-46ca-8feb-95426be7f8a3,c36b89f5-60b6-45f7-8a1c-079734180286,2023-03-12,834.86,Electronics,Bank Transfer
aa53dc4d-35a6-45a2-9ffb-f83d25cf0e60,dabdfe99-be30-45ad-a639-4ec1bf765593,2022-11-18,234.15,Health & Beauty,Bank Transfer
92d8fe98-faee-46c1-9fb3-b860fe226236,5a66414b-9ed6-4d9f-a518-93a056b91aae,2024-02-05,262.3,Clothing,Credit Card
c5abc141-d6b8-46a6-8ff0-c67298460a8b,30b62eb7-243f-4f2e-8ded-0800dc83078f,2023-07-27,39.15,Health & Beauty,Bank Transfer
4d24bcf2-5cbd-4f60-8ba5-4da86c72edf6,9ceb7d5b-77cb-4f40-a09e-74924f709be7,2023-12-21,45.2,Uncategorized,Debit Card
fe12cf9d-7da0-4ef0-a48a-bc3cff545790,34293132-e862-4602-9e72-e9bcc1253665,2023-10-10,133.95,Clothing,Credit Card
8ffcde15-2128-478e-a4c5-a7c74ec5aad7,76059b29-de65-49f3-b8cf-ad7f564c97bf,2024-03-14,918.29,Uncategorized,Credit Card
f5713ff7-0bcc-41c1-a71b-ac9113ac43a9,3b9494cb-5f8f-4b37-a744-7a3b8e465281,2022-12-05,179.61,Electronics,PayPal
64d8f1cf-7f71-495f-8ba1-c90332919799,6a0ca31d-6c12-4151-b27a-1c53b1434451,2024-06-04,466.22,Electronics,Credit Card
2d76d24b-3693-4802-8014-9ea47fb95597,c8ae4822-8847-4d10-8ee1-c6fae6e0a110,2024-06-29,954.33,Home & Garden,PayPal
6804bcfe-0e24-497f-994f-cd37513a45cd,52aaaa5e-dbe6-4678-b378-85266220673e,2024-01-12,692.88,Home & Garden,Credit Card
0d27aeb2-f8d0-4221-a74f-17f02a290943,010f116b-f1f7-475e-90ab-efa811b98f13,2024-06-09,718.11,Home & Garden,Credit Card
f099716c-a119-40c6-a3b5-56f7685fd85e,da323fd7-a95c-4c19-b99d-e6971ec7df73,2024-05-08,767.16,Clothing,Debit Card
9f1fe17d-17fa-4287-88de-d3f65196023c,6e6d0a53-2aa7-4219-8029-ef3f6ef39ff7,2023-03-01,987.1,Health & Beauty,Debit Card
d386662a-c1e2-4d7b-b6fc-ac6a9fbe4850,49e3771a-e817-414e-b838-97c4f7b1fc6b,2023-12-26,668.15,Electronics,Credit Card
76ae365e-7b45-4763-94ec-3f98ef127fd5,0f2d3eac-8258-4a39-8b69-76c2c52ef31d,2022-12-06,116.2,Automotive,Bank Transfer
44eca02a-cfa5-41ef-aad1-78ed5186ca64,bbe69a36-b62b-459a-817f-97d7ff405e1a,2024-01-26,495.36,Clothing,Bank Transfer
b3b912ee-bc75-4ba3-aa9c-4be51830ed21,c41c90c2-9c02-4c29-a6e6-5284a912b16e,2022-09-16,309.48,Home & Garden,Bank Transfer
0e744af0-f183-499b-adb5-76ff753745e3,2fe5d6e7-8c56-4d09-8438-b2a6706375cb,2023-12-19,204.82,Clothing,Bank Transfer
1f20eccf-664d-4f9b-b7b3-6c7e5ab0a5c6,e56aad3b-44ae-4351-a967-a33429c2ca48,2022-12-14,792.56,Home & Garden,Credit Card
6e0b43fc-e01d-46b6-8a25-d21fff7ccbe1,96c4167d-06dd-4a8e-b9b2-cdcc1d1a61b8,2023-05-31,578.86,Health & Beauty,Debit Card
aa53dc4d-35a6-45a2-9ffb-f83d25cf0e60,41315ff8-4f09-41f8-9732-956d49d970b4,2023-02-01,452.05,Electronics,Credit Card
1028c9f7-f42a-425c-8250-292131378975,fb319c91-689a-427c-96ef-3f7abd8ebfbe,2024-02-08,446.36,Electronics,Debit Card
9c649d2d-4a30-4ae5-865a-044f7f0bb386,1f63340f-af2d-4f10-bdde-6f25b1acfc29,2023-10-22,468.05,Home & Garden,Debit Card
fc0c6daa-182e-431a-bfe6-bad99168e08d,775252ac-2e43-4c36-9940-abd418ba4358,2023-05-17,863.94,Home & Garden,PayPal
5edfab8a-fdac-4de4-92f0-2ca314b7fd59,07598a04-873e-4e07-9842-d570c11c1cb3,2023-02-27,146.57,Health & Beauty,Debit Card
369d3b9f-54b4-44ac-8284-b6af32aec1c0,0b354982-487e-41b6-8b5b-6ef6e2717b7f,2024-05-26,276.79,Clothing,Bank Transfer
6cd7a734-a51d-4a11-ba1c-00c49d9a4490,cc869f65-f3e0-4a36-adf0-eeefc85d02e4,2023-04-20,489.79,Health & Beauty,PayPal
fcb31c19-064e-4e81-b69f-16e8d8f3e737,7e0171c6-d08b-4200-864d-9b50229de28a,2024-02-05,25.55,Health & Beauty,Credit Card
1c139f1f-280b-4c07-8fe0-db50181fe77a,c67bd32c-e1c9-4281-b243-c7de572d2811,2023-01-27,290.46,Health & Beauty,Credit Card
6919c087-4f09-4b19-a5a3-962999f01640,fa33f518-9f4d-4d8a-91d6-facaaebdfb28,2024-01-17,423.73,Health & Beauty,Debit Card
ac6386cf-3044-4ec4-bc57-793052872002,143895c4-edd3-4566-8cfb-f356e28ba83a,2023-06-30,891.09,Electronics,Debit Card
c12ab95c-d42d-4e32-ae97-95faef364e52,8b22b543-fec7-45c9-976a-55ca0adde7d3,2022-12-11,891.91,Automotive,Bank Transfer
d7467041-1718-4048-bd53-96a1d602181f,4f04b008-3df5-4b15-a478-d2166737575a,2024-05-23,711.57,Electronics,Debit Card
99fa724b-e2bd-4739-a204-3c94957fe3e8,0ccbec94-8e53-433e-9531-3aded3a64619,2022-07-22,991.13,Automotive,Debit Card
28d8cbac-23a2-4953-aa60-f1fec74581b6,2bead31d-c4c1-4606-a932-f1432692bae3,2023-08-10,163.35,Clothing,Debit Card
15e129b7-48ba-4b37-8ba4-703745e17019,eb8a33f8-a111-412d-96a6-23a9228e6339,2023-11-12,242.95,Health & Beauty,Bank Transfer
b56473e0-5c57-4325-94f2-6414db34f557,9a116b7c-d9a3-4d28-85c2-fdd8d081bfee,2023-01-23,398.68,Automotive,Bank Transfer
bc2031d8-5a4a-4cfc-98f1-0c1b8cc33934,cdd0f064-bc21-49f5-8774-d2cd5a20b7b5,2024-01-19,625.58,Automotive,PayPal
59e1ccfe-8f67-4f2c-8e4c-f1483df35ae8,0d3474ae-1e03-4102-aea7-39173fe8b5fe,2024-02-25,489.79,Home & Garden,PayPal
56fe3f0a-c1fe-4cfc-a986-658ebb6416e8,cb1a4e28-5bd9-46a4-8b19-85dcee4b1b92,2024-05-20,476.3,Automotive,Credit Card
6cd7a734-a51d-4a11-ba1c-00c49d9a4490,d9927ad6-2291-4b95-8d28-194eb24c4c5b,2024-06-06,922.35,Automotive,Debit Card
69c0971b-1c85-429a-aa61-496f9c0a4410,00816003-b5ea-4564-a8f6-d25b9e44bbcf,2023-04-02,489.79,Clothing,PayPal
b9c8e875-2f63-4e06-a6b2-d20af9f7cf03,9c14d2eb-e689-4453-9137-e4d1397c5150,2022-11-01,298.81,Home & Garden,PayPal
f58c19c7-7b85-4aba-b26a-b90a641e31d2,26ead71e-d806-494e-929f-1ba4ef559937,2024-02-10,544.95,Health & Beauty,Bank Transfer
5dcc04f0-2300-4707-b737-82abb839b428,dc40442b-f264-4f4f-9b25-dd9ec44c2922,2023-11-28,244.66,Home & Garden,PayPal
f9edc899-39cf-4227-9b37-c40003bc28af,4d972c39-fefa-470d-b0d0-8f37d6849780,2023-06-22,489.79,Electronics,Bank Transfer
16d0b561-279d-4da9-9aa8-8c5906dff79a,dff4f636-2c55-4237-8c55-efb15b05949b,2024-02-13,431.64,Health & Beauty,Credit Card
f3606f64-3f9f-4758-bd59-c9424f0d8028,ea5a3129-6e46-4857-b66e-87b10072150d,2024-03-14,489.79,Home & Garden,Debit Card
cb51cbcb-0917-4528-b93b-8f5296ebef01,168e8001-7ed7-48c7-953c-8bc7f8be070b,2024-05-09,456.22,Clothing,Bank Transfer
9b8c33cc-4121-4fad-82ee-fb5fa49b1b74,2dce50ba-c2d0-481e-8885-410d934bda04,2024-04-23,742.88,Electronics,Debit Card
5114cf11-f320-4d3b-a145-73b42d48afb3,57f9076d-64e1-4c16-9f5f-4f6164a4e276,2023-06-10,131.61,Automotive,Bank Transfer
984d1ffa-8789-44f8-9a59-3c82e4d1d9c4,e7b87065-de63-4c31-99d1-334f5e7048d4,2023-01-06,489.79,Home & Garden,Credit Card
509c0596-50f8-4e68-8204-ddf396e67862,bd9408a3-2615-46d9-a6a8-56cacb83a997,2023-02-19,167.3,Uncategorized,Credit Card
a1dd4810-7ae3-4502-8130-deb98f8cbe3a,58472188-5229-427a-851c-2c81ca525fcf,2023-12-17,426.07,Home & Garden,Debit Card
b3b912ee-bc75-4ba3-aa9c-4be51830ed21,e0203e93-37af-4b04-9911-63c152cc8cde,2023-03-19,269.34,Clothing,Credit Card
0779c97d-f4e4-4774-b1a5-deff552434a3,b1803bf8-c4e5-490d-80f8-f34b64fd1914,2023-11-03,127.37,Uncategorized,Bank Transfer
468ae943-0a40-445a-a8b1-b49b2e2cf6ae,7079d227-7772-4a4a-ba37-d857bfcb97de,2023-09-05,946.99,Uncategorized,PayPal
6a3b7487-1af2-45d6-b7d1-0ed4dbdb80fb,f53c68e1-5124-40d2-85a7-c009596c8ccb,2023-08-29,987.6,Health & Beauty,Credit Card
39333cba-4f7a-4527-8b1d-5a22e4107a22,023e2a61-c59d-4261-a56a-f4770056c4fd,2023-12-19,489.79,Electronics,PayPal
e5f95782-43ff-40d9-89d2-d7f9bffbe205,bf90c423-6868-48f8-8b14-3128ad5c0350,2022-08-29,695.69,Health & Beauty,Debit Card
9e68d26c-7772-4fa8-a1f7-50c8c9c1db86,7a24c6b3-ec55-41ef-b72e-1f24460caab7,2022-09-11,71.42,Health & Beauty,Bank Transfer
6d9b7c15-f813-4be6-8071-815990189894,ebdd13e0-becb-4d3c-b3fe-1ce141ac4cc9,2023-07-06,278.34,Clothing,Credit Card
00115fc0-f155-42cd-ba68-58aab67b3360,dbb294f9-9197-48a3-ac56-1b5b13c71388,2023-02-27,153.89,Electronics,Credit Card
89a1568b-5c22-46d0-87fb-6ff0ff6ba8aa,9a822ade-2cfd-4ecb-b600-8be2f773e79d,2022-11-30,662.57,Health & Beauty,PayPal
a8a7ca84-eb94-417d-a539-47f086159f3c,c1c6a6d3-65a0-49c2-8bb5-53d3afdca554,2023-05-25,34.12,Clothing,Bank Transfer
eeb74206-f6c8-4ebf-afa7-69d5bafd37fe,b9d549f1-5422-4a0d-a583-41a7abe33187,2022-12-07,109.37,Automotive,Credit Card
577fcc56-95dc-443a-9289-d12614f5cea3,30731f4b-e5c2-4193-b3fa-44fdc7d0ba78,2023-03-24,72.86,Electronics,Debit Card
3cdced98-055c-4037-a0a5-5f01cbc707b9,9568bbe7-57b2-4fe2-bb3a-ed76a9bb8c08,2022-11-02,188.02,Health & Beauty,Credit Card
99462720-beca-4890-852e-79d16990f055,a54f95fe-592c-43df-b8cc-9726f5070bf6,2023-11-20,369.55,Clothing,Bank Transfer
499713c5-04d9-4f79-bd77-0d0e94208cd8,01677f81-a7fb-49a5-a97a-418cde62b325,2023-08-30,695.92,Electronics,Credit Card
f3dc5fd3-b7ab-4996-ad89-1954cc27849e,5f18cb21-0ca3-451c-ac1d-4c1dfef1a9a4,2022-07-29,489.79,Clothing,Debit Card
8d435ee0-fa33-4553-880a-e26511ac3921,429d2538-6207-4837-8ae7-fd2b9d522fa4,2023-08-05,489.79,Home & Garden,Credit Card
75675707-f167-4964-ae1c-9081f3a8f775,0ef756fe-cac7-446b-b84b-ddcac269639c,2024-03-06,604.66,Electronics,Bank Transfer
4db786fb-341d-4ed2-b5d3-0e0b5f6dff9f,b38c02b1-7dd7-4437-b70c-d60318340147,2023-08-16,398.08,Home & Garden,PayPal
1e502d97-1e15-4ea4-a2e2-8e84f89f3e05,be77c138-062d-40de-99b0-b7a07cacbf04,2024-06-17,557.36,Electronics,Bank Transfer
e173b550-09e9-4e41-a7a6-ed62238a5435,c8865a23-9c7c-4210-ba71-e224f5d128ca,2022-11-25,489.79,Uncategorized,Debit Card
50465bde-6a9a-466d-804a-a8f046809a23,461a8f49-8d29-47bf-ac8b-edfc6ebc3279,2024-03-21,996.45,Health & Beauty,Bank Transfer
7f237eb5-f4a7-403f-a3cc-72748ee810c6,2d465f8e-1fd9-4fcd-8ae5-4094f78856b3,2023-12-02,422.18,Automotive,Bank Transfer
09db9681-6875-42ce-bdf3-b9cc13a8eb54,394ad186-2fb1-468c-88cd-eb9be453c7c2,2024-02-19,871.08,Health & Beauty,Bank Transfer
8a679619-e249-4c00-8651-db6a461f177b,97f34844-734e-41af-8a18-47d17182d83f,2024-06-02,187.35,Clothing,Debit Card
1e66b466-e10c-48a8-a1a8-b1f7c963d0dd,43d88a40-162e-4d63-8353-32421af04db2,2024-02-16,96.56,Automotive,Credit Card
1b29367c-428f-41aa-9402-760cd7c74306,462d0d66-0af1-41c5-a0cf-2ee365854273,2024-02-17,489.79,Home & Garden,PayPal
c655d6d2-58ed-4584-a015-4f280e2c192f,7595a4d6-bf81-4ba0-9f1b-e400d76678e7,2023-05-25,874.17,Home & Garden,Debit Card
6db13c6e-a2bb-49ad-a464-502b5043aa88,fca3b823-47d5-4c95-bd3c-950b0ce44c5a,2022-11-09,650.29,Automotive,PayPal
5a6f7a19-b881-4e41-ad91-480ecbb1022f,ea8c23b8-d2db-4af7-b00b-d1b66d13a087,2023-10-27,535.74,Clothing,Credit Card
cb5e4e77-f873-413d-9e16-c8922842d051,44ecd23e-0e58-4ea0-a46b-8bc4f0b334da,2022-12-14,630.05,Automotive,Bank Transfer
5d70c85d-45b7-4f0d-bdb2-7945e2350942,a4655508-5b23-4190-aa36-7a043b9625a0,2023-08-07,169.64,Health & Beauty,Credit Card
cf39f691-06b8-4e9b-93d7-cb9aff0966b4,3a9443ea-fe5b-41dd-a6fb-a5363a264c67,2022-09-16,219.95,Uncategorized,Credit Card
dcd697ea-d0fd-4482-b17a-369ada8463b3,865796c1-1f9e-46c2-8004-30fb1257fd2d,2023-04-21,110.13,Automotive,Bank Transfer
15b35d8e-1e31-4902-b912-94387a175204,9e29be06-bef4-465a-a52a-23f4e30d5139,2024-05-05,903.79,Electronics,Bank Transfer
cdd71e46-7539-41af-b9d5-6758abdfa2e6,63f23795-d945-42ab-9061-55801a284f74,2022-12-28,992.93,Health & Beauty,PayPal
e1fe4676-3d06-44d7-8aab-18f8330f8359,5239aa2b-4995-4574-8d01-fe56c342a6cc,2023-03-29,462.19,Health & Beauty,Credit Card
ed5dc22d-7406-40bf-a647-e880e75bdbdd,b63e3234-46e0-4e17-afba-6059a19d5828,2023-03-13,374.24,Home & Garden,Debit Card
8fb381a7-f59a-4da7-be95-d61ca40cf83d,788645c1-c292-4609-89d1-d48b28de6357,2022-09-06,822.56,Electronics,Credit Card
13b1dad8-724d-45e8-9ecd-912d09e4931c,0c19ea71-8483-4e31-9be8-364f9e7566e2,2024-06-17,792.23,Automotive,Bank Transfer
ea1d9b0e-9f4a-4105-aa9c-14308856de89,54259b32-c538-4f01-a918-ac027c608df8,2024-05-09,238.82,Health & Beauty,PayPal
634e5e49-50a3-492e-9482-b2ff4820cd3e,d5beab25-b3c8-49c4-b3c9-5068fd6d9aec,2023-03-14,238.12,Automotive,PayPal
1c0a6902-727d-4b3a-9019-ff8a4e6779cf,1a951f4e-f98d-483d-ab3b-c9ce41c51c05,2023-12-01,129.92,Automotive,Bank Transfer
9822b37e-7330-4112-ad4d-5243f8dedff2,a88a81a1-8e61-47f1-add6-cee224e4d110,2023-02-12,18.54,Clothing,Debit Card
12dc6fed-c847-4040-93a1-dd00eb7ccbc0,0056607c-912b-436f-b0f9-8590ba50a74c,2024-02-26,861.36,Clothing,PayPal
0835b6e3-f10e-4a8d-8d11-e64445faed2f,ec37b649-7795-4e2e-a495-5801b013a2b0,2022-08-15,652.82,Electronics,Debit Card
28097c07-e810-4e64-8eae-bff2abd81bc1,ab723d41-abdc-412b-b3b9-68796b746a8e,2023-07-11,-100.0,Automotive,Credit Card
7c1ced6e-c1ff-4cc8-ad63-480b951db4e7,b8f13566-d833-4493-80d5-746843eef2e7,2024-01-02,220.21,Uncategorized,Credit Card
2de49c7c-32ae-4ba8-b058-622a090d7094,37d37255-6fc0-4210-82b4-995cebe4cf8a,2022-10-15,615.28,Electronics,PayPal
9de4e68f-2be5-489d-bbe0-e2dff3d3d24c,37d6dba9-d5d1-461e-8ad7-052c91254213,2023-05-14,489.79,Home & Garden,Credit Card
35c92647-8109-4097-a6cd-ae3aca6b16ba,16c65272-52bc-42ca-8ed7-ea0e8d73ccdd,2022-08-05,318.45,Home & Garden,PayPal
a71f910e-a780-4535-8a7a-e58f5ec0d660,1165f3e8-c15c-4d18-8d46-a3975748ca5b,2024-05-13,958.79,Health & Beauty,Credit Card
1f20eccf-664d-4f9b-b7b3-6c7e5ab0a5c6,d454e9d4-2167-46e9-9685-25f9d8bfb065,2024-05-01,689.06,Health & Beauty,Bank Transfer
f71e72b6-e451-42da-a1d5-6ef629c553f8,ee932df3-d6a8-46d1-a941-a25e29d6e1fb,2024-05-11,116.61,Clothing,Bank Transfer
524b6ea2-4194-4af3-bb10-871238f96f77,66d81be8-e929-406c-a38c-e7af18990f1f,2023-03-18,972.47,Clothing,PayPal
b758c23f-d8b8-4baa-b8ed-f122f14181f8,a52492d0-0f13-4488-87cf-4239b123c713,2023-09-09,633.46,Clothing,Bank Transfer
948ad644-2c83-4eb1-af0c-c16e76afccfb,3594c1e5-d3f9-4c73-8f01-a7675b883f87,2023-06-11,686.25,Automotive,Bank Transfer
7a2c7c71-1f0d-4e00-b1e7-821708ec5194,969b1c42-c05d-433a-aeef-7708288468a8,2024-05-18,620.57,Clothing,PayPal
c1c02927-e338-4f99-8441-7c3edda6850d,714ac7f6-4cdf-41ec-a7e0-35be959e5173,2023-03-01,135.62,Uncategorized,Debit Card
56fe3f0a-c1fe-4cfc-a986-658ebb6416e8,417b54e2-f869-4c28-98a2-644cdbb45b37,2024-06-11,24.13,Clothing,Credit Card
d6cb250c-9517-449a-b102-01eb688982cb,264153bd-1148-464d-af28-b6cd6878c005,2023-01-26,132.97,Clothing,Bank Transfer
2a36ba73-e710-4a2f-8d90-2cbe1831e30f,b4ed7d40-5d3e-4b97-9914-536cc1ea0c3e,2022-09-19,323.04,Home & Garden,Debit Card
0a610e96-95c5-439b-9804-e19af5aad6ff,69f35577-69f0-4a0b-9d5c-0839fa2e5520,2024-06-02,81.13,Automotive,PayPal
d3b37301-dfba-4182-a0be-1da6f2186393,08464f29-c106-42df-8e56-51246320c3d6,2023-12-11,13.43,Clothing,PayPal
9d62293d-b5fd-4efa-b359-2039d2427c59,3b6846b9-add2-4801-8ea0-348955d809d0,2023-07-21,19.75,Electronics,PayPal
06125b2b-549c-4bee-9724-c03f0aa58dbb,d6dcc533-e6a0-4378-b652-9ddfbbed0d89,2023-06-23,535.56,Health & Beauty,PayPal
7c04fa8c-3838-4820-830b-fec86eeb507e,6b0419f8-9a6d-4d9c-8a3c-a041e5a36b2c,2022-12-13,973.15,Electronics,Credit Card
35e934cf-39b9-4b4d-9b2d-c9a4c40b3c88,0b796638-c5f1-471a-8364-fa4261cb48d7,2024-03-13,312.57,Clothing,Debit Card
ebccb59b-1792-4a64-a43e-ac942685ec77,0bf10a4a-83fe-4e7f-977b-ae39460a10b7,2022-08-14,244.37,Clothing,Credit Card
41515dfb-2748-4294-af0e-530898e03af9,d7002c45-5bb1-496d-aec0-53bd588e447e,2023-07-29,723.28,Clothing,PayPal
3086bbcb-41c0-445c-bb8a-9ae2d41a307b,c7c74a7a-8bb7-4f90-92c6-50571eb6af2c,2024-02-16,54.66,Home & Garden,Credit Card
d06373dd-8d92-4e7d-8329-c4ce400b0d42,8cc58305-5d09-4341-99eb-38d576d7bd7f,2022-08-26,298.16,Clothing,Bank Transfer
a7937edb-0b78-4642-afd6-50e3b4cf66b3,21a1ae5d-c913-4032-87ea-dfd70f1ba799,2024-05-02,525.36,Automotive,Credit Card
dfcf2951-0459-457f-911f-5ebce09c84bf,840e0782-3ad7-4a09-b316-745a2630aae8,2023-04-06,38.28,Clothing,Credit Card
06589cf5-fcb7-4230-b38d-5c0af8e75922,e7f6d94e-9778-4f66-9b30-c49090d7e942,2024-03-01,835.56,Clothing,Credit Card
41a1f2b8-4685-4f0e-a1ac-09fd44234559,c0f7fb20-e1fb-4c3e-affa-bf1e0dbfb22b,2023-10-01,203.28,Electronics,Bank Transfer
a3ceaaae-d389-4f71-801f-182316d6b788,6f7b913b-a491-44ee-894d-6c41715a136f,2023-07-21,262.62,Home & Garden,Credit Card
d24275e1-2bd3-49f8-9596-9f962be5127c,b1393963-d4f6-4a9f-9256-1a0ce7b1e0b1,2022-10-16,759.76,Electronics,PayPal
dd99eeea-0951-4a90-a235-e3a6cdc19fd7,2097ff20-e942-4b86-aa69-7fc3d518e988,2022-11-10,275.06,Health & Beauty,Credit Card
c6460a4f-0c2d-47b7-82ce-2600e5232a41,39bf3425-02cb-4ff2-9025-6c413659882d,2024-06-28,107.04,Home & Garden,Debit Card
67d84891-1749-4618-889d-3f1bd6968ab5,cc515ffa-5454-4f41-91a2-9b737f3dca79,2024-05-30,474.86,Health & Beauty,Credit Card
577fcc56-95dc-443a-9289-d12614f5cea3,91fa56bd-b532-48b1-8379-fb828ef3e4ef,2022-10-17,958.24,Automotive,Bank Transfer
bd8ab2a4-b629-48e1-be7c-79608d4cce8b,85638618-6e13-4fde-b2e5-b406f8c73c01,2022-08-25,447.56,Uncategorized,Credit Card
0f3d2119-da2a-435b-8f87-7aa1ef4ffa03,1590a8a7-de28-430e-af1a-61d9a154cbae,2023-08-11,523.06,Health & Beauty,Credit Card
78959de9-ab6b-4b1f-9eba-2bc0514fe606,61a46b0a-b842-4f23-957e-2ace64471403,2023-06-24,524.62,Home & Garden,PayPal
eeebfab7-8917-4eb2-a187-fae698d2978b,756ae2bb-8926-4d02-abce-d02e8467da67,2023-05-08,636.17,Electronics,PayPal
0ece51e3-e19f-4a06-8f1a-43d7a4e4cbe9,311885d3-7f9a-48de-aac2-5fa96a666149,2022-10-04,337.2,Home & Garden,Debit Card
cf93db25-321f-4148-805b-662d6258ddb3,4dd8d3f9-9fc5-4283-8f37-8a3f49ee5a1d,2023-12-19,422.41,Automotive,Debit Card
675a8ec7-a86a-4c3d-b75a-5cbe0ceaecf7,4d1f5dbf-6b5e-4320-99f3-e4629dcb92c0,2022-10-12,202.81,Electronics,Bank Transfer
a179e2b9-047b-40ce-b9f8-b13f2a8f969d,d41da7a6-2122-4cb4-a8a3-de2f8d99b935,2023-06-03,166.39,Automotive,Credit Card
0835b6e3-f10e-4a8d-8d11-e64445faed2f,4f376556-e285-462a-81ae-6800ebe4c578,2022-12-09,780.12,Home & Garden,Debit Card
5713cca9-0ee4-45ef-a550-5edba478b94c,e31033dc-6e31-479f-bb56-e3e392b128d5,2023-09-16,0.0,Home & Garden,Debit Card
f9ab3c05-425f-4739-8e23-5197e518e250,314528c1-6b84-43f6-8fc6-2007c2e8d795,2023-06-10,24.27,Health & Beauty,Bank Transfer
f8e05878-b789-4982-8680-2122ce530848,79ecd912-443c-445a-9c63-7ad150c19c3f,2024-05-26,235.45,Electronics,Credit Card
fe2ce21d-9252-4849-913c-22a3e0fe90eb,926def3e-dac9-4352-a1da-2fb95b497947,2024-04-28,323.73,Automotive,PayPal
23d4097a-48ee-4b31-b34a-8c14273ed91f,926ede53-e1c4-4a41-a59d-56287220a983,2023-03-25,392.19,Home & Garden,Debit Card
a35ec295-0d3b-45d6-b610-26fd4125b314,807b7e25-8913-49f7-a411-433190ec3fcd,2024-02-09,95.33,Home & Garden,PayPal
f8573ea3-e775-4d36-8b8a-a4ba6a539eab,ad9837e9-34ce-419f-a4cc-5fd92348ea62,2022-07-03,489.79,Automotive,Debit Card
cdd1c800-e04b-4df9-8682-c3207861cee4,bcabf1bd-1058-46a1-9395-ec21b75b226a,2024-03-29,714.64,Health & Beauty,Debit Card
60978a24-9522-4d96-8eed-a1ddb6cede08,89d29d9d-8b57-4ce5-bcdb-477afaefc2ec,2023-01-12,213.34,Clothing,PayPal
6596f49d-5c9f-4bcd-84a0-82d866b98314,6630bcf3-c953-49c9-8bec-7cff0dd4906a,2023-06-15,733.31,Automotive,PayPal
479399de-abf8-41c7-9568-e82c741e7bff,42d28cc9-81e0-4cc3-8309-22b7aa33840c,2023-11-16,802.31,Health & Beauty,PayPal
8245ed49-a244-4e10-b9ed-aa53764c959d,18dce7f3-3ce8-4d17-bd0c-791d2d420e87,2022-10-29,636.52,Home & Garden,Bank Transfer
3e44871b-f56c-4576-b1ca-d1dc999e2166,0abf5d27-934a-43cb-8acc-077652866402,2023-12-19,423.94,Home & Garden,PayPal
479399de-abf8-41c7-9568-e82c741e7bff,897f5d3a-8791-4a87-ad0a-f40444ba9b20,2024-01-30,19.28,Uncategorized,Debit Card
ab125c81-4129-466b-a8a4-f127fa73e694,14bdfe2a-1b56-4e21-8b37-61a0a43fd7ee,2022-11-06,489.79,Health & Beauty,Credit Card
f0c55dc8-d7f6-481d-8992-af3ce9453a51,5d5b5116-e05b-4057-ada9-d7b5f48e6755,2023-06-08,927.16,Automotive,Debit Card
20cf5d25-bcb2-4574-98b8-2f11d28ec2a0,3cfc91bf-f4f0-4b21-afc4-c6fee91d8289,2023-02-15,308.79,Home & Garden,Debit Card
c523a06d-69e9-48ab-9604-a060d44f8aaf,d14a0305-5f3c-4931-b8ea-331fe34d747a,2023-04-04,952.71,Health & Beauty,Credit Card
6e59ab74-2fb0-4ed5-9db4-fad5264d0631,f3a1853d-6d81-4ae5-bf79-13e7a5127674,2024-06-24,489.79,Automotive,Bank Transfer
dad30372-5fe9-40fb-a895-b85af25c2f3c,ba7a9f59-9259-40bb-8e64-fdab86745c26,2022-09-24,929.32,Health & Beauty,PayPal
acf61979-471d-4d03-99cf-bdd3668261a6,5e1df574-c0df-42fd-85a7-c357081b580b,2023-04-07,27.19,Health & Beauty,PayPal
f6db05bc-e9ff-454c-983c-fc4a7fd13323,b501f6c0-a2eb-434e-bd4b-27f05d0f9cf1,2022-08-14,695.29,Home & Garden,PayPal
bdb8e28a-44e5-4b20-b4a5-fd345abf6fbe,3705ce4b-ee9a-4fc2-9614-e55034322371,2023-01-14,722.23,Home & Garden,Credit Card
ac397697-234e-4286-91d4-9e59a9c1e19c,eefc3b00-2e2d-4d17-958c-f32ba8a142fe,2023-06-08,546.07,Uncategorized,Bank Transfer
1baf8a9a-bfe2-45eb-86f4-9fed7c31f201,117429e2-d087-48f6-85b0-2f20b1d76376,2024-05-31,720.52,Clothing,Bank Transfer
401302a0-2748-49f3-bf78-d778d21d4cc7,268403e6-e4de-4365-9645-fae2748dc483,2023-01-12,394.53,Electronics,Credit Card
764ab2cd-20c1-4f1b-9082-5e1f9ed9d0b1,0a25dee4-f34e-475c-bbfb-2935a14330c0,2023-07-04,640.69,Health & Beauty,PayPal
d2e3d880-ad46-4673-a37b-53e0a6c436bf,d1e4e687-4660-4aec-92aa-227c308f9597,2023-03-18,182.38,Clothing,Bank Transfer
537e91d6-b4d5-4e04-8964-1ec4cf45dcdc,50df149f-41fe-4d04-915b-699c4cc344e1,2022-12-14,329.56,Home & Garden,Credit Card
c5dfebb9-5891-4a1d-a50c-a6851dad85cf,635c8590-2515-4c9b-97d9-8bfd0e909d8c,2023-10-13,489.79,Electronics,Bank Transfer
c38e6ca5-eac5-4f80-8f80-ef7f21fad135,bfaf51b7-3adf-4c0e-9d02-c9a83bb171dd,2024-01-01,73.67,Automotive,Credit Card
af4927ba-261a-43f2-93fb-87c102029ebb,a00d02e6-16ee-4418-b0a4-731d9787108a,2022-09-09,204.35,Uncategorized,Credit Card
48beaec3-aa4c-408b-a03d-b8d321b5b153,974b0a4c-3acf-44e8-9fb7-8247c5985a48,2022-07-14,817.47,Health & Beauty,Credit Card
1d29565d-2123-4b85-b499-92a928a5fd2e,30bb2661-984e-4949-b821-923d76483d82,2023-10-14,0.0,Automotive,Debit Card
541ecfee-22bb-4358-9f01-d5d372dc49e3,29517471-1b94-4a73-a9c3-4b148d754c43,2024-06-18,296.58,Home & Garden,Debit Card
41a1f2b8-4685-4f0e-a1ac-09fd44234559,8163d929-abd9-4714-ad91-b838eaf7dca0,2023-02-16,203.05,Clothing,Bank Transfer
ce17823d-388c-4b95-a747-f24fdef0ebe8,7ab26230-9bb0-4f0c-b536-2ad784fda699,2024-03-03,789.3,Electronics,Debit Card
2c35e69c-7e26-46cb-b2fc-02875830b4ab,13fb4acc-9801-45de-bba4-397b3487c62f,2023-02-02,75.83,Uncategorized,Debit Card
723f4d63-3160-48f6-86f9-768674ceb42f,743757ea-5c50-4cf8-a681-a26ff6385784,2022-08-21,621.79,Home & Garden,Bank Transfer
57d07b58-1c57-4f29-a180-459d7928dfc0,4c91e756-5e98-41ed-88e8-7aa3422a328a,2022-10-13,376.68,Home & Garden,PayPal
eee8a7f8-1a5b-4c9f-947c-8511fa6a771d,137fcb60-4e25-4e96-b67f-34ae826aefbb,2022-12-12,343.83,Home & Garden,PayPal
cf39f691-06b8-4e9b-93d7-cb9aff0966b4,faa94651-76a6-4db1-9526-9035364c6832,2023-03-25,572.32,Uncategorized,Credit Card
03fadc2e-1b9c-4386-aaa9-315f10e504ce,375904ba-f8f1-457d-86ec-e30c99435dc6,2022-12-12,694.44,Electronics,Credit Card
22e1b1a5-34cf-4022-9313-484145b714ab,9e370669-f008-4235-9a2f-b9fca9b8cfbe,2023-06-05,62.26,Home & Garden,PayPal
2dcb9523-356b-40b2-a67b-1f27797de261,4af8c648-8eb9-4198-9fc0-2574ae136a9a,2023-04-11,387.74,Home & Garden,Debit Card
57accb27-703d-4e74-8bf7-83363e7ff1c7,eb265b18-922b-4b84-b659-5622defe4cf7,2023-06-28,43.32,Clothing,Bank Transfer
48b0fbc5-7de9-4720-9f39-6e820834dced,744132d4-e977-4c4f-b3a0-b655d35e20d1,2024-03-04,498.52,Health & Beauty,PayPal
d45f2c3e-51ee-4f18-b761-b61a73fb8306,be1871b4-6fb9-49ec-b607-e6425b680547,2023-05-01,925.45,Automotive,PayPal
86e19319-72e1-4870-bba8-51c3dd201268,3666ab2b-6289-4cd3-956d-df898dd4da5c,2022-12-19,474.57,Home & Garden,PayPal
077936e6-6556-434f-9494-e5d671b6e71c,eb4137a6-36f6-4789-9b17-4ba1a9f2ef6e,2023-09-19,116.47,Home & Garden,Debit Card
ce88db51-39aa-4149-8ee6-d6063d12768f,562ab55b-4c83-4a9a-b3a9-f548607eeec5,2022-10-31,187.32,Uncategorized,Bank Transfer
064c6d93-5842-49ee-b934-43a9319e9707,e90cda9d-d1fd-4606-9124-e28df346a3bf,2023-12-01,590.22,Health & Beauty,Bank Transfer
681db0ac-5b4d-416e-9bfc-dfd83a92f77b,b91c8fd0-e5cc-46d8-9777-3514b04b610c,2022-10-21,525.11,Automotive,PayPal
63a65dd1-0453-4bbf-b80d-70eada1d7075,156c45f8-b3b1-4f78-9e3d-649ae2a25e1b,2024-03-07,401.81,Automotive,Credit Card
b7b84b81-c61b-4f23-b3db-b18010484122,d7740397-087b-49bb-bf31-2a50ca0e70f6,2023-03-14,-100.0,Clothing,PayPal
8543ced3-b2b8-45d6-8f42-f66dd94c1685,4c02392c-e9c6-4737-8da1-7f0d84b3f46a,2023-07-19,139.45,Electronics,PayPal
ce542175-261b-4ee0-9a5d-bab32b194090,a6144b34-6202-4b77-8eed-212101105a34,2022-11-25,667.36,Health & Beauty,Bank Transfer
9801b85b-036d-4425-891d-d45551a571d5,2aa36d5c-34d2-4e33-baeb-2aca5f8baf41,2024-01-19,275.73,Home & Garden,Debit Card
e8b4797e-90c9-4e6c-a859-c57df6254514,b034bba0-3145-47d9-91b4-af0af04270a2,2023-09-16,986.7,Home & Garden,Debit Card
904401cb-a9dd-47f2-8aa2-e884ae893026,9c7c40e5-96b9-4f63-9fb1-1325aa38afd1,2023-12-20,23.57,Automotive,Debit Card
e556be3f-49dd-47c3-9bd1-6f2fb1b79d52,370ac76d-816a-433f-ab47-d96f46057adc,2023-05-27,671.73,Home & Garden,Credit Card
92688eb8-d6ea-4850-90c7-e08cd7e9eb09,5adabd3b-fd57-44d1-b447-42b57c219e1a,2023-06-04,563.62,Health & Beauty,Bank Transfer
02a9f067-33aa-4b23-ac8a-a3ca458ccf65,5a38631a-1557-4c44-9bb1-4ab8fec8c77e,2024-04-23,165.91,Home & Garden,Bank Transfer
bed6aaf5-80ce-41d2-b91b-11e7e3726d22,3f99a065-1388-42a8-b971-08c118392787,2024-03-28,818.44,Automotive,PayPal
1fe699a4-99b9-4787-99ec-27d49fe60a14,98c972b0-5bd7-4fef-8176-005d7b24058f,2023-09-18,318.18,Automotive,Credit Card
fa34c74f-0db0-4879-9d53-d079f93b924d,8c9a652f-9eb1-42c0-b92a-89609c827b96,2022-08-02,496.55,Home & Garden,PayPal
60b7c12a-bddd-4d1f-8abb-cbdeed74fea0,7a040c00-66bd-42c5-9817-8bd3eca47f89,2024-05-13,284.41,Clothing,Bank Transfer
eb404291-dab0-4733-b0e2-00676e7678a1,73e94359-e0ba-424d-b516-4f73d462b7dd,2023-01-31,243.95,Clothing,PayPal
539d2dcf-07c7-45c1-82b9-76b5bd380e8e,60e48810-cc38-4e3d-b347-76ff3385a820,2023-12-27,508.1,Health & Beauty,PayPal
37c2adef-c273-4da9-a16b-a542116416cf,b504629c-8eb3-4d4e-bf16-c12d156f4828,2023-01-14,489.79,Home & Garden,Credit Card
979c8237-bae7-4240-9224-b283bc02529e,0683f990-9984-4cd0-924a-0345067cd66e,2023-08-17,618.75,Home & Garden,Credit Card
3d0312c8-80bf-4eeb-91fe-cb842be19ca4,03f9ad74-e393-47e3-8dca-a3417e9ab40d,2024-03-26,889.27,Automotive,Credit Card
9822b37e-7330-4112-ad4d-5243f8dedff2,2791b903-44a8-4669-b84b-11b031d43444,2023-11-20,749.73,Clothing,Debit Card
99a03d48-c59f-4d13-90c0-db35331daf2e,b0e12f00-c7e5-418f-9583-6c8776a49b17,2023-10-12,536.16,Automotive,PayPal
f295375f-e649-4961-9cd1-6104411c00c8,b0a3562e-b071-489a-860b-0ae0cb65dae3,2022-09-13,686.16,Health & Beauty,Credit Card
4e5864a3-6386-4d03-a1db-1e24f50e0128,3f1083f0-d662-4e8f-a02b-d74d5adc5a64,2024-05-05,202.5,Clothing,Bank Transfer
3e9cc599-ba23-4de3-9c18-19a2ce4764e0,d82fa6b5-9e9e-4a0b-ab52-624888cc1589,2023-11-16,573.77,Automotive,PayPal
1d26a8ed-88ca-4806-9ec1-7db7ee6a748f,b8613331-50ae-44c6-8562-525c23292a61,2024-04-13,155.6,Automotive,Bank Transfer
768b95d6-378c-462e-8d70-22c41d6c65bf,a0119c2e-6c25-479f-8dff-2a08a985ce40,2023-05-05,638.27,Clothing,Credit Card
9f6b9ab6-1055-4a20-912e-23adb444695c,3c627d8b-b88f-430c-ac9b-fbafebd87603,2023-07-19,487.1,Uncategorized,Credit Card
a1dd4810-7ae3-4502-8130-deb98f8cbe3a,c8579027-b0b4-4e68-a4f1-a1ba95de3c32,2022-07-02,928.83,Electronics,Bank Transfer
eeef2240-3f56-4891-9a2f-8fd4ede5c966,cb7fd635-8e5f-4127-98f6-4a78249a716a,2023-01-18,221.58,Uncategorized,Debit Card
d8a93878-8a64-48b1-9099-65b5695c42c2,01114bf1-ca3f-42a9-9779-0861f5ec5fe4,2023-01-30,558.2,Clothing,Bank Transfer
b22eb6bb-1742-4cc3-ab63-3b56ad1f8121,3c373a27-e932-40c1-b767-8b772e7709b6,2023-07-24,345.05,Uncategorized,Debit Card
fa51f8d8-92c4-4b55-b33d-dc7f1eae4792,5556a5db-944c-49ff-9cd4-a4e2dbf4cc84,2024-06-20,981.01,Electronics,PayPal
5be24c07-9b89-479a-ba96-5edb10b65b3d,0db9fc2d-12d1-45d4-b3b1-0ad008f248e3,2024-05-16,610.23,Automotive,Debit Card
e73230b9-9b46-491f-b5cb-cedd5f1b7c7a,f17b0287-a20d-4e2a-a9bc-908bd4ce909e,2022-08-16,489.79,Automotive,Credit Card
59f8afe5-173b-4e52-b641-f98183f1a891,caf61874-cb66-4663-97fa-e2d312715222,2023-05-30,660.26,Automotive,PayPal
69392978-5c7e-4872-9058-2a4590c9247d,9c23ce80-f9b8-4b28-869b-93fc775f0b7e,2023-07-09,993.12,Clothing,Debit Card
e7e5e8fe-5fdd-43e6-92e1-5ea3e399486e,5b6352cf-da83-46ab-a0ff-79da90691392,2023-12-25,-100.0,Electronics,PayPal
6631a889-65d2-4588-9ed7-850c8b216f6d,71764f03-aa97-4578-9cdb-7c18357d1da1,2023-09-01,597.83,Home & Garden,Bank Transfer
2cbc0072-ad52-44e8-a333-ffdeb8f376e1,e493b426-2bf3-46a6-add8-e21c1a18e88a,2024-05-27,489.79,Electronics,Bank Transfer
b03edff3-4a64-4e5e-8818-10e37291a8c6,d652380a-7f78-43ff-b219-7b44144afb64,2023-09-01,804.77,Home & Garden,Credit Card
9fc22cf8-1f95-4bc9-9220-044f9757a473,0f5390b2-db84-4c71-9e60-70c8731cba36,2024-05-03,297.49,Home & Garden,Debit Card
580dd6e4-0598-4d7d-aef6-e6572e857e50,d79ee616-81e3-4607-9a69-9f6de02e8443,2024-03-29,361.08,Electronics,PayPal
88b2456d-4760-49ab-aab3-a712ab80852a,ff7a793c-b168-467f-ba03-6677df6140f8,2023-03-14,489.79,Electronics,Bank Transfer
9d3466b1-8bcf-430e-a4f9-6a0bad8d296d,eb07385e-683a-417d-9a8d-5f443d4357cd,2022-10-26,489.79,Health & Beauty,Credit Card
9f9f72a5-0ec8-4847-ab9c-d7694d86f53a,fa761ea9-b37e-4407-9d45-28e295070f7d,2022-10-15,326.33,Uncategorized,PayPal
4c95e2ed-ec52-41cd-8258-01910de21d71,0fabb001-36b8-4eb6-b27f-401c31cf48bb,2023-11-03,234.32,Automotive,PayPal
eab87908-af4d-46ef-b39f-4b1ec9d59980,cacb8e1d-4c56-47bf-85c8-a700828edacb,2024-05-31,907.72,Uncategorized,Debit Card
9fdbee4b-8628-4a1d-ac7f-f210e1076709,2080d279-a7c3-42a9-88c6-c2fb813b7bf5,2022-09-08,489.79,Health & Beauty,Bank Transfer
219e545b-8798-45f1-baaf-bc93c690f3d1,a4e60edf-0278-4733-a3e8-f84df0a868ec,2024-04-17,910.72,Automotive,Credit Card
9c649d2d-4a30-4ae5-865a-044f7f0bb386,23ab705c-bf40-4855-9938-ef577cecf9dd,2024-03-18,734.76,Clothing,Credit Card
6c9ac6d4-1b80-4f5d-a26c-6ba8e19bd59f,3c1fc1e5-e4a0-431c-95b7-d169b082ad6b,2023-08-20,881.77,Electronics,Debit Card
d98a5116-3836-43d6-bb54-ffef96f9fd00,bbfca6a6-4f7b-4497-907e-4dd541411bc0,2022-09-19,74.55,Automotive,Debit Card
a7b667f7-d6c7-4fc6-b6d9-bcdeea32297c,069e8ee7-d902-4b2f-9676-870b43c88802,2024-05-06,990.11,Clothing,Debit Card
e54d1219-b6b3-4b5c-8b75-62f4148c23b6,18936bc4-72e3-4b22-a7c0-399600022ae0,2023-08-21,537.75,Home & Garden,Bank Transfer
7e633526-86ba-4795-8d80-a79b26014c0d,5e8919d1-1895-4788-ac38-841bb28c5c81,2022-12-19,671.52,Automotive,Debit Card
2be2a985-68f6-42b1-95a8-768c5c661980,b9e286c3-bc1c-4f91-97cd-05feec8507a7,2022-08-25,899.0,Electronics,Credit Card
ad17268e-71e0-4fd2-91c4-0521eb3ffa0b,6f3c9726-3bb7-470e-a147-6061bfc74f26,2024-06-08,701.25,Automotive,Bank Transfer
4f315837-37bd-49e5-abe7-019dabf585ee,7af05020-714b-4e1a-b21b-8637f16ebedc,2022-11-05,118.61,Clothing,PayPal
5000dc5d-f0c7-456c-9603-e73c6835b085,976651d8-19f7-4bf0-902d-b209c090aa33,2024-01-03,715.21,Home & Garden,Debit Card
d20f21c5-a3c3-40c6-8451-9869c58a48c0,578649e8-683c-490e-9a3a-3f472fc6e0fa,2022-12-23,458.41,Automotive,PayPal
e6f4ae74-d58d-4770-8ebc-89c1f8778a6d,85453e5f-044f-4432-9a57-04dbed26f422,2023-09-18,375.75,Electronics,Debit Card
592c60d1-2f03-42d4-aa26-ca11f9fd0e0f,8b69d9e8-c76a-4d49-83fd-4f8485bb3fdb,2023-04-01,174.61,Home & Garden,Bank Transfer
c96a5ee9-f1a6-416a-adc6-1c8b128c7399,b18e86b8-fe30-4649-b385-18524d091838,2024-03-30,345.17,Clothing,PayPal
9910c552-b134-47d4-b34c-11221dc0d6e0,64b2a1d4-d545-407a-adc3-3b9350c3611a,2023-05-10,643.66,Clothing,PayPal
c3a5e86e-a74b-420e-b1e7-13bcbe6b71ac,eb9e7afb-833a-4441-b5e8-c80e84016e92,2022-07-20,750.13,Automotive,PayPal
9207fa75-5758-48d1-94ad-19c041e0520f,d4922534-dfd9-47d9-8fc8-d0421284b682,2022-09-14,660.87,Home & Garden,Bank Transfer
f6bbcdaa-e3ec-489a-9d20-b2599f57323e,f64e9d77-ca8e-46d1-9437-edc6a9dbadcd,2022-08-24,326.36,Automotive,Debit Card
24c99886-9e2e-4b95-a28d-6a809ddf8447,37f37b48-aa92-49e2-bba8-9206c47ed6e7,2023-02-06,616.98,Electronics,PayPal
eeef2240-3f56-4891-9a2f-8fd4ede5c966,c0f85d8c-0609-4340-ae18-7f9abeb7ec3e,2024-05-21,333.53,Automotive,Bank Transfer
b03edff3-4a64-4e5e-8818-10e37291a8c6,7df664d7-706c-4fe0-8c86-e69bfaab0b19,2022-07-02,525.4,Clothing,Bank Transfer
cb8f9257-d8ad-4751-998d-40e56cfe17e4,dad6f61d-cfbd-40f5-aab1-d1227aaca4de,2024-06-28,732.03,Clothing,Credit Card
0cf376d6-ab2a-468b-a290-4b28ffafe6f2,ff400795-c0f9-40c3-ae65-212a2bd660f1,2023-05-28,429.82,Home & Garden,Credit Card
83dc47eb-0ad1-4c15-91ae-d18f9fd2e6cb,e0197a57-8950-4362-9fc1-f60c27a06485,2024-01-06,985.02,Health & Beauty,Credit Card
5819025b-3df7-4da6-a8bd-5d980e61c5a4,ec0e44ae-e336-43ed-a182-84eed30355b5,2023-01-11,344.43,Uncategorized,Debit Card
a523b30b-f05c-4704-b3b6-e36c4e637440,85e27795-ac2f-4137-bb21-e1820fa75209,2024-06-15,799.14,Automotive,Debit Card
f3944eae-0876-467a-94ce-5c3b9813b454,a6d4e31e-624c-4f85-b342-525105ca7910,2024-03-08,342.12,Clothing,Credit Card
6fa635e0-d171-4413-a101-1b41e4831ce4,2681976e-09f0-4b23-b6cc-a60a8b9c83dc,2022-08-29,42.04,Clothing,Debit Card
b91543e2-f5b9-42f4-9d0e-3fb4706558c0,a32578d1-8286-4adb-a5ab-2074bf5206d6,2024-04-11,207.67,Uncategorized,Bank Transfer
4622bc80-2db4-4f97-95cd-8f8e4c970f9d,c21f080f-dfa2-457b-ad93-4ee823db963a,2024-05-18,826.54,Uncategorized,Bank Transfer
037ea182-19f8-4f85-a87f-e9775b11d3d2,b7c3a2d9-aec5-4c76-865c-0d7a74c79bfb,2022-12-19,217.02,Electronics,Bank Transfer
d8128163-77f8-4389-b4d4-2afff0e05e7a,ab7cc153-623f-44a3-a144-8ff4cd2cc7e4,2023-01-30,153.91,Automotive,PayPal
b9a66691-a8a0-4e8b-a93a-229719e8a36f,00c36558-1e55-4277-a8db-a0120c96a02e,2024-01-09,261.62,Health & Beauty,Credit Card
37b09c72-123a-4c67-9e52-1c2ec42d101d,d4639908-b808-472d-8669-eef273753e59,2023-12-08,953.23,Home & Garden,Credit Card
2bf41032-16ea-4915-96f2-894a2cd39765,693131af-1db2-4dac-b2f4-f61a668d4fbd,2022-07-05,178.55,Automotive,PayPal
9456ad0f-9018-482d-989a-323d0a228815,11ab7494-6a2d-43aa-92f0-12421f300c55,2023-05-27,716.62,Home & Garden,PayPal
f67a2130-08ae-4153-85f4-b634a8119831,abff0652-92d0-435e-9b81-7b0efe1daf04,2022-10-21,735.7,Uncategorized,PayPal
bc75ec72-1e92-4d14-abe8-e47e8330def7,0d0988cb-91a1-460d-ad1a-67756bdc6b66,2024-04-08,659.34,Home & Garden,Debit Card
2353e631-3267-4287-aae4-4e05b71a0bb1,6b585e3a-8574-41f0-abc0-6f148802dede,2023-06-25,553.94,Electronics,Credit Card
d968cee0-3524-42d4-a0f7-5fe6e8284890,0705d2f0-ab60-4664-b65e-971e3e2c27d5,2023-10-09,-100.0,Clothing,Debit Card
ae828d06-d474-4ec3-9327-0662508c9e6e,f209c6c8-c8ab-4bf6-accf-704b993c237f,2022-11-06,337.79,Automotive,Credit Card
1dbd5c77-77d7-4a40-a6b5-065e3f7970cf,948628cb-e40e-4851-ac49-68d031844069,2023-09-20,334.18,Automotive,Credit Card
9ff4729f-7386-448c-8205-ce0995a50c9b,571b517d-ad7c-497a-bba9-05f0d265aad9,2022-11-02,250.78,Clothing,Credit Card
18b3ff1d-ad70-4064-8d66-743289d65204,39fcae9e-16ff-4689-9fad-9a87aebca2b8,2024-01-12,517.45,Automotive,Credit Card
1542b18a-2c55-461f-ac68-bde74f09dd06,220d402c-3df1-4783-adaf-44de617cc914,2024-02-12,513.49,Home & Garden,Credit Card
246eb688-f74c-4d53-a327-8d444a2fcd62,80793666-f9f0-4bcb-9072-456ca4e6ab88,2024-05-27,354.7,Health & Beauty,Credit Card
d8f8d8c7-8fe5-4e85-8a70-7d087722f40f,10a73856-a58e-4709-a641-dbc16a92d301,2022-12-13,535.08,Home & Garden,Bank Transfer
779e8498-ec27-4741-86f0-1f0d696c7ea8,12d80278-2d5f-42f1-9bad-a693f60021ca,2022-11-14,818.52,Automotive,Debit Card
25feddf4-42a5-47b9-8b95-ba74f0c0ea9b,5f2c3722-0674-454b-bae5-034c3a1829f8,2023-04-05,682.42,Uncategorized,Bank Transfer
658c09ee-ffab-4a46-b971-af23b5b5da0e,f34d7640-c48a-4610-93a2-650b4884fd1a,2023-10-01,655.97,Electronics,PayPal
64d8f1cf-7f71-495f-8ba1-c90332919799,5f7af91a-f058-4e3a-ad49-7a07c14ed0dd,2022-12-01,683.91,Clothing,Credit Card
1161ea51-6692-436a-961e-19526aa76f84,d8bde5fa-c626-486a-b77a-df9609164264,2022-08-04,811.04,Automotive,PayPal
ecca2cc8-1a5e-4fa5-b414-f9d6583e106d,7e2764c1-c778-40fa-94d5-67da6d6a2a63,2022-07-04,650.79,Clothing,Debit Card
bd136e0d-1bed-4720-8573-8e62ac1ea02e,c7c071e4-a4c4-4557-ba3f-275b8d6a6b2c,2023-09-10,998.83,Clothing,Bank Transfer
eca27290-1c40-48c6-b0a5-8afedd9be099,4d2652a5-e7d2-419e-a000-2e63b094914c,2024-01-28,232.87,Home & Garden,Bank Transfer
c382ca5b-c4c2-4d11-9ccb-d17b22e99525,f62c59c3-f31e-40d6-ba7e-8c8daed09705,2022-12-23,148.62,Electronics,Credit Card
08878712-67d0-4938-a4e2-a2d06ce793ae,a8773e71-7038-401c-a9d4-377bfd63094b,2024-04-18,569.12,Home & Garden,PayPal
c6789ac7-81c7-469a-a613-fe1fe1487953,5c7d7958-5e8e-4387-be34-72f836ab6bdd,2023-10-29,489.79,Automotive,Credit Card
2f61e9ec-bd83-49dd-a0c4-2eae5f4ef41d,5bd7b857-9a35-4042-bff1-fd99903a066d,2024-02-03,868.31,Electronics,Credit Card
a92b56a1-de04-4528-a83e-93a0e59aea4d,cc60f6b0-4598-4fab-8083-cb39d771e44c,2022-11-01,508.37,Automotive,Credit Card
31739d22-cd42-423b-9fbd-5f310d773dce,c7872496-faae-4b25-ae59-a4e69e78b6fd,2024-04-27,562.65,Uncategorized,Debit Card
bc888183-8dfd-45d0-9bc2-d8584e9b8064,778b7362-3f8e-4dc1-8e1d-1dcf4809ef06,2023-09-30,679.85,Automotive,PayPal
987867d2-c4a0-4679-9686-b0557c8c22ee,5e12074d-3ae2-477f-8bb8-005b5ece2580,2024-01-06,241.29,Home & Garden,Debit Card
bb798529-5f0e-4731-8377-244690335f1a,374c9a44-d518-47cb-aa22-ba9016201b87,2023-04-02,161.44,Automotive,Bank Transfer
509c0596-50f8-4e68-8204-ddf396e67862,b7b52d08-ae75-4143-ad31-a03218493711,2023-12-16,674.54,Automotive,PayPal
4231fa1b-073c-4bf2-94d6-22dd9dd33929,a42b838c-c19f-4f19-ac16-691b7ec0bbae,2024-01-08,24.34,Uncategorized,Credit Card
93542fd5-1481-4d68-a22a-21db8ec3ba55,b1ef56be-7793-4621-bff6-8dbce2fd3056,2023-05-24,954.05,Uncategorized,PayPal
ec48d5a4-fb1d-4168-9fff-01a1780d555e,4734ecdf-4b25-4d7b-92be-12df8bdbd055,2023-06-04,562.57,Clothing,Debit Card
9da7e2c1-6a6f-4930-bf58-24fb85191670,19b4fd2a-3730-4e00-b1cc-6d6131da1b87,2023-07-01,489.79,Health & Beauty,Credit Card
6d9b7c15-f813-4be6-8071-815990189894,a8dcccaa-55cb-4829-8e72-ee264be15b65,2023-11-12,947.49,Electronics,Bank Transfer
d59cf513-ec9c-40e3-919c-57e7893b0ae6,7457c62b-9175-448f-8365-4f523b93d859,2023-04-20,658.57,Automotive,Debit Card
5310e98b-e14c-4df9-be6e-502b68630a5b,1b81ffa3-beca-4921-b59c-52b35ab28cd4,2023-03-26,231.54,Home & Garden,PayPal
0fb44d2e-abc4-4ada-8b93-d376da47e3b0,2ac8ca8c-19de-4a88-95eb-1077eed581d4,2022-08-08,368.54,Uncategorized,PayPal
6c78ab25-9895-4054-968d-0a5264ffa064,b95d25aa-d7f1-4986-99fc-4506e484b108,2024-04-30,829.73,Electronics,Debit Card
28c29c18-0cbe-40ea-b218-a96430cc4409,1c2f49aa-1e1c-4ada-b021-699f68190652,2023-10-19,489.79,Uncategorized,PayPal
633da32c-9390-4216-bb7d-a7e8b2274777,2439e0e3-0a79-49ea-beff-014a7c68e26e,2023-06-11,734.05,Clothing,PayPal
ae0b84ca-a55b-424d-a556-40e89db2e099,6d94af3d-85ad-48d5-b3c5-1d01080f1b35,2023-10-30,584.18,Electronics,Bank Transfer
cd4d3f5a-a57a-41f5-93d9-23c3bb7023ef,f81a967b-f672-4ee0-8dd0-c388d270ba02,2023-03-31,489.79,Home & Garden,Debit Card
6ad843a9-9ca3-4835-a20c-6e81665594e6,739af232-ff03-4477-8d8e-be9bf4f52ddc,2023-02-23,968.35,Health & Beauty,PayPal
c3534d19-4716-4c97-9c30-fdc33fc749f6,08201264-a059-44b0-bc68-b64ef9b642ee,2023-04-12,913.4,Electronics,PayPal
ebae3bd0-ff1e-43a5-856d-bc85eebf9057,bbdbee59-7c20-4a2f-8104-bd703143f3c0,2022-10-24,489.79,Electronics,Debit Card
709c87f5-082b-4b18-a197-0d7d4e1588e3,abed51fa-5ab9-4dfc-a739-c25428bd4d03,2023-05-06,609.51,Automotive,Debit Card
b8e6ad59-8b84-405d-af66-b0c1bebf7578,fc3fd530-693d-44f6-8799-4ceef3f1d09a,2022-07-18,577.98,Home & Garden,Credit Card
66987651-e469-4fc4-a5ca-ed23c08959fb,ed4249b3-9596-45e4-b824-cb39d84b4a1f,2023-03-27,968.56,Uncategorized,Debit Card
62569bed-8b56-46fb-8325-a8e8c062f34f,aede3589-d056-45bc-ac8c-5a2976cfe97e,2024-06-16,489.79,Clothing,Debit Card
f6db05bc-e9ff-454c-983c-fc4a7fd13323,43db2764-dd97-4e06-82b6-a78fb171a291,2022-09-24,360.82,Uncategorized,Bank Transfer
fb14afde-4087-42b4-9010-ad71aa367602,29784dd5-1bda-4978-a38c-b6d462072211,2023-04-08,489.79,Uncategorized,Credit Card
4d866e12-9820-413c-a5f9-e3a95d8d82b0,a4c12f90-a94d-419d-9924-6aa3737beb69,2023-10-14,418.2,Clothing,Credit Card
080ff643-1def-4438-ad98-62cff0ce5b53,77486897-0c48-4b85-a59a-c68121ab9334,2023-10-04,950.97,Home & Garden,PayPal
2d18e68b-8e15-4bea-9e3d-bc7e7797724d,145a8dc1-5d43-4789-8c64-edc31b360047,2024-03-02,489.79,Clothing,Bank Transfer
23dedf37-35f3-4b01-911d-7c7d597cceb6,f3aa1bba-e195-4f3b-96d2-506bbe917ac8,2023-11-26,648.24,Home & Garden,PayPal
51668fb4-bf4c-4030-8df0-ddc2263ec6ad,40e1fb6d-a71a-49bc-8660-327e68cd6a94,2023-07-12,489.79,Clothing,Debit Card
20cf5d25-bcb2-4574-98b8-2f11d28ec2a0,d580b4e3-9bd4-4ff1-8eb9-1b3047647649,2024-04-30,579.05,Automotive,Bank Transfer
4d866e12-9820-413c-a5f9-e3a95d8d82b0,71dcb77f-1bcb-4ce6-847b-5058c5cb4490,2022-11-04,335.25,Electronics,Bank Transfer
3961c9cd-9e5c-45b4-9d85-7614fd1b8323,14835627-7769-4c4c-81fc-21555e24662b,2023-05-04,182.33,Automotive,Credit Card
9b3834df-9bdb-45fa-a69e-e8ed87f80383,b5f50821-28ed-4b23-a89b-2e87a5fe4325,2024-01-24,444.78,Home & Garden,Credit Card
3c6bcaa9-3edb-4114-8a2f-ce624ce186f9,9773f34d-20aa-46ad-90bd-183abae215e3,2024-01-22,574.83,Home & Garden,PayPal
7df3505b-72cb-488c-8844-2f7f532d4db0,d5589c51-b034-4afc-a5e8-e27d8927db4a,2023-11-29,153.5,Home & Garden,Bank Transfer
bed6aaf5-80ce-41d2-b91b-11e7e3726d22,9c80d4c4-29b7-407c-b12f-a182af985866,2023-02-07,284.46,Clothing,Debit Card
3151b4f8-afe8-405a-b152-aa1cc8616f05,2c4d5cce-0134-405e-b015-2d6eab352444,2023-12-31,154.02,Health & Beauty,PayPal
a92b56a1-de04-4528-a83e-93a0e59aea4d,d17a7cd2-dc70-4456-853f-88b9c0ed2000,2024-06-07,489.79,Electronics,Credit Card
b82ee981-f4ba-49e3-95de-49084a33db20,71b15f40-92c8-4acd-8c45-4a6f86e11665,2023-06-21,0.0,Clothing,Credit Card
0fb44d2e-abc4-4ada-8b93-d376da47e3b0,a6001365-529e-4d06-a807-0487ba1d6357,2024-02-02,72.93,Electronics,Debit Card
1256edb8-f10f-451d-91c5-1e525b23ff5d,d4f3669b-9c48-4056-a25a-1ee6e3c6d05b,2023-03-14,705.77,Automotive,Debit Card
581657eb-d7c0-478a-8b99-8cb33c01a4d2,7e582edf-2d49-49b4-a1f8-618561331c65,2023-12-29,36.82,Home & Garden,Bank Transfer
61241d0d-b46b-4521-ac03-df44f73a7497,f47e312b-1178-4411-bab6-4f0701e9aaa4,2024-04-19,495.95,Automotive,Bank Transfer
709c87f5-082b-4b18-a197-0d7d4e1588e3,3ce3d02f-168e-4a3b-8516-7162ce2e0705,2022-07-23,406.98,Health & Beauty,PayPal
4f6d0e26-dbf8-4abe-8b06-083acba71564,090b8b50-fe2b-4c96-b732-e66387cd4925,2023-11-21,121.68,Automotive,Credit Card
7ee0295f-2941-4d94-b649-e782f59f9cbc,d1cabe68-1bd0-4bcd-a1b0-651dcb40fa1f,2024-06-28,489.79,Health & Beauty,Bank Transfer
14a794f8-2099-4aee-97e4-bdd3899994c6,286ba61d-ac32-491b-8f70-f5dba106f5dc,2023-07-20,194.56,Uncategorized,PayPal
da98411d-10af-4b6d-ae13-d98e83a98305,3a04b230-1dfe-4a73-ab00-029d3935b254,2023-01-07,374.7,Home & Garden,Credit Card
3ab99bb9-92d4-45c1-adfc-ec3eec038b87,7d807c41-8645-4bce-9d7a-4f771d667a4b,2024-04-05,882.53,Clothing,Credit Card
d8128163-77f8-4389-b4d4-2afff0e05e7a,fb95ead0-9a37-4053-a629-3d1632d78ad4,2022-12-18,275.23,Electronics,PayPal
44eca02a-cfa5-41ef-aad1-78ed5186ca64,62aebe32-1025-4f18-95f8-10039f2cb8e1,2022-09-12,138.51,Home & Garden,PayPal
2a8b0748-3a77-47ec-a6e9-c8c191b39d62,c846947b-79b4-49f4-a08a-ecf47f52defe,2023-07-10,943.57,Health & Beauty,Bank Transfer
8de3d5b9-1f1a-4bd7-b242-6cb09d7f3609,4281591f-d839-4c2a-aea2-5cec07eee005,2023-04-06,0.0,Health & Beauty,PayPal
a109f23f-12f0-42f8-a5b0-8b34189ddb98,a94c6bb4-f5c6-425a-9f02-8c8c20d3b54e,2023-12-31,636.51,Clothing,Bank Transfer
5be24c07-9b89-479a-ba96-5edb10b65b3d,e14f4c3d-599e-4158-be22-61a3255bdd61,2023-07-15,422.76,Clothing,PayPal
62a9bff7-0a8c-4647-9923-941d7f189c25,d3600530-ef87-4fa0-b79b-e7c947b9c2ef,2023-01-20,148.62,Clothing,Credit Card
d51a0589-4e54-442b-8505-1b03e6666a0f,19c5c767-f548-4b96-9abb-f4dfd0cd1593,2023-09-01,975.84,Home & Garden,Debit Card
f102f93b-f32c-41d3-adcc-25e02a67c34f,80669471-9d66-49ce-bfbb-3d1f72fe37cc,2024-01-16,191.28,Electronics,Bank Transfer
6b2f8f03-ab9e-48a6-a07e-10e794b04fe0,72027abe-b933-49b8-97f2-12d3a26f8f7e,2024-03-03,554.51,Clothing,Bank Transfer
ce5cf079-859b-43fa-9609-c6bb7e12c6b7,7c1318dd-c461-4bca-94ed-501c5266fa10,2023-07-05,100.19,Health & Beauty,PayPal
4f826eca-8187-4f86-bb0b-37338c896d50,4f6e0389-7ecd-4291-a710-7df023fff5ca,2024-01-14,489.79,Electronics,Credit Card
06589cf5-fcb7-4230-b38d-5c0af8e75922,cccaec9f-a154-4016-bd66-ccba6fe9b6e8,2024-03-26,387.83,Electronics,Bank Transfer
edbc4b21-e53a-4f7c-bf1f-7dc9f9557ca5,b78a816e-8c85-4b6a-b112-01cba5d524be,2023-08-06,213.16,Automotive,Debit Card
e7cf6999-b4ec-4ce4-bb09-bfd18d61d933,2e0b66a9-af5d-4cf9-bb60-55ab2932edee,2023-05-10,504.42,Electronics,Bank Transfer
49f06ea9-4ae5-4ce5-98ce-d2c2f6f15cbd,f27e5e7a-e3bc-4b04-874d-61f35cc840c3,2023-07-06,965.0,Clothing,Credit Card
8a6ac6de-96f0-4383-a87c-34d12e104bb8,9fc5af39-e69c-492e-b09b-6176cbcc7d5f,2022-11-10,656.14,Electronics,PayPal
347222c1-9766-4ae8-9263-4e509359b409,4c9eec53-4ef0-4dd1-a3bf-9112d21da7e9,2023-03-28,28.82,Health & Beauty,Debit Card
1e7ce035-2593-485c-8039-02a933537b70,a0edadfa-7b00-45ab-bd1d-aceb2c659c67,2022-08-24,58.43,Health & Beauty,PayPal
0ba92110-710d-4647-a7bc-529cad2cda6a,4d1de12a-0a9a-4f9a-a6ca-1dd9a69ee1fb,2022-11-27,195.83,Automotive,Debit Card
44eca02a-cfa5-41ef-aad1-78ed5186ca64,a6dc0bbb-f959-452e-ae1c-433874400fd7,2024-03-02,489.79,Home & Garden,Bank Transfer
321acf6c-c401-4f7b-9835-bfb7cd5e48ff,1e9b2193-15ce-49eb-aa01-b469a418d0f2,2023-04-20,167.84,Electronics,Debit Card
ac5436b6-4dbf-4083-88f5-87e9c9b2064d,08b4eaa3-bb42-4e7d-9186-22364664f9ef,2024-04-29,224.8,Electronics,Debit Card
8be98339-7564-43fa-b2b6-b273d36a5527,a5aab42f-82ed-449a-a1a8-7685fbe1712b,2023-05-13,484.3,Health & Beauty,Bank Transfer
6b2f8f03-ab9e-48a6-a07e-10e794b04fe0,74a04b6d-1308-497d-96bf-e89ab7bb47a5,2023-01-15,764.04,Automotive,PayPal
79fc606a-c02c-4c39-b065-3e88a59b366c,78f6cd24-8d00-41fa-a68d-7dcb5c6650ff,2023-07-16,519.63,Clothing,Credit Card
892666ed-6ac7-475e-a439-be787d456af3,ad7ff796-8f97-4123-af3b-eaa3fc8105d8,2023-09-10,778.31,Automotive,Debit Card
66515d36-ce81-4765-b76c-9ee0eeb66c98,e0328ade-4b89-47bc-bcf2-9c7cdf4ce4c5,2023-09-09,978.93,Electronics,PayPal
a5537b15-92da-427b-bfa6-287f24e8c371,e8924836-d751-4c1b-92b0-873932e98df8,2024-02-02,421.73,Clothing,PayPal
8a5849f2-1fcb-44c7-a90f-e16023c0465e,f6e1e528-ca0f-4999-b739-9aba8ed05868,2023-03-23,125.3,Uncategorized,Bank Transfer
da98411d-10af-4b6d-ae13-d98e83a98305,c30bf196-e540-4a06-973a-1f8e60177a8a,2022-12-14,413.38,Automotive,Credit Card
cc69a111-0b82-4061-98f7-317b2ce823bd,a1b86a26-0204-40c1-81d4-4a77baddb47b,2022-08-03,489.79,Automotive,Debit Card
c7795b86-84bb-4da2-a8dd-8433adda3783,480b2a13-0e30-4c4a-bb16-7aecd39a841b,2022-11-07,141.16,Electronics,PayPal
72d087e6-a4ec-4a4b-b04e-1aa6d5c1ff72,d4ec510a-9a74-4090-8d77-1167df04f413,2023-04-29,464.52,Uncategorized,Debit Card
0e663785-6555-49a9-ac34-ea04406b1ba5,d41b2f52-a313-4615-8352-a314619fd095,2023-03-18,385.84,Health & Beauty,Credit Card
fcc8bb46-d8da-4948-8cd6-fdf4f9d19aeb,e3efd331-b675-4fb7-9a69-808cad61cc66,2023-04-23,528.38,Electronics,Credit Card
e5be0323-763b-4ce3-a575-f58313b295d5,fa5b7fdf-46ba-4f43-b63e-230a4813a8d9,2023-10-14,917.8,Uncategorized,PayPal
fabacef8-5d27-4028-bec6-ab116a3219ae,8bddfe1b-76dd-47c5-b8f4-fe2202d87cda,2023-10-04,925.82,Clothing,Bank Transfer
79fc606a-c02c-4c39-b065-3e88a59b366c,e7bf051a-96ba-4a29-8e20-d8e5d5d9444a,2022-09-16,985.47,Automotive,PayPal
5e51120b-310f-42c1-a0ba-6a8f96b44dbd,a7b9d1d0-0aa2-49fc-9bd7-ba46c538c37d,2024-04-11,942.23,Home & Garden,Debit Card
67d84891-1749-4618-889d-3f1bd6968ab5,56809e86-81e0-4411-9eb5-4339055eab77,2023-05-20,586.69,Health & Beauty,PayPal
febc5ef6-d9f5-459d-b7ef-40fdb9c2588b,97d3e8a3-b8d5-4f33-8859-664472aa9a4f,2023-03-20,553.71,Electronics,Credit Card
78002a64-8a6e-4d61-80a9-1bbf4c41ae76,2532b466-9d3e-4724-a5f4-b3295b4b8530,2022-11-01,0.0,Health & Beauty,PayPal
3609a9ad-d526-44a5-96ec-7ba7accfd866,800a6478-290a-43d5-a505-a48f0e112e9f,2022-10-29,252.38,Automotive,Bank Transfer
86cd3c96-4331-4c00-902e-54a8f37a4db0,8fcbd6e5-f077-4a1b-9e12-c85c62af310c,2024-05-29,255.22,Clothing,Credit Card
574f65fb-c9a3-49cd-87c0-c6beed1d13f2,7be01da4-c3b7-4790-8fa8-45f332554661,2023-10-12,369.84,Automotive,PayPal
4eed01a0-3f24-46c8-b919-432410150ff6,ec70d3fd-0bee-44f2-98dd-23ace30fc891,2023-03-19,370.16,Electronics,PayPal
787f8b3b-f311-41be-822e-9fc9e203d945,747dd8c5-f17a-4452-84d4-17e3e0e95277,2024-06-21,227.94,Health & Beauty,Bank Transfer
6e820fd4-83e9-41c3-8c2a-4c39b93d9a22,e3250c71-fb18-4391-82e5-50b09b64f453,2024-02-05,341.7,Clothing,Debit Card
53576cf2-a4b7-49c4-b114-7914ce0a4837,69d80f6b-1e4a-4d22-9f0a-ecb2d2db5f87,2023-12-18,590.79,Clothing,Bank Transfer
61adc65c-ddcd-43fc-85c4-9e8d60daeae3,bca76b45-6049-4cbb-a89c-4aea4d41fbbc,2023-05-05,94.09,Health & Beauty,Debit Card
778da54b-8f96-4609-a21b-bba3d7f071ea,022cfd97-a8e8-4e50-8700-2720d52bfd75,2022-08-23,586.87,Health & Beauty,PayPal
70a64f68-8300-40b7-9d3e-932bf73ba7e1,6e77bb99-58c3-4825-a791-7e95c72ec635,2023-01-05,474.55,Health & Beauty,Debit Card
d6fe4961-6886-49c3-b6be-07bab52aa19f,219815f7-55f9-4524-baa8-b4154ac68c41,2023-07-27,373.85,Clothing,Credit Card
28a886bd-0c98-4532-bbb3-4ba77a9ee275,3044af7d-d422-474b-9b9b-687880505ffe,2023-05-09,489.79,Clothing,Credit Card
52e263ef-2b36-497b-bc41-da90c9b9c1fa,70833661-4fed-414d-a869-c5c6407d4dac,2023-08-29,128.71,Clothing,Credit Card
7120aefc-7d84-4981-b4ec-64e036fba72a,808aaa37-d142-4668-b02e-34dd275d77ca,2024-01-28,491.62,Clothing,Debit Card
640e1c54-6ef2-45fe-9567-f0edab3c052e,2402b176-8c0b-43d3-a893-e4110e87b9a4,2023-02-26,109.65,Automotive,Credit Card
371788e8-cf8a-4694-84c9-2d34da4d6f8a,de3435ee-8669-477f-8cd7-9271df6e4f5e,2024-06-25,31.26,Health & Beauty,Debit Card
8aa6b122-fcd1-42a8-b4ad-d526bf397551,794b5b34-6d1c-4823-a1e0-94668cd42510,2023-02-14,89.08,Uncategorized,PayPal
d815c267-68e9-49c7-81b6-0d21a4065042,a965cd77-e84c-4fa4-b6bc-4e5c954a77ce,2024-01-14,724.49,Electronics,Bank Transfer
4d6201bd-1955-4e6a-adec-a7afe7109977,71e8c7b1-13fa-4c6b-956d-1cc92e5ca137,2023-07-06,774.41,Automotive,Credit Card
82f41b29-3a03-4309-8ff4-96465e800a62,7f3e69c7-a013-4a30-bc0e-081f5bed27a6,2022-09-20,582.36,Home & Garden,Debit Card
83355281-fda3-4776-9f9d-a812243c3b56,5174e3e4-b6ed-4343-8e6c-ab72dd82fa41,2024-03-02,745.3,Health & Beauty,Debit Card
961ea5d2-d165-46be-9e55-798607bc8177,0f9f48ee-2443-481a-95a5-0bd90ea31acd,2023-05-27,406.95,Automotive,PayPal
0245d7a4-69b5-4f4a-9685-7fa4b60bdae6,3f1f9c20-bb8d-42df-8ec4-382baea8ad1c,2023-06-22,62.94,Health & Beauty,Debit Card
a53c8c2d-9bcf-4812-ab7a-10840de166fb,b3b58d92-e02e-461e-bec5-e832ccaebd9d,2023-05-12,927.43,Home & Garden,Bank Transfer
d2039527-a85b-4404-9238-91ebb6e0ec94,4064f59f-aa8c-4d5b-9a2b-040a2808cadb,2023-01-14,705.7,Home & Garden,PayPal
28430763-928a-4941-998c-366da3d0a74f,ff05976a-2845-499c-8573-0ca76b023933,2023-05-09,489.79,Health & Beauty,Debit Card
efa73de0-f044-49ae-8118-c5607b420e4c,64e23042-ed1d-4395-966b-e08e2e1b8a09,2023-02-10,762.7,Clothing,Credit Card
f3387277-5484-4efc-8654-296b842463b9,7c1711b3-33b2-4df5-a649-429bbf090d4d,2024-03-06,111.86,Home & Garden,Debit Card
6d8e562b-b51c-47b5-9ff9-18b624030aab,3aab0d5a-e310-4b08-b175-9755cb00602f,2023-08-15,880.15,Clothing,Credit Card
bfa4ab5a-6c02-40b6-bb06-9c3f1be6024d,2c256f8a-73f8-4217-87b6-26f2a5c85514,2023-10-24,866.32,Home & Garden,Debit Card
cd406f95-85b9-4aa4-b550-71136df2534b,e0ae58a0-e378-4c52-8b99-c7e69f6c6404,2023-06-14,708.07,Clothing,Credit Card
a53c8c2d-9bcf-4812-ab7a-10840de166fb,44aaf5c3-5b52-433d-8a6c-5b9cedb2bda7,2023-08-31,75.17,Home & Garden,Credit Card
800ad6ce-e283-4fd1-9974-e07577f1aa82,f6ba11fe-34c7-497f-ad3b-2a7a1a2942fd,2023-01-24,838.43,Home & Garden,Debit Card
3fbd3807-6610-4588-aa7f-fba7baaf308e,04c3a3b5-907b-498e-aae0-cdf5230cc0ba,2022-10-08,824.5,Automotive,Credit Card
f9cb178a-b717-4782-91ce-20564e98ee81,050b5639-d34b-44d6-911e-62682b12f5cf,2024-01-17,958.46,Uncategorized,Credit Card
587f0de4-1254-4ad6-9567-af6745c960b6,41456ce2-e3fe-46b2-98bd-67d76728c3b0,2023-02-06,124.39,Home & Garden,PayPal
e5b86db2-c53a-4804-a021-57846859196f,15af8239-ff13-47fc-aa66-06e4798b26ca,2024-03-27,68.55,Uncategorized,Debit Card
663fe6ae-b359-49bc-841e-c3deb4a18083,87fee275-f9f6-4c2e-becd-08e7220b991a,2023-02-03,367.58,Clothing,Debit Card
fa4c97fc-4a9f-4857-969e-ea9528b2792e,98a82a23-beb1-4924-b366-2c5d57f4f211,2023-01-26,489.79,Automotive,Bank Transfer
242834c4-0e75-426e-87b2-aeb009a44087,1847e80f-9473-4d73-ab1c-c422014c0fc9,2024-04-27,325.59,Home & Garden,Bank Transfer
7126d6cd-267a-45ba-abe4-1eb0ec7fc7b4,30de91b9-e74e-458b-bc97-f3f4939eb08e,2023-07-22,339.83,Automotive,Credit Card
3c6bcaa9-3edb-4114-8a2f-ce624ce186f9,05ae7364-f3d3-46ca-875b-f566a50353bc,2022-08-24,323.03,Uncategorized,PayPal
2da3a384-4f08-4048-871b-a1acfe7d7c59,f9c89a8e-dd23-4b2f-9282-9146bef45d49,2022-07-11,846.73,Automotive,Credit Card
409d7d69-e0b1-4493-8b23-100fb9518966,13364709-1e90-41a9-97b0-0ea4163c9ebf,2024-05-17,844.73,Automotive,Debit Card
fceafdf4-01c9-44dc-9978-b601bd35de86,e203ba29-2062-4435-a94d-c857cd505beb,2023-07-14,790.3,Home & Garden,Debit Card
a608154e-396a-40d1-9ccc-b64d55dbc5b4,bef20710-4f52-4942-9ab3-2753ad236699,2023-10-01,835.28,Uncategorized,Debit Card
cac92dca-e363-4f27-aae3-d4ab2efb2936,f74106d9-2ba4-408d-a83a-1f9a612cd593,2024-02-28,194.97,Electronics,PayPal
51198c52-6a0e-4677-ac11-37f1868acaab,ee4a388c-1f68-4014-a9f6-de8c1673face,2022-12-21,533.07,Automotive,Debit Card
d6fa22e0-95a7-4968-9527-41ebf73c7764,1720acc9-5606-4d32-a9f0-54b740a05fd4,2024-05-30,868.34,Automotive,PayPal
f4274d3a-db95-4b02-b4cc-2b414f25d80d,913f85cf-1851-45ea-b412-10c5a73c7463,2023-02-18,107.39,Home & Garden,Debit Card
1fac8ad1-9a12-4370-bb35-5e1aa8b3419e,38b62386-5783-4520-8633-80787f1f5173,2023-09-09,489.79,Uncategorized,Bank Transfer
57d07b58-1c57-4f29-a180-459d7928dfc0,b8458234-0d74-4c9a-bf5f-20fa2a550f60,2023-08-05,808.68,Home & Garden,Debit Card
bf67d7a6-f689-4aa7-932c-44ed4a0106da,4e11956b-20f4-4862-b7fc-f30008b25d2c,2023-06-26,538.35,Automotive,Bank Transfer
49f06ea9-4ae5-4ce5-98ce-d2c2f6f15cbd,48348196-55a7-45ba-bfb8-4861d35bdd9b,2023-05-26,390.81,Clothing,Bank Transfer
efa3d3db-a2b1-4a72-8358-af8d19a2995a,8fda83e7-8dea-481f-8dc1-98aa591d8b39,2023-08-19,977.67,Home & Garden,PayPal
8f4bfd5c-d32d-49bb-a995-7535553847cf,032dc131-2176-49b5-9df6-3ace4296924f,2022-11-30,545.82,Electronics,PayPal
b8f3474f-d05d-4aca-982b-6af4a856305a,287c98cd-4c3c-4c01-bc3f-fd2cdfb01d78,2022-11-17,0.0,Clothing,PayPal
0f70d4f1-a4ae-46da-ace0-376023462fe3,d1a0467d-b627-4f8c-a0c7-5e6660acf2e2,2023-01-20,489.79,Electronics,Bank Transfer
0a5270eb-ff97-4072-a9f0-2203be2469a4,0007b64d-1921-40f5-8881-97349d0fb361,2022-07-03,77.06,Uncategorized,Bank Transfer
f2550752-ee52-4207-a38b-633fdc9a23a2,3cbb73b4-6646-4055-84dc-2cedf27182f7,2023-11-14,701.3,Uncategorized,Debit Card
f288eca4-19dc-4cb3-87bc-082a146ab029,11a55e55-3d40-4d65-9fa6-6a8faa3a8ed9,2023-05-21,24.16,Clothing,Bank Transfer
c44755dc-2d19-49e1-bf56-b7ca5b41d1c8,7cc4a770-86fc-4657-925b-72948ede86d9,2022-11-20,489.79,Electronics,Debit Card
c382ca5b-c4c2-4d11-9ccb-d17b22e99525,e06066f0-5742-4628-b707-8107d07e367b,2023-01-23,506.49,Automotive,Credit Card
2541e488-4232-417e-9032-a9e35370e602,800ae629-5979-4b67-aad8-f525c4fbf654,2023-08-05,973.48,Clothing,Debit Card
61c66c60-10e0-4c29-851e-840e6801be64,e157082b-fedb-4098-8bf4-4e525e29034b,2022-10-08,850.02,Health & Beauty,Credit Card
f6bbcdaa-e3ec-489a-9d20-b2599f57323e,99bc5357-46d7-459b-8632-3040c3687b4c,2023-08-05,748.47,Clothing,Debit Card
0340d565-36b4-4d28-9619-7899512b31b8,f2923e60-23b1-4c2b-b94c-6f30e7474a2f,2023-09-08,603.06,Electronics,Debit Card
466f4862-7f5e-4cee-b8dd-f6f3d430288c,21fa534c-2ddc-4ac4-a724-d07896ebd665,2024-02-21,489.79,Home & Garden,Credit Card
b5c0628b-1e18-48db-b35e-fd3e959dd948,caa3edea-9537-4961-95d6-5c6fb5485cf4,2022-10-28,95.32,Uncategorized,Debit Card
e29c9045-3b53-479e-b8f7-4e9da6afc6a2,309a93b5-8e32-45ae-93f3-a3e5e744474d,2024-05-07,614.46,Automotive,Debit Card
3072aa43-6c0a-4c09-9ab0-aff70d555e0f,14db592d-326e-45c9-bbce-a3ef1b4ee911,2022-07-10,344.14,Uncategorized,PayPal
aa5eea4b-c948-41f4-9285-229a470002aa,0206fc71-3dd6-471c-89cd-ce4b76531ca4,2024-04-06,686.83,Clothing,Debit Card
57ed9f50-dca0-44b5-9d66-807135eccbee,951b135a-6496-4727-b54f-5176b836c5a3,2023-03-29,489.79,Automotive,PayPal
e9c58327-25a1-4148-8c41-f0f37fc0c75d,e03a06c6-d5cd-48c3-a81c-aadcde8c507b,2024-02-20,495.66,Automotive,Bank Transfer
52eb500a-0511-4085-8e1b-b823b3fd5522,ebc8de31-1aec-492b-8bca-9df8b24e0a9c,2023-02-25,551.7,Automotive,PayPal
cf0aabaf-a877-44a6-b3f7-92f1f6353e6e,00e612de-85da-40e4-a1fb-53052700f759,2023-04-05,725.4,Clothing,PayPal
fdfb3ec4-9113-4b09-b597-19bf7d3cfd21,47ddc884-33a6-421e-8010-628ae5de8451,2023-06-28,188.64,Home & Garden,Credit Card
d6fe4961-6886-49c3-b6be-07bab52aa19f,1b5ba835-e39a-4173-8944-5df63cb2733d,2024-02-20,52.96,Health & Beauty,PayPal
420a3a2a-1ac8-46ed-9009-30c3a0e75a3b,636ddb14-3125-4e3e-9440-8deda84061de,2024-05-16,10.47,Clothing,Debit Card
93f43999-e91e-4e6b-ae65-8514ada12ce0,0010657a-075d-405a-8954-9b3b319d0501,2024-01-03,893.15,Automotive,Debit Card
6e62c234-7b0c-4891-b2f0-4f6ea06c1679,f3b8b2b6-7aa4-4ee0-8be6-e67671deda5e,2023-03-17,489.79,Automotive,Debit Card
1f5c50db-9c55-4bbc-8a93-c7994a7bb3d3,4b4ddbb6-36cf-44eb-8e7a-b27c529f1cff,2022-12-20,-100.0,Automotive,Bank Transfer
64d8f1cf-7f71-495f-8ba1-c90332919799,d0985a1a-fc6e-4f39-9ac0-a15d18a9b29c,2023-09-09,372.54,Clothing,PayPal
bb275448-8285-40dc-8d02-657918eea20f,e13850ce-4512-40e1-ae02-2507fb22f011,2024-01-09,203.39,Automotive,Credit Card
299beb50-d10d-461f-bdd5-4083a4e3cc9b,5a617a18-64d1-437a-a0d1-e92d216f55ca,2023-08-07,994.59,Home & Garden,PayPal
7d1f9b99-1d76-4d6c-9f68-8cc0f96bec8f,f17b961e-3803-4f6f-8f3c-4ddefd6bf457,2022-10-02,237.2,Electronics,Bank Transfer
5edfab8a-fdac-4de4-92f0-2ca314b7fd59,f2d9c621-e734-4207-b3e1-1e60ed0d074d,2022-07-04,509.66,Clothing,PayPal
a76ed7fb-f0eb-4927-9cc5-e92294c44403,524df10a-b9f5-48ba-b4f9-92bc342082d3,2023-10-31,389.46,Clothing,Debit Card
152b0a87-9600-4cb1-b0ae-b43c85433787,de8c3eb2-d0fa-4b87-9610-a143ef947417,2022-07-09,425.79,Home & Garden,Bank Transfer
4f6d0e26-dbf8-4abe-8b06-083acba71564,44f82fcb-291f-4df5-bbac-2b2ec6bad3e0,2023-10-12,325.31,Electronics,Credit Card
ee462937-e0c4-42bd-a4ef-7df8946ba9f7,cd433fed-4321-43e6-85e9-b58f0d0b42ab,2022-08-06,763.59,Automotive,Debit Card
c26a36a7-c23f-4d97-813a-8fefe5de2454,72a0a208-d85a-46c5-87e4-5fd2fb1dea8e,2023-07-14,489.79,Clothing,Debit Card
868a390d-9cf4-4a35-b48c-4d2db6412b96,251d6627-3c8d-4633-bb9f-5c17fff40e76,2023-10-19,730.57,Uncategorized,Credit Card
8f4bfd5c-d32d-49bb-a995-7535553847cf,76064e68-4b27-459a-84f2-c4867f4dba61,2024-06-29,489.79,Home & Garden,Debit Card
29436bcf-d6f8-44d1-a856-0794abb562ab,2b196832-c032-4602-b5a4-ff300cbe0011,2022-10-08,895.22,Clothing,Debit Card
940e1d2b-75a3-4eb3-bcfb-94f899c04a35,926d0aac-5ab7-47ae-ad78-d89db54f908b,2022-12-15,843.08,Electronics,Debit Card
7e1c77ea-9219-49f8-ae1e-c443b50a8a03,44ae3966-ca2f-4e72-849e-d08daff95f0b,2023-06-02,917.41,Automotive,Credit Card
712b4161-ec32-49a0-b09a-54cbe3e12b0f,1f72e161-5564-4296-9e67-780bd0d65bae,2023-06-05,274.15,Electronics,Bank Transfer
faa2a70d-a748-4349-98fc-faef6ac1ed83,bf87d19c-6ee6-49bc-a6dd-ecb1485b37ac,2024-06-22,750.37,Clothing,Bank Transfer
50fb6a76-ceff-4446-b79f-059a5dc6fc9f,e81bf37b-a91e-4b00-997e-8370e908e449,2023-02-16,532.74,Automotive,Credit Card
6a178ba8-e3a4-4458-8f8e-8e47314d1af2,fd7af33c-c1b2-484f-abc1-bd7db17d122b,2023-05-02,316.12,Health & Beauty,PayPal
152fca0f-9095-4702-a079-a6a39a1ae04c,b1e97a4c-268a-4b04-8fa5-b3a8fb057dbe,2024-06-07,775.76,Automotive,PayPal
e76d99b7-f95c-416f-8d4e-5fe436a6414c,14041a31-3533-4d76-acde-96175fc6f731,2022-10-04,446.6,Health & Beauty,Debit Card
0009fdd2-ae63-45ca-8d5b-d0ea98381f7b,86cd577d-4ffd-498d-94ce-e68e6cca8865,2023-10-26,389.69,Home & Garden,Bank Transfer
a7937edb-0b78-4642-afd6-50e3b4cf66b3,893e12ae-0e55-45d1-89ea-025f7cc011b0,2024-04-20,489.79,Clothing,PayPal
61566b24-0de9-47bd-aadd-0650b9646191,99004e4a-9914-47a0-9cc3-97700372362a,2023-10-08,850.1,Health & Beauty,Bank Transfer
46402a3a-4a33-4677-9540-3043a4fffe14,fe669fa3-398f-44f9-859c-bb7e9736bd10,2022-11-17,372.02,Electronics,Credit Card
42557c76-96c9-4961-9b7b-3e1e8e7857da,874b7085-39b7-4cc4-bb6a-85d6c5e66c17,2023-04-26,278.0,Uncategorized,Bank Transfer
86cd3c96-4331-4c00-902e-54a8f37a4db0,754137f7-e3b1-4189-95ec-b632348adb51,2024-05-28,386.1,Uncategorized,Bank Transfer
4ce2b16e-10f6-42e4-8894-d776c80ff961,9cd830bc-b21a-4be4-a395-072fbc2a930d,2024-01-23,932.69,Automotive,PayPal
b5915b1d-08f4-449d-a4c1-a7786309a084,c8b1551e-7d65-4e48-b1dc-5526766130d4,2023-11-24,489.79,Electronics,Bank Transfer
dcd697ea-d0fd-4482-b17a-369ada8463b3,64fbe1dd-3649-4ad2-ae86-0f42b056aea1,2022-10-01,686.73,Home & Garden,PayPal
1dbd5c77-77d7-4a40-a6b5-065e3f7970cf,1d63d6bc-fd72-423f-918c-382da55eedf9,2023-05-26,929.11,Clothing,PayPal
e53f840d-c955-4fd0-9527-66b4262c9a2e,b2c71424-780c-4ec2-b955-f2fd0e898b86,2023-06-08,435.05,Automotive,Credit Card
4add70a0-9c64-41d8-b32e-f7f1ea06706b,7bc1778e-787b-4b07-8a3b-e9437d2626e0,2022-10-31,688.09,Home & Garden,Debit Card
5a6f7a19-b881-4e41-ad91-480ecbb1022f,074bb2c6-c853-4aa4-85ef-a84aa69e1e11,2023-07-14,634.12,Automotive,Bank Transfer
cf45e97a-aba1-449e-98b0-9611ec70e68a,ccbd1545-871b-410a-bfee-27644b1c4dbf,2023-10-20,374.32,Health & Beauty,Bank Transfer
1ed01bef-384d-4c8b-a672-7c292860d7c1,1c9e6592-42ed-46fd-9ef6-4f94e413bd8d,2023-05-18,503.86,Electronics,PayPal
190600fc-e1b7-47b0-9cee-37de2d9a8ddd,bd1571a8-7025-42b6-a469-5de4df805e37,2022-07-05,728.91,Automotive,Credit Card
8a23320b-45bd-47aa-b929-3287e63d2cc7,81a51fd3-6ce8-4526-8bb6-b63c52217c99,2023-10-10,596.98,Health & Beauty,Debit Card
0e678ba1-7b5f-46aa-8b5a-6dc1190373be,eb179234-9502-4329-b9dc-412c05b6decf,2022-09-09,796.54,Uncategorized,PayPal
b990c65a-3491-4687-bf14-4613e85e5b4a,4d49073f-4f53-44d7-b0af-d98eae85ca36,2023-08-09,714.92,Clothing,PayPal
b7d10a25-8fd8-4841-a8dc-f353d530fdaa,13e60003-b968-45fd-8054-2f883c124c9f,2022-09-03,237.9,Home & Garden,Bank Transfer
3cfb573c-539b-4d4b-9aed-e2655df87db5,5124a105-f73f-48a7-a058-7871367bb7ae,2022-08-03,824.47,Electronics,Bank Transfer
9b25a2c1-514e-425f-be87-a57533d5503e,fbd2dd5b-a716-4b17-b4c8-1a90e6b1d707,2023-05-15,498.11,Electronics,Bank Transfer
5956fb3e-5c6e-4c17-ab6a-99d5847768fb,18c4ae88-5a55-4f41-b168-d9dea02ab568,2023-03-13,346.87,Home & Garden,Debit Card
7f237eb5-f4a7-403f-a3cc-72748ee810c6,db80173a-31c4-44a4-870a-fb05c50e3414,2023-04-12,981.93,Electronics,PayPal
b03edff3-4a64-4e5e-8818-10e37291a8c6,1e9ca466-bb1c-4c89-a316-2ec951a72545,2023-05-03,489.79,Uncategorized,Credit Card
c19eaecc-f4b1-4c6b-adcf-d12795814955,d66445a8-141f-448c-a450-08489fecbe9a,2024-02-10,22.87,Health & Beauty,Debit Card
448245da-3a0b-4f52-a40f-a25ca0a2fb6b,ddebc095-ed7c-4c6e-87d8-e7f00c0b50c6,2023-01-24,-100.0,Home & Garden,Credit Card
3225bbb4-c47c-44b8-aea8-6cca20b50892,648e7c5a-8855-4b2e-8021-1e87fad3ea98,2023-06-14,103.85,Electronics,Credit Card
580dd6e4-0598-4d7d-aef6-e6572e857e50,57674f27-ee29-48a0-873e-6b2adfc2f565,2022-10-27,41.74,Automotive,Credit Card
1ee3bb5f-94ab-451d-89bb-9f1180ed009d,ab085a0e-0ed6-446d-8697-06e04f4e525d,2023-09-12,140.5,Automotive,Debit Card
b52e202d-5f0c-4e59-9c36-38260ed82e29,cfb94e05-b425-4135-bf0c-c08848f6a465,2023-09-03,691.93,Electronics,Debit Card
5498ee78-636b-485c-a3eb-af9bd4de4549,8b0500b4-a41c-4cf7-844c-6783f6d9606c,2022-09-18,489.79,Electronics,Bank Transfer
b03edff3-4a64-4e5e-8818-10e37291a8c6,3313f68b-ea74-4c95-9992-a84c4bc161af,2023-08-31,352.27,Home & Garden,Bank Transfer
0928ee67-7a9c-4f75-b73e-4a0e0ef3347f,3cc14cfc-bb76-4441-9b33-7d110b644049,2023-10-10,325.71,Automotive,Debit Card
11227dc2-7920-428f-93a8-4595cc1fe6ca,c74563fa-2d7e-4a2c-b7d0-23eb3e1670d0,2023-09-21,489.79,Home & Garden,PayPal
0b568a94-a069-4bde-b8a9-201fdf3ab299,74df08fd-939a-404f-9da4-1ea52524029f,2023-02-26,249.06,Clothing,Credit Card
64b89b9e-1cf4-4b42-add8-94b7ec861f1a,096635c2-9fb5-47f5-98cb-e3ba6c6bf848,2022-08-20,219.51,Home & Garden,Credit Card
fa4c97fc-4a9f-4857-969e-ea9528b2792e,7cec07c2-ff6a-4ffa-9583-33ea964cfffd,2023-04-03,967.61,Clothing,Bank Transfer
d407a32a-9402-4cb6-9cb3-8200a608566f,74bb4b84-f2fc-4db6-b92a-49239384e172,2023-10-24,113.62,Home & Garden,Credit Card
e3d2d960-e591-4007-b0b4-2748a6ae0963,95ffa9f6-e59a-4e27-8055-3d3e5e8df708,2023-08-28,122.98,Electronics,Bank Transfer
aa4cf657-e60d-48c3-83e9-9c8bafd0067e,dac29044-2fe1-44c5-996e-6cf36561fba9,2022-07-13,681.15,Health & Beauty,Debit Card
1c4c3ec8-256e-4c2c-bed6-cf5e97e076de,17dc0f3b-5d89-43df-a5cf-bf945a41a493,2023-06-02,737.9,Electronics,PayPal
6cd7a734-a51d-4a11-ba1c-00c49d9a4490,b8e30c56-3117-4d1c-a6b9-70740b84793b,2023-10-03,746.94,Health & Beauty,Bank Transfer
cdd71e46-7539-41af-b9d5-6758abdfa2e6,b302b5d0-a182-48cd-bc3c-6afbbf4c72c2,2023-04-17,0.0,Health & Beauty,Bank Transfer
4d99f884-740e-48ee-8d00-6166bee14f02,3e47b08e-125e-4549-b999-b329cad89fa3,2023-04-23,705.56,Automotive,Debit Card
d443aa55-3036-4b8b-a38a-5306f05bbe89,31ed2097-8e0a-4d0e-b3af-50e4c6225461,2023-05-11,38.47,Electronics,Credit Card
f59f14b9-16ea-4cf3-b5ff-d8d92c786236,b83aac8a-33b0-4368-afd4-a19a00b4a196,2023-04-01,85.24,Clothing,Bank Transfer
8240be7d-ef8a-4f51-a5d1-1389e6aa43f2,35d82e9f-527c-4549-ac2f-7de13ee5bfcc,2024-04-17,737.55,Home & Garden,Bank Transfer
99a03d48-c59f-4d13-90c0-db35331daf2e,35283002-b6f6-493a-8a1b-47c26097f68a,2023-03-10,591.84,Automotive,PayPal
860003c0-809c-439e-b704-f8648809e396,35f42498-6751-4335-8cde-dfd7005d394d,2022-07-29,131.42,Health & Beauty,Credit Card
72c7cb40-0acb-4d2b-9677-2159706f0e6b,f10a09eb-b61a-4c91-99ef-90f63e7e8c36,2024-02-25,438.72,Health & Beauty,Credit Card
e8a5fdb8-fcd9-450c-9635-e376266c8bcf,4f268702-c1eb-40e5-86d8-b233c68015d2,2023-06-24,309.51,Automotive,Credit Card
35e934cf-39b9-4b4d-9b2d-c9a4c40b3c88,80560c53-3b6b-43fb-8806-15b8c20085ac,2024-06-17,285.92,Clothing,Bank Transfer
6601e9d6-7e18-48f9-ba38-71d0d9cb31cb,865e17b9-b3c2-4b30-b0cb-a1373aa72ce1,2024-02-20,935.55,Home & Garden,Debit Card
4c15fab5-9db0-45c1-84e1-ec0829328556,009f0e6b-d072-4735-82e7-6f504a4696f0,2023-10-25,489.79,Automotive,Bank Transfer
b56473e0-5c57-4325-94f2-6414db34f557,79b51204-4d83-44b1-937b-05cf0dea593e,2023-07-28,489.79,Clothing,PayPal
539d2dcf-07c7-45c1-82b9-76b5bd380e8e,242acb72-7526-4e49-ba6c-ade5724392f4,2023-10-19,138.63,Automotive,Credit Card
3641a6cf-cc5f-4ad3-85f7-9d1ea1ad4935,a3326f89-40bf-408c-bbf3-9988d3d1c9a2,2022-12-01,404.53,Home & Garden,PayPal
9d437043-e503-4d1d-b1e6-1e66d3457008,ff0e05a4-5807-45f5-98ae-3b046898aa47,2023-06-05,721.67,Home & Garden,Bank Transfer
3961c9cd-9e5c-45b4-9d85-7614fd1b8323,9d02a7a2-9ef9-407a-af30-6638706748a8,2024-04-18,310.06,Automotive,Bank Transfer
506d313d-3e4e-4d80-8761-3b375852ffef,bd9cbbd6-7aac-45a7-a00c-c5c439e3bd47,2023-03-28,188.6,Health & Beauty,Bank Transfer
dbcdedd6-4c10-499b-b902-b243d4a6c2e6,8d472614-83f5-4f6d-9c04-9254184d4326,2024-02-26,744.8,Health & Beauty,Credit Card
71d8ab24-0827-437d-a3cb-0abf7a81061d,ad403166-614c-46bf-b0c0-9a5602bf8157,2023-01-23,489.79,Clothing,PayPal
0705b468-0c54-4425-bd26-594d1aefe9b8,78bca15f-c5ad-4920-b91d-d0c11019ae1a,2024-02-15,928.54,Home & Garden,Bank Transfer
bd2ce275-8d35-4a95-8812-2e012d3ece09,601678a8-dc25-4dc4-a91b-1fff92f6d723,2023-09-10,58.69,Health & Beauty,Debit Card
2fa0a6aa-a9cc-46ad-b567-e26976a98234,c760ba71-9928-4bc9-88da-b1adde227ccc,2023-06-20,843.12,Uncategorized,PayPal
c6460a4f-0c2d-47b7-82ce-2600e5232a41,c37144ba-1c91-468a-acf0-d60adb64137c,2023-02-12,519.78,Clothing,PayPal
429afb4b-99cc-4a38-8f43-9187a3e02ecc,ca2a3621-1db6-4b0a-b2b5-184412b31a5e,2023-03-09,993.14,Health & Beauty,PayPal
37c2adef-c273-4da9-a16b-a542116416cf,b3ed311f-251c-4c81-99c9-1c10016e977d,2023-08-17,448.75,Home & Garden,PayPal
ef43348f-ca24-4768-9ff8-49d61372c266,561446b3-6da0-4606-97f4-25ffe370f262,2022-09-08,971.58,Home & Garden,Credit Card
354b8683-d121-4c16-8cd5-db97afab9d64,c1b01cfc-4ce9-4a0e-badf-e429e5c474d7,2023-08-09,604.59,Electronics,Bank Transfer
d496fffa-8183-4bae-ab8d-eb4578a11a6a,8463a521-5830-499c-86b7-d6e12ea94683,2024-02-04,993.02,Health & Beauty,PayPal
00115fc0-f155-42cd-ba68-58aab67b3360,0b426411-5a12-436d-b899-3c8374eb374a,2023-03-06,291.59,Uncategorized,Bank Transfer
267bca9f-cc78-499d-9f07-a52a638c5d8c,eb7c108f-ad9c-4608-8c17-2b2cc182d885,2023-12-27,695.75,Clothing,Debit Card
a09b0309-43b7-4f6f-b705-93b92fcabf84,d51b6f43-9f5a-4ae3-9c6c-b43ec538cd4d,2024-05-19,237.94,Health & Beauty,Bank Transfer
24fce394-c68e-4c04-b884-393a6662dad7,c89a1b66-a90f-4e1d-b535-8c19202471a8,2023-12-03,913.51,Health & Beauty,Debit Card
1861b233-7abc-4e26-9aef-481ee3da9ae1,2b6bc4c6-90d6-48f9-8fc0-321dd4f97ceb,2024-01-12,965.95,Clothing,Credit Card
2f4b0e43-8c15-4ac9-ab73-085dbde5dc4f,a7dc8a65-4c57-451a-b2ca-536f2b6236b6,2023-02-12,462.14,Health & Beauty,Bank Transfer
890f10ce-36f6-4993-9a2e-a00dfdf01609,04e61d5c-a58d-4310-a3a2-f7f51697d83a,2023-12-15,741.03,Clothing,Bank Transfer
7d85d3ca-acc9-48bd-aff3-58f3626bdc08,c1e3a5a8-de7b-471a-bea5-4e948e778cda,2022-08-24,491.45,Health & Beauty,PayPal
29b5dfdb-3011-4160-aec5-6761021f86e5,79561fce-317c-475e-a126-1119c0b3ea66,2024-02-19,473.61,Uncategorized,PayPal
ce5cf079-859b-43fa-9609-c6bb7e12c6b7,ca538c46-87e2-4a88-8f12-7c254086aba9,2022-09-03,552.7,Home & Garden,Debit Card
8c30e42c-b170-4826-8bd3-c884b5f0715d,8157d2f7-0d06-41f1-b1f1-72c337c98fa8,2024-01-10,969.6,Home & Garden,Debit Card
b79db1bf-be94-444a-9c04-0e3a7280f3b5,d5cab2fb-234c-4fb9-95f9-2909de244b0f,2023-05-28,845.81,Health & Beauty,Credit Card
93c1396a-90d5-4069-8e2d-255bf651d17f,b60ca5a4-474b-4e9f-b0e3-2afe5fcbb177,2024-04-29,183.92,Automotive,Debit Card
16d0b561-279d-4da9-9aa8-8c5906dff79a,c5e6288b-572b-4855-820c-e547912ebb34,2023-08-10,982.84,Uncategorized,Bank Transfer
1d29565d-2123-4b85-b499-92a928a5fd2e,e39d91fa-5b7f-4358-8df2-7325fece2a10,2024-06-12,71.87,Automotive,PayPal
ba69bfd2-d20e-4e6b-9e6b-213afe33f0b5,a7acd0c5-0a67-4d46-afa6-1b9e33d50420,2023-08-27,166.15,Electronics,Bank Transfer
14f69a78-9c96-4d1c-87cf-cdba59d09e2d,adb6ec66-31d1-4c98-bee7-2166baa1498d,2024-03-30,93.11,Home & Garden,Bank Transfer
896ecf15-219a-4a9d-bbeb-0aeb2d0f7dc9,97621ecd-5020-496e-a5c4-8a2caba96af5,2023-06-05,894.89,Clothing,Credit Card
0c67f7ad-06a0-4f16-a1ca-f8e5fb659fa2,a7ed5c58-0dfe-41f6-9c59-68634bcf6acd,2023-09-05,671.58,Clothing,Debit Card
f68d8862-40a5-4ebf-99a7-a799c2f2ced0,3e6bb248-0903-462f-9d81-001e85da262b,2024-06-26,928.06,Home & Garden,Bank Transfer
83e67ac8-6dd6-4dc9-b16c-eb05aa77e6e7,118b400d-b303-4b85-a9d7-c66290a6be9e,2023-08-06,489.79,Automotive,Debit Card
f4b519c5-250e-4834-a0c0-c10b1e3eecda,c2626a88-0a45-4f04-b5b4-df595281f649,2023-05-06,481.33,Automotive,PayPal
4f1d7108-1020-4ed3-99ce-cbf717ad9132,9fdbe61f-9865-436e-966c-0d244eaad378,2022-12-01,354.92,Clothing,Credit Card
feb533af-e9e4-4802-8f5b-9a9a299389e7,4f2227b2-0f42-4a04-97b6-eb17f6258cda,2023-09-10,64.86,Home & Garden,Debit Card
32a4577b-4dab-4ee7-86d5-4d7599354452,dbbeed81-cb52-4bf6-8f4c-5b9d9910bb82,2023-10-10,750.76,Automotive,Bank Transfer
5a746fb9-5a97-4743-b985-ce43d03ef86f,d9f1a39e-bc43-40f0-81cc-9d51f86651fa,2023-05-01,771.33,Clothing,Debit Card
97743282-a9dd-446c-95bd-ba8c44636348,d2145db3-7c81-4df3-8d48-3a6d95735e84,2022-08-07,20.82,Home & Garden,Bank Transfer
cb01f3d4-94bf-42b0-8f3a-32209f715b1c,5183e258-c3c6-4a12-8e49-63b0768edefa,2023-08-16,621.99,Automotive,Bank Transfer
42f52b1e-bedb-4294-8039-7b08c1be1662,c6afc640-8f7d-4b89-917f-36956fcce576,2023-12-20,489.79,Uncategorized,Bank Transfer
9e879ea8-cb51-4d8d-9e63-0d9464959be4,329f2e98-dced-4ce4-9f2c-bbc5d513afae,2023-03-25,567.48,Clothing,Credit Card
97ee26b8-320c-4c59-9abb-62380716854f,7d943484-7875-4778-b76f-6f280e93fc42,2024-04-08,941.79,Health & Beauty,Bank Transfer
cd96202c-3c7f-4132-9e13-949b62ca0df5,7c75a59b-251c-409f-a66e-9336cccfd9ef,2024-06-15,13.35,Clothing,Bank Transfer
29436bcf-d6f8-44d1-a856-0794abb562ab,edc36f16-c956-4ba7-acb5-2cd8168470d4,2023-01-16,839.7,Clothing,Credit Card
175ccf1f-45a2-46eb-bf56-8dba3bfb2523,75cc7486-8d61-44a7-bcf9-5e56e2b20757,2023-01-26,667.93,Home & Garden,PayPal
21098ed8-fac6-4727-8f0c-953365b6c837,c100f59f-61aa-4c82-825e-dedfde73917b,2023-02-14,-100.0,Home & Garden,PayPal
9b25a2c1-514e-425f-be87-a57533d5503e,4384982f-ae5b-4a77-adfb-7bd2c5cedbda,2023-06-04,831.29,Electronics,Credit Card
c6789ac7-81c7-469a-a613-fe1fe1487953,f6e7b8df-5e63-4a67-abf8-f29508cdfbaf,2024-06-29,969.8,Automotive,Bank Transfer
524b6ea2-4194-4af3-bb10-871238f96f77,b77cbffa-9b34-4762-8689-c7cd516e1f7a,2023-07-21,767.86,Electronics,Bank Transfer
913dfe6e-4ed1-4a0a-a655-6e2be550593b,03214638-8c1c-4c2a-93df-a63cad6518b7,2023-01-24,791.85,Clothing,Bank Transfer
083a0272-f1ab-46c6-a612-966ff1837635,9a374e75-c235-44e7-85e7-bc4e8882ea43,2023-08-06,940.63,Health & Beauty,Credit Card
fd67f70a-c429-4aa9-9289-04ced4c80b54,9d3c1b89-2d06-4de5-a08c-6f59caf4b488,2024-02-16,433.94,Clothing,PayPal
36ad6220-666d-4a38-8fe6-96956bf3b36e,1ac8259a-4170-4773-a3a3-17b271f32578,2023-02-20,129.81,Clothing,Credit Card
41beb5db-882d-43f3-a53d-a08b826a924f,a3b155f6-71fd-4213-b3c1-e7a76691e818,2023-04-10,688.17,Electronics,Bank Transfer
3d921b43-7411-4048-a294-c1f40ff81a30,c17d0a92-e983-423a-963a-7b86b5fecfb3,2024-01-02,489.79,Electronics,PayPal
e1f9dff8-fef5-49c4-b14b-c31bc3d61cc6,0ed72aaa-7278-42e0-bac4-16e0490a44bf,2022-12-22,706.27,Home & Garden,Bank Transfer
6d4afc8d-d844-46b8-b074-32c8c365a575,b201fcb7-656d-4d1c-b322-81d3988dcc73,2023-01-13,370.2,Automotive,Debit Card
152b0a87-9600-4cb1-b0ae-b43c85433787,c7f1747b-798d-4dba-94d8-d47870333df6,2022-10-11,489.79,Health & Beauty,Bank Transfer
4c891c44-2756-4119-bf66-00a767316458,122ed7f1-b627-4294-bae5-abf6ef26ddde,2022-07-18,956.7,Home & Garden,PayPal
867a7900-eb5c-46ed-9ee9-28df1abf184c,763bbf43-8d97-4d0c-8098-593d500e2754,2023-02-21,489.79,Electronics,Credit Card
667b0a6e-53b8-476d-be5b-215bfe49f60b,8a38a6cd-042a-4bcf-bfba-ef7ca82e5fbf,2022-08-18,958.63,Clothing,Debit Card
83b5b874-12ad-4691-a855-a015709d0a88,9e96d028-5674-4074-90f9-522cd49f2970,2024-05-19,651.35,Electronics,Bank Transfer
eeebfab7-8917-4eb2-a187-fae698d2978b,a3892fc1-3145-47b3-b568-ecddeab8dc16,2023-11-18,558.15,Home & Garden,PayPal
ccf4d58b-5087-45c8-a8f8-bb99be9a13d1,76b696dc-49af-44b8-a450-444e5f65d12c,2022-12-14,221.34,Electronics,Debit Card
dd68aaa6-d50a-4b2f-be13-0331ceae7708,128d5cb8-72ed-4f51-ad2a-3c44777a55a7,2023-06-27,640.85,Health & Beauty,Credit Card
e793093a-6f6d-41c2-afd5-d0b6bb69aa99,a23257ed-36b3-41fe-85df-db887db673c2,2022-08-30,830.33,Clothing,Bank Transfer
c8a01b2a-9609-45a7-8f50-fa49f6ba25c5,cba0d184-5c93-4c5c-913e-c3fac7d0d46f,2023-06-05,240.42,Health & Beauty,PayPal
1fde298f-1904-4dff-a59e-15640c89c519,bce7125a-3766-4c1a-b201-4759c81bc17e,2023-05-24,477.38,Home & Garden,Bank Transfer
ef341627-301c-4502-9ebc-a7d1ea8bf37b,c25dc23a-3a5d-4d66-a5b9-9375436ff7f0,2023-11-15,377.08,Automotive,Bank Transfer
e06f0e16-8e48-483b-b103-9f105b139ca8,93e459d4-231b-4d27-9d41-36fcdec6518b,2023-03-25,622.66,Electronics,Bank Transfer
cb968037-1e4a-42c7-8d2f-3eb0b27b5295,2e367a56-606b-4771-b80a-2a85384bdc09,2022-12-09,618.22,Home & Garden,Credit Card
a2c21cab-0da7-4273-b2a4-f4b62d2aa701,a8b628ac-bdcf-490c-a427-e198e6f4b5de,2022-10-03,214.82,Automotive,Debit Card
8a207b98-b880-4780-9919-d9d99d312eea,f1344546-e00e-407a-9523-e4a9ec7dbc3c,2024-04-20,489.15,Health & Beauty,Debit Card
9eee2b1c-ef39-41e8-b34f-6be7cb9d05a6,fc01c00d-14c6-4e18-b88e-008017277a65,2024-03-01,882.86,Clothing,Credit Card
2fb8e79a-8243-460a-ac89-27524c8debb3,83ef29d9-c82a-4138-b8c5-599af75c3d35,2024-01-08,0.0,Automotive,Credit Card
2fa1e05c-4194-449e-b7d8-667e6fe268ea,a6ba196c-be5d-4e07-9463-e40ea4d0a3c3,2024-01-27,489.79,Electronics,PayPal
f447245d-7239-4808-974c-7fd358f61c2c,a60fc384-b3db-4e64-8567-56ffb4629884,2024-02-26,489.79,Home & Garden,Credit Card
dfcf2951-0459-457f-911f-5ebce09c84bf,f29bf432-6144-43a3-8aa5-b5e7768a690b,2022-08-31,670.62,Health & Beauty,PayPal
1d623917-5083-4420-99bf-79b1816e881a,84ed9bd9-a76c-43f2-81c6-dfa4e13dfbbc,2023-07-06,432.83,Clothing,PayPal
23d490b4-0565-44b6-81d0-8a7d21b63807,0467fce5-3a67-4ad5-9e78-cf1e764843ed,2023-05-14,858.44,Automotive,Credit Card
703ac047-6c29-4d13-8ab3-373a4df6c98c,6582e6b8-795c-46b8-9980-62b149a25f0d,2023-02-23,693.28,Electronics,Bank Transfer
cd9a1627-ed08-4f4c-b20c-1d0271efda68,11f3e96b-e2b5-4365-96d7-a23a02f39eda,2023-11-21,131.58,Home & Garden,Debit Card
c680c6e8-2bc5-44a0-a713-98fe776bebc2,e8ec3dc3-0593-4367-8796-c475799c4c4d,2024-06-26,150.03,Clothing,Credit Card
577fcc56-95dc-443a-9289-d12614f5cea3,95accf02-87ee-4f85-9631-b3b31f89f509,2023-05-01,136.99,Clothing,Bank Transfer
f98e8c9e-20c4-4410-b99b-f3ae2938e950,bf5bd190-f5b5-409f-b90e-ab6efe1b5968,2023-03-28,837.32,Automotive,Debit Card
32ea36b7-323e-451a-8b46-7c3540e03d4d,6f5d2ff6-80d1-4a95-a0d0-177278719b1c,2023-02-11,761.96,Electronics,Credit Card
9ecddfde-5bba-42c0-b4a4-8eb1b8f87c17,02747865-0adb-4e26-be16-078b8e38dcde,2022-08-30,627.83,Uncategorized,Credit Card
e3589ba8-b8bb-419d-91b1-2f1196118c68,adf0c3b8-1795-47a5-bd17-762201facb68,2024-05-18,50.17,Electronics,Debit Card
46402a3a-4a33-4677-9540-3043a4fffe14,451c80a3-744f-4c1a-ad1d-eb7755c7047a,2023-07-28,708.49,Electronics,Bank Transfer
841fc557-ff70-4d45-8b0d-5be6f58d794d,057b3fd1-6ad9-4bf1-ba21-247330fed00b,2022-07-18,489.79,Clothing,Debit Card
ac0248f2-5af3-46f9-9cec-2fb5a478f47a,56cbeb24-93bf-4778-b8af-b31e72ec6a4e,2024-06-11,981.24,Electronics,Bank Transfer
9047570a-6d08-4ff0-8e07-9009d87ac90b,d1a92b96-0588-4ce6-909b-81d8eff8fe53,2023-09-20,524.58,Automotive,Debit Card
0ba92110-710d-4647-a7bc-529cad2cda6a,07366718-a8f1-4fe3-b441-18e3c73a164f,2024-04-13,434.89,Health & Beauty,Credit Card
6ba4ab30-95f8-4f3d-a867-1150f8f86ab8,ef10007c-3bc7-48c1-9770-9fa673b9ace5,2024-06-02,88.79,Uncategorized,Bank Transfer
8293800b-3b95-42b6-b9bb-80737109e549,3a1ef1b5-c087-4fc6-b3ec-32b50b8d354c,2023-05-26,765.79,Health & Beauty,PayPal
49f06ea9-4ae5-4ce5-98ce-d2c2f6f15cbd,2a01060c-c684-4d7e-a64e-eac92a24bb7c,2023-06-18,510.33,Home & Garden,Bank Transfer
3961c9cd-9e5c-45b4-9d85-7614fd1b8323,965f9986-1598-42bd-a1c1-7f4d6f1b185e,2023-03-17,751.48,Home & Garden,Credit Card
321acf6c-c401-4f7b-9835-bfb7cd5e48ff,62186b07-9cda-44c5-bf76-bdb0f97aaf39,2023-04-05,489.79,Home & Garden,Bank Transfer
8593f47f-2dce-4527-bb20-b98f8ea998b9,43ef8d10-a0dc-4a02-b964-86f1109f0798,2023-11-22,264.81,Clothing,Bank Transfer
273597c1-d519-4ce1-bf81-f8027e85f8e9,aabadd6b-911d-43aa-b177-94914578af75,2023-01-06,127.64,Electronics,Credit Card
2dc4607e-012f-42ce-bcbe-2508d828cf4c,71545c6d-1808-4ef7-89ad-be6b387b180f,2024-05-06,489.79,Uncategorized,PayPal
592c60d1-2f03-42d4-aa26-ca11f9fd0e0f,15486413-9ed8-4506-ac94-d7eb7a41b09d,2023-04-21,219.27,Health & Beauty,Bank Transfer
5d70c85d-45b7-4f0d-bdb2-7945e2350942,9c78a1ed-1d0c-4d85-a624-91a9642972e3,2023-12-09,225.67,Health & Beauty,Bank Transfer
b2dd40c0-e0bd-43ef-b0f7-a178faa348cf,8ea391e3-a623-45f7-bde8-4872e1504249,2023-12-21,847.41,Clothing,Bank Transfer
79a5eedf-99cd-4151-9007-8d0904daf592,ed9e281d-c0df-44a3-b18f-6aa4f2e2063d,2023-03-07,482.63,Health & Beauty,Credit Card
ef562111-91d8-47bc-a2b1-d6622604fd3d,d0cb8601-66b0-4283-b83a-3f8197bed89d,2023-10-17,624.07,Uncategorized,Debit Card
f0d87968-72cf-4817-b871-c8812a52c570,1caf6c5a-5e96-486a-8db5-2a8c86cec297,2024-01-23,997.3,Health & Beauty,Bank Transfer
b3f61584-004b-49fb-a843-fa05c119beea,68f33afc-dda8-4651-913d-9d34cf31c36a,2024-03-08,990.18,Home & Garden,Credit Card
c95dd000-c041-4a0f-9bb4-1d43d2336aa1,527aef9e-3f2a-48b9-9bbd-c464b29c5a52,2023-01-09,187.64,Health & Beauty,Credit Card
8a39b491-7b4a-4319-ba21-ece95b3f2195,d4b970f0-5b3a-49fc-9be0-9e3d7bcdf0b4,2023-08-15,690.99,Health & Beauty,Credit Card
14845984-5bef-45d5-9c6a-daf55f287206,07e0737c-4e9f-4dc2-b22f-ed313498618e,2022-12-02,921.15,Home & Garden,Bank Transfer
d74439c1-90e1-4a46-951e-89fe6e092b9f,6b1b4b6a-3ed1-4624-85f8-d32ac66501b9,2023-07-17,779.32,Clothing,Bank Transfer
e9ea058b-aee3-4dbf-8e02-52efc404b12b,e09a677d-9145-403f-83d6-88b697f39389,2023-10-14,461.03,Uncategorized,Debit Card
40f5a5dd-a46f-4a5e-8c0f-fe04389ddec8,89c66686-cfbc-40ae-be34-488bcce40db0,2024-04-17,719.78,Health & Beauty,Credit Card
8b017c98-ff3d-43d0-a0c7-6d1a7a2922e7,adbd1c60-42f6-4bc7-904a-2bd81ddd8cb7,2023-10-14,796.81,Health & Beauty,Credit Card
d7467041-1718-4048-bd53-96a1d602181f,d7932c6f-1895-4ef9-b308-516b20808c9c,2022-09-01,937.78,Automotive,Bank Transfer
490e8d72-d72c-4e00-b790-d91b98299c68,2d46bd9d-0e94-4c36-bd57-799cbc8c0569,2023-06-23,316.58,Home & Garden,Bank Transfer
db10c135-1080-4fce-b653-d5a5fb572fa8,a15a9623-8b54-4e8a-a798-7f80b50fee13,2023-12-12,293.74,Home & Garden,Bank Transfer
8f4bfd5c-d32d-49bb-a995-7535553847cf,aee21c96-febd-4906-9881-12e32030e7f4,2022-07-01,618.41,Electronics,Debit Card
8954b525-76f8-445d-b4e7-01f99f307ec9,543e3243-1bc7-4072-a6aa-72ef6c6af89b,2022-09-19,98.64,Electronics,Bank Transfer
1e9e7dcb-e612-46d3-bae6-0c2f47fa0220,a3416d02-d680-4a89-b140-aa867be2c345,2024-02-21,489.79,Clothing,Debit Card
a89a9ca8-afae-4f78-9dfe-514d9d8e5735,fbf9640e-713e-432a-b54f-d961d220944c,2022-09-13,616.26,Health & Beauty,Debit Card
787f8b3b-f311-41be-822e-9fc9e203d945,c43365d4-5c66-43cd-a968-0b1ca133b97d,2022-08-11,489.79,Automotive,Debit Card
9047570a-6d08-4ff0-8e07-9009d87ac90b,1d5db568-8163-4682-86ef-33d68285266f,2022-10-09,409.27,Electronics,Bank Transfer
1d5d2c59-f092-48ce-a2cd-168199412a6c,cd274e07-52d5-45f9-9ab9-1081624454e3,2023-07-24,671.85,Automotive,PayPal
3cff3ced-315b-413b-9c0b-99bae1c5f85d,2553604a-3d6c-4e8a-9dd7-52d3c15d8d29,2024-03-28,549.49,Clothing,PayPal
4d1b148f-cda5-4baf-aa6e-d83d7adb5192,38ee104f-6dec-4f65-a086-267102430674,2023-04-16,846.47,Uncategorized,Bank Transfer
ccbaf8a3-c12b-46ad-a994-dfbe60858b24,346a8431-e15c-456b-bdee-9e5d00f69ee7,2024-05-10,771.33,Clothing,Credit Card
d9c53ac7-59a9-4851-ad08-5da4aa8af7a8,83f9ed37-0ff7-419a-8f44-b8a9519ed911,2024-05-09,50.38,Electronics,Bank Transfer
5050eefe-2392-4d18-b4b6-913d42b9f62b,bbca2135-16d6-4d6b-9d7d-135f88030c67,2023-08-28,28.73,Clothing,PayPal
34e3f558-622e-4d6b-8d5d-07ab632e1b95,db0a4640-ea96-4fcd-989b-b71ba767529c,2022-12-26,489.79,Home & Garden,PayPal
71d8ab24-0827-437d-a3cb-0abf7a81061d,e085c661-1127-472f-87d4-2ecbc720d4a7,2023-12-17,830.18,Clothing,Credit Card
37fe7939-62de-48d6-bd1a-80ec3bb670aa,9ef4b428-d1e2-4486-b9cf-3aba33c5a36b,2023-01-24,886.59,Clothing,PayPal
a5563f79-b798-413f-b116-676354b77872,d594b959-6525-45d2-aaa5-10ff3cedee20,2024-06-25,371.33,Electronics,Debit Card
72c7cb40-0acb-4d2b-9677-2159706f0e6b,7d0ee4c1-bbe6-4069-8da6-a63205429502,2023-08-27,834.01,Automotive,PayPal
885582df-3468-44c9-b92d-ea9d8396b962,811087fa-ad11-4fdc-aa0c-3f3da24c0f5b,2022-09-04,489.79,Clothing,Credit Card
cd945724-5b93-44bc-8921-ad0c41af8ec1,a9062e49-ba2d-4258-91b6-073f93c9d388,2023-08-17,575.26,Automotive,Credit Card
cc5da89b-c295-41c3-b27d-c759cca78ba8,85cc2094-90ad-460d-bffc-9eb5ceba9712,2023-09-19,433.61,Electronics,Bank Transfer
11b046f0-b091-4bfb-b0f4-df58bfea039a,5f50a37d-d34b-4404-addd-39a97b7b1be2,2024-05-08,369.44,Clothing,PayPal
8de0429b-700b-4253-b914-e61d580aeb08,9b20be97-70a7-44d7-b051-4b785d2975bd,2023-09-20,110.06,Automotive,Debit Card
42c67723-2085-4d2e-b237-fbfdfbdf9f3f,86055b72-32fe-4ce9-8e68-eba252253d71,2023-08-31,126.29,Electronics,Debit Card
779e8498-ec27-4741-86f0-1f0d696c7ea8,303e6c75-0b48-499f-937e-d7ef0f003f53,2024-06-13,711.92,Clothing,Debit Card
53408519-26e0-465e-bd85-3da3424c147e,8f3ff741-ea06-425d-9682-326ac6b07856,2024-06-06,489.79,Automotive,PayPal
479399de-abf8-41c7-9568-e82c741e7bff,329a0f9d-067d-428a-a4de-cb6de782ea4c,2022-10-21,356.77,Clothing,PayPal
e2fa338d-8332-4ab3-a739-da2eba2f70a0,90efe9ed-5529-403c-ab1f-65b75b6ddc85,2023-09-16,422.13,Electronics,Bank Transfer
461ae1ff-cfe2-4e8d-bda0-e2f2aa7a85e7,57f2c771-0231-43fc-ab38-b3c5dbf4f982,2023-04-17,537.61,Home & Garden,Debit Card
a808b2b2-0be4-423b-abec-24068d450f73,fec55ad2-fc20-4b22-b97e-cfde6bdbcdc6,2023-03-30,439.43,Electronics,Bank Transfer
8baf40b4-2477-4993-8371-0f4d5f29d42d,f2237801-862b-48bf-8b0f-02cd2808f8ab,2023-02-06,669.59,Clothing,Credit Card
2d9979c1-ec25-42b8-a9ce-dd6661524b50,79a14399-32d8-4494-aae9-9cdecdd2f401,2022-12-22,24.83,Health & Beauty,Bank Transfer
d815c267-68e9-49c7-81b6-0d21a4065042,7cdf931e-7665-4823-a140-ec5bac88c965,2023-04-04,575.99,Health & Beauty,PayPal
87c6dfbe-82fa-4ca2-a49b-717454462841,6d0ff2de-1cd8-42fa-b592-44fcc45177a6,2023-09-30,648.36,Automotive,Bank Transfer
7880b7a8-d348-4a4a-b939-6e6285a9d85c,e2b32272-f3b7-4ee3-818c-86040820cd30,2022-11-04,489.79,Automotive,Bank Transfer
131e14c8-65bb-4559-9016-d0a0c4fc64e9,e7f08f5d-f986-4546-af0b-9f8cbf8d8f4a,2022-11-04,961.71,Uncategorized,PayPal
2172c7bf-0780-46ea-b512-112eff96c8c9,2c62e92e-2b0b-4220-aca1-cd402c4d3379,2022-10-22,759.22,Health & Beauty,Credit Card
ccb5b16c-60f2-413c-9d6d-e5aa0091df54,3393bb04-08d6-4c0c-b997-2f74afc1da67,2022-10-19,489.79,Automotive,Credit Card
f56e56b7-bbde-455c-b570-61cd2005b4e4,2e5b7a67-c825-49fa-8616-3a7f5fa6452b,2022-12-25,797.29,Home & Garden,Debit Card
cf39f691-06b8-4e9b-93d7-cb9aff0966b4,fd2f40ef-5180-4047-8266-19f56cdf4958,2023-10-25,157.93,Home & Garden,Credit Card
3daeb50a-a388-44a7-8aa8-0cde8a0c1947,40fdbb75-b4bb-4d8d-9302-170a1d3b14b4,2023-10-13,217.84,Home & Garden,Credit Card
9bd23b55-cbc0-4082-ae18-916ea8895c07,919753c3-33af-4b5b-b374-ca8816511f99,2022-12-16,806.34,Automotive,Credit Card
8cb92b38-d249-4514-8a1d-2463189d5288,8945f9a7-a2ca-4757-9a8a-350b61054efd,2022-10-15,346.3,Clothing,Bank Transfer
b12c84ec-8291-4fa9-8688-b3a8e0bfbd1a,ceee87e5-0f19-4c19-b552-ea632cde947b,2023-12-28,988.44,Automotive,Debit Card
6506a08f-8725-46af-8aaa-1b3c5c913d84,45195fcd-f6e8-483a-8d59-43dc8c8046fc,2023-04-16,89.87,Home & Garden,Debit Card
7f237eb5-f4a7-403f-a3cc-72748ee810c6,cf0f07bd-2436-41ab-aa98-5e7af140bfeb,2024-02-24,933.97,Home & Garden,PayPal
ae828d06-d474-4ec3-9327-0662508c9e6e,14596826-15fd-4cb5-8dd6-7a90f81baa56,2024-01-28,802.62,Electronics,Debit Card
b94a126b-755e-4ee1-91f6-c5f86ceef780,4c82ffcf-74ac-49f0-bd84-fc249b104277,2022-12-18,131.31,Automotive,Debit Card
47b7bf11-6a78-4e79-b284-a6b8b6cf732a,1c9327b7-e99c-432f-be49-617b0782deed,2024-04-21,127.09,Health & Beauty,PayPal
b803eb0b-f143-44c2-b04e-547eb67c4a08,9963c3c8-c33c-4b4d-9604-717b48023863,2024-01-01,646.42,Automotive,PayPal
f2fa85fd-89ce-488e-bbdf-4535ae78da25,5ba09eb3-2c6e-4ff6-842e-55da304a5dba,2023-04-17,212.58,Clothing,PayPal
7be6d71b-02f8-4b79-af40-2cfd25692d9f,680df2b7-8eab-432e-977c-cb3800694e1a,2022-08-10,489.79,Health & Beauty,Debit Card
ce3f403f-b955-4364-ae22-bf351381e01f,0e5b9cc6-9b94-45fc-8bf8-b8031cd987a7,2023-04-21,-100.0,Home & Garden,Bank Transfer
07546534-fcd9-4a32-8a9d-49027e807494,ca9e48cd-b49e-4839-93de-a0190b83e04c,2022-12-07,180.62,Uncategorized,PayPal
8a34badc-d3bc-464a-8687-d6bd3bb08215,61fa9b75-b8bf-4b2e-a3a9-a9bf6a1c99b2,2023-08-01,424.05,Health & Beauty,Bank Transfer
7cd96f82-4bad-4efd-a6aa-d6098dff001e,68874e2d-6929-4688-a24f-028810da3331,2023-11-10,128.7,Health & Beauty,PayPal
1d26a8ed-88ca-4806-9ec1-7db7ee6a748f,3850be6e-4d31-47bb-8e34-85e75c216b0f,2024-03-11,128.31,Clothing,Debit Card
451f473d-4ebe-4919-9e21-4fd1b45d65be,240cce17-e93f-4ad2-bee0-12a5545053e5,2024-04-04,489.79,Uncategorized,PayPal
9866b7ec-4394-4a83-b3d2-b56182c0758b,f7b3e3a9-ce3a-45e4-aeae-ad8bd2039da2,2023-12-03,188.97,Automotive,PayPal
96593e2d-ee01-4f95-87cb-b5f45c19f4f0,43fdcda6-4e5e-4a7b-a198-075d5c06d6bd,2024-02-24,256.7,Home & Garden,Credit Card
7880b7a8-d348-4a4a-b939-6e6285a9d85c,3351b3d3-3e22-4b8b-af18-2cfeb3cf18ba,2024-02-12,181.65,Automotive,Credit Card
c3ee84bb-f586-4e4f-9d43-48af820faf03,3ec099ca-0c0b-4f3f-b677-fc8452738e1c,2023-06-21,265.79,Electronics,PayPal
36181669-86a6-41d0-a0e7-622915e0bc71,23ed3c4a-9f4e-4ed8-bbc7-e98a39e89ddf,2023-10-07,210.09,Electronics,Debit Card
b92224a4-fa0d-4e99-ab1a-9f76360a4e33,405ccb3d-6bc7-4dfe-a4a6-f9b5d677f15b,2023-09-19,489.79,Clothing,Debit Card
609434d3-ad06-4c8a-ac6b-ac61f71516e3,969809f2-95d6-49f5-bc0c-e00511cc2e30,2024-01-07,582.73,Uncategorized,Credit Card
6e6d3ec8-c559-4a2e-8776-bce30df9d14e,5b851f9e-f361-4598-89a0-3996b746a8c5,2022-12-10,71.24,Health & Beauty,Credit Card
af53d8ae-7f3b-4384-aea5-0e70b3320ad8,baf0e0e0-a44a-416a-bc1d-da6f5e1ab379,2023-03-19,980.76,Automotive,PayPal
c39db678-b47a-49d2-b569-2e45050d1e0a,fdae4382-38d3-4a9c-8080-176673318104,2022-11-26,972.35,Clothing,Credit Card
4add70a0-9c64-41d8-b32e-f7f1ea06706b,737b4457-51e0-4ee9-a52f-2f611cf883f5,2024-01-02,537.56,Health & Beauty,Credit Card
d8fc115f-73be-487b-bdae-921eee1052bb,4764ff4e-b9b6-4e8a-bd01-b12014f0d703,2022-07-03,158.46,Electronics,Bank Transfer
9bd23b55-cbc0-4082-ae18-916ea8895c07,29780605-f099-421a-bd29-4d89f000abbf,2022-08-07,734.94,Home & Garden,Bank Transfer
df49d870-e940-4a8d-9c68-4cef4e28d916,a2c3068a-c42a-4642-a21a-086aec336828,2023-10-28,833.64,Electronics,PayPal
d1604f83-72bc-4c5a-b280-e213dfec9cb5,18149e3e-5616-4bed-b2b5-8b28579e20b1,2023-10-05,213.68,Health & Beauty,PayPal
c3534d19-4716-4c97-9c30-fdc33fc749f6,3691a695-31c1-46f1-bdac-1f53e0b87985,2023-10-05,155.27,Uncategorized,Debit Card
126a19e5-9bad-49df-a564-60ddf3c6afa6,e88572d8-51b5-4e91-a98d-78e2cb5b9a2a,2022-12-08,351.64,Clothing,Bank Transfer
1d5d2c59-f092-48ce-a2cd-168199412a6c,d749de0d-45b0-44a3-be05-d1a05c88048d,2022-07-19,484.06,Clothing,Credit Card
0e678ba1-7b5f-46aa-8b5a-6dc1190373be,33ce68ea-42c4-48eb-8631-c8f611d2a330,2023-03-01,-100.0,Clothing,Debit Card
f5a7de71-64fe-4a1c-8d0e-c75bada69e54,d08e4f1d-f2b1-4a57-bfac-907c021fec15,2024-03-15,504.8,Uncategorized,PayPal
8414f142-72a4-4343-9afd-48c4333bfda4,af7abcdc-9adf-412b-8cb2-82516192b35f,2022-08-04,618.67,Automotive,Credit Card
cb0a2640-ca08-4221-a20a-6fa05b58af18,30a7a3a2-b225-4d40-b39e-c436e233dd2e,2023-10-19,585.26,Health & Beauty,PayPal
d1c847af-df39-48d3-ad49-9cb659e3638a,82770929-7072-4e16-9e50-9f797cb4bfe5,2023-05-22,527.34,Automotive,PayPal
85d20157-cb0f-439a-85af-7172437a91a0,c468ea53-7ac8-4742-a4f8-329fa9cab554,2024-01-14,949.36,Clothing,Bank Transfer
83b5b874-12ad-4691-a855-a015709d0a88,dea27270-cb98-4092-9ccc-32dfb5f5f40d,2022-11-18,871.1,Electronics,Debit Card
26a40f69-7707-465d-8455-583546cd02d4,c802e7a4-fa4b-4413-8b07-aaa24925ddee,2023-03-26,880.89,Health & Beauty,Debit Card
2fa1e05c-4194-449e-b7d8-667e6fe268ea,2081ba4b-9f32-4d35-8adb-68fd6b8a3ab6,2023-08-29,123.41,Electronics,Debit Card
b78629a8-24f1-431b-aa26-e20ccd256af4,6a25813e-2b6b-4db0-9333-ca45006c3046,2023-11-08,27.1,Health & Beauty,Credit Card
242834c4-0e75-426e-87b2-aeb009a44087,4eb2599c-00c8-4b2b-adc6-ec6490774420,2024-06-10,489.79,Health & Beauty,Debit Card
709c87f5-082b-4b18-a197-0d7d4e1588e3,3b1129c6-baa4-4a72-abc8-b2d0e7bd065f,2024-02-24,838.08,Health & Beauty,Debit Card
ee399e65-73fa-457d-9b3e-0bf005bd1c18,7323a27e-8a82-4560-8bfd-dc0b1751a75c,2022-09-01,74.35,Uncategorized,Bank Transfer
eca27290-1c40-48c6-b0a5-8afedd9be099,341e25ef-3062-484d-8d07-cc4e0ddb996f,2022-08-02,-100.0,Clothing,Credit Card
ed5dc22d-7406-40bf-a647-e880e75bdbdd,0f5a116c-77e2-4b86-a555-3b8293881247,2024-02-10,107.49,Automotive,Credit Card
61c1b039-2d8b-4b9c-871c-9de253ea9edb,5957f66b-ec48-4d11-ae76-9bc4280c9a00,2024-02-18,249.49,Clothing,Debit Card
aa70d7aa-5ca7-41f7-8392-13984b6c2632,643b6102-74e9-44df-8643-4c81eb13eba8,2024-04-30,46.76,Clothing,PayPal
3bc91059-4296-41f8-8eb3-da00d76d1832,42f9d717-c9ff-4c6f-b1a3-a96ec5b92d4b,2023-07-28,217.38,Automotive,PayPal
614379ce-8b7d-4c8d-8f71-8e8bf62066a4,bd4949f1-35b8-4e88-a9a5-f6ef0e74cfad,2022-09-14,943.59,Health & Beauty,Bank Transfer
5711d1af-71f2-4b99-a965-3ffdc39d32c8,1ba56db2-dfa9-4689-b5fa-256edb792769,2023-11-08,185.14,Electronics,Credit Card
80065540-0427-4aa7-83d5-b7e24f8d7962,cbdaa28e-9439-4ce0-8f7a-fa551be4e3fb,2022-10-01,433.85,Health & Beauty,Bank Transfer
cdaabaa5-aae1-4d4d-8491-994aceea9621,e7149aea-3116-4232-9607-ffec14018dad,2023-03-21,482.62,Home & Garden,Credit Card
c948b688-1a1c-4d0d-828d-e130777f1fbd,2220dca7-3d0b-48c2-acce-7bf7a7769fc5,2024-02-09,386.56,Automotive,PayPal
7ab5cb0d-4284-4b14-9414-dbba3b9c2e89,884e06b4-38be-4271-85eb-7ff4fb048ce8,2024-01-09,963.99,Automotive,Credit Card
137362fe-5ca3-4d01-806d-8c4d1f7b29aa,4847fdd8-eb3c-4417-a684-2183e3ed9d0c,2023-04-08,585.59,Health & Beauty,Debit Card
0c68dabb-b818-43bf-96de-e0b384ace943,fd709794-8a12-4217-b2af-4113b123b088,2024-05-26,489.79,Uncategorized,Credit Card
018be1fd-e482-4d3d-87b9-a425ae35c5a1,33b75588-d8e2-4bbe-8915-1d4a52e60248,2023-04-07,283.39,Health & Beauty,Bank Transfer
89d0e857-3132-4296-a528-a51fdac714f4,94a7ab44-ca51-4769-84d3-d18b7e8a1c40,2023-09-12,379.82,Electronics,Credit Card
aeaf225f-d2a0-4a65-89cc-332358117295,a5a91523-ec19-4019-84b4-3a1662bc0b55,2024-06-07,542.78,Health & Beauty,PayPal
c12c8d66-3979-45bc-85fd-780ac87f19d9,99b3a9b3-4a72-4ab9-97e4-a8445d437723,2022-11-01,73.37,Electronics,Bank Transfer
b6d5b373-c307-44f4-a89c-ac7a56c9b103,b91de4ba-0955-44fd-9be0-181297a545f6,2023-07-24,54.97,Home & Garden,Bank Transfer
ebccb59b-1792-4a64-a43e-ac942685ec77,5949b286-da00-4b84-a8fb-9622fe8cbabf,2023-02-08,252.61,Clothing,Bank Transfer
a0a6e4bc-9637-42b4-875a-7ccc6ebf3b04,83186d9a-7263-46b3-bfb6-e5d9f8e50108,2022-08-19,376.41,Home & Garden,PayPal
152b0a87-9600-4cb1-b0ae-b43c85433787,981c6f13-79bc-4d12-a3ec-f9dee71c88b9,2023-07-09,83.2,Electronics,Debit Card
2daa9ac8-d5fc-48ea-b380-528bef681cef,e9521230-4b6d-49b1-a4bc-52ce13cc9d5c,2024-01-06,531.72,Health & Beauty,Debit Card
8a3b08df-5162-4ee5-b1fa-55bd3bedf3e4,72eafd6b-622a-47c4-973e-c8b283a0390d,2023-01-18,96.29,Health & Beauty,Credit Card
5358a222-28b7-4c26-8d76-b9954e44079c,eaff7e49-2cac-41e1-b277-e8c23275f45e,2022-08-06,59.61,Health & Beauty,PayPal
694564e4-e52a-41bc-b076-53100fb5b3cd,cf772d97-096d-4e30-95d8-449836b1a59a,2022-07-27,870.31,Clothing,Debit Card
c841248d-fa26-4b84-8f1b-3e0dc961cb5e,65a78f85-d93e-4cf3-9705-a1948ebb56f1,2024-02-17,489.79,Home & Garden,PayPal
d160e8f2-113e-4e69-928c-b6303f391203,a8fbd996-7e5f-4511-833b-036df7fc518c,2023-12-26,574.55,Health & Beauty,Credit Card
a4670f60-23c5-4c76-b67c-4d957910aa8a,ec05b271-bb37-42de-b20d-b15fe4a3a434,2023-05-12,246.08,Clothing,PayPal
dc3a98fe-8796-4f9c-8b13-e05f91de4831,5f8f4ad5-c9ea-4dc5-8611-6d9a1b6c2b49,2023-01-22,718.17,Uncategorized,PayPal
3c14e099-dc0a-4772-ae2d-524e33d81033,e2baf4f9-75eb-4db7-af16-819798de6627,2023-09-11,596.63,Clothing,PayPal
577fcc56-95dc-443a-9289-d12614f5cea3,cee521cc-35aa-4237-b2b3-4810753bfc1d,2023-12-08,281.59,Health & Beauty,PayPal
f5e94932-bd5a-4728-a4ae-731b458831ca,3b520502-19d5-4b5d-a1af-d280b5938ab6,2023-07-28,58.83,Uncategorized,Debit Card
0c4b59d3-f907-4240-8849-6d592af9f7f6,7bd27a55-0cda-409e-a150-805ce2d42432,2023-01-28,727.25,Home & Garden,Credit Card
fd11859d-5449-40e1-9803-5825dd1b9853,9a69dddb-0479-4515-af71-f823335204bc,2022-07-19,173.96,Electronics,Credit Card
3b50d972-3484-45ed-9168-99f2767cfffe,45b6db6c-a0ae-48d4-bcd6-55349cb424da,2023-12-24,236.13,Clothing,Credit Card
4daabb30-a613-4170-bdb6-b79e45d9856b,d64d4fb9-d110-4afd-ab81-93580da3520d,2023-12-02,251.4,Automotive,PayPal
7e280186-770e-4c4a-b330-73dd471f956a,35faff4a-1bf8-4b42-a7ac-847b4970f4b8,2023-09-19,-100.0,Home & Garden,Bank Transfer
93b50fb6-a62c-46e2-a082-7b3c5d02c547,683365f6-7e00-413c-a94c-839439417d43,2023-10-25,890.45,Health & Beauty,PayPal
be43e8db-0b64-425e-b11d-c15f19659bc2,70fb2c00-4a70-4a7c-a43e-f7f75e93a17f,2023-10-04,250.12,Home & Garden,Credit Card
b7cf7756-cd20-4de2-b150-c473112da343,414ad677-6c9d-4b9a-9527-6b62bbf34ae4,2023-02-18,525.87,Electronics,Debit Card
42557c76-96c9-4961-9b7b-3e1e8e7857da,98ca9946-9629-4233-aa24-00ea065505ca,2024-03-31,210.52,Electronics,Debit Card
700a2326-efbc-4774-b564-0fe6ec9eb34b,1666fee5-667a-4051-881e-bf4438a37426,2024-01-07,739.88,Uncategorized,Credit Card
bfe55c3b-668e-485d-9476-670acd50b12b,52bb2a8d-acab-45f9-9817-6e9fe7567824,2024-05-03,-100.0,Health & Beauty,Debit Card
468ae943-0a40-445a-a8b1-b49b2e2cf6ae,ae755ece-5af7-4cbe-af70-3442e7dbb66a,2024-06-20,882.25,Uncategorized,PayPal
9b5d531c-c43b-4227-8f62-1fe37743eead,2408e02a-28a0-4861-bcc3-c4106484f6fc,2024-01-21,263.73,Health & Beauty,Debit Card
9aa1e60e-df4c-4987-9ee8-70b4e6edbca6,d93cadf1-15bd-4917-ae1b-239b36e84249,2022-12-31,215.84,Automotive,Bank Transfer
9eee2b1c-ef39-41e8-b34f-6be7cb9d05a6,a477fdcc-8474-491e-b747-2560ff5f5874,2024-06-05,153.86,Automotive,Credit Card
7df3505b-72cb-488c-8844-2f7f532d4db0,46167d52-e993-4c6f-b803-27b9789c8680,2022-07-09,459.41,Electronics,Debit Card
ea8aa9a1-7a06-4c9d-be6d-e8f856d49e1f,af93165e-0c42-4c91-bb29-a09ad16f0dab,2024-01-25,0.0,Uncategorized,Debit Card
e850f663-3f65-4e57-b1ed-11669623b192,ff5449ed-b5a4-4c82-967f-b6d9854722df,2022-09-23,543.15,Home & Garden,PayPal
b3dd8e85-02ff-4345-b148-e76de51adf54,12a9e802-5c8b-4baf-b61c-238084af378e,2022-07-29,756.74,Electronics,PayPal
979c8237-bae7-4240-9224-b283bc02529e,873b3967-e4a6-4c6d-b71b-4a1f960ee207,2023-10-01,667.2,Uncategorized,Bank Transfer
f9ab3c05-425f-4739-8e23-5197e518e250,465ceccd-1a66-4e02-85c7-d76ba37ce3cd,2023-03-14,884.73,Automotive,Debit Card
6154b65e-fd07-4aa4-a275-18da9988709c,22ad7494-d01b-431d-acb5-37b8f2406cd4,2022-11-22,539.87,Clothing,PayPal
d41924fe-fdfc-47f0-a907-f70153058d56,a203e040-d4b9-4a23-a312-bc971cf06a8a,2023-12-13,152.48,Home & Garden,Debit Card
d83178cf-653d-435c-a7e8-880361dec6e7,47185e95-cf88-4139-aba7-7265e434e028,2022-10-03,814.62,Uncategorized,Credit Card
243b28fa-f273-42e7-90c7-7885be2a8b62,dc95a9a6-cbfa-45b0-aa95-ce0bc99af56b,2022-07-18,678.36,Home & Garden,Debit Card
6712eba4-a966-46a5-8f52-26f53054787d,0bf31263-c0df-48bf-8b75-8f9c06ef76c9,2022-10-31,12.67,Health & Beauty,PayPal
d1c17e57-cbb9-4dc8-b638-ba2f1b1a8cef,291689ec-4bd5-4dcf-b21c-28c988dbf964,2023-01-12,409.28,Home & Garden,Bank Transfer
a767a5c2-a234-4009-91dd-3bd99ced0af9,397dc167-a4f9-4b26-9e8c-27f08a85c7da,2023-03-26,882.78,Electronics,Credit Card
c1c02927-e338-4f99-8441-7c3edda6850d,811c793b-79ea-4e34-993d-39d8030f34c6,2023-07-15,159.3,Home & Garden,PayPal
58efacc2-449b-43b7-b0b1-eac8fc45e75e,53303e86-2a4a-49a4-9f0e-0c526df50f18,2023-11-29,267.06,Home & Garden,PayPal
cb8f9257-d8ad-4751-998d-40e56cfe17e4,32290239-b3ca-413c-93cc-f1eb022b7da4,2024-02-03,90.66,Health & Beauty,Credit Card
c2c93273-8204-4385-8dd5-a277dc51989f,8587a4ca-382c-4fa2-b5e8-c8b035b17f7f,2022-07-26,387.06,Home & Garden,Credit Card
0a610e96-95c5-439b-9804-e19af5aad6ff,afc3194a-4fc2-4c86-9694-1d76f13a7fe9,2023-03-07,705.74,Uncategorized,PayPal
105cb802-0866-4111-bd51-75f58598eb73,44ed77cf-40a8-4a49-b053-6b0d35266cf9,2022-09-10,512.83,Home & Garden,Bank Transfer
eec67dd0-87ec-4eab-8ed8-0f6bf5470c49,1c3f008e-f212-42cd-a2a8-396ade4a293b,2022-09-19,117.46,Electronics,Bank Transfer
219e545b-8798-45f1-baaf-bc93c690f3d1,17fbabf5-b3cb-4f66-8eec-e143cc7e7f22,2023-05-03,542.66,Automotive,Debit Card
79800b63-a83d-4f32-9654-a869ca5b5ca8,c31948cf-d860-4e8f-945a-00da7ca48daa,2024-01-21,489.79,Electronics,Debit Card
f102f93b-f32c-41d3-adcc-25e02a67c34f,1980330f-71ee-4615-bc8e-1978d4792444,2024-04-25,489.79,Electronics,PayPal
f5a7de71-64fe-4a1c-8d0e-c75bada69e54,fd1c888e-5c7b-4812-9790-1fb61fe87e1e,2023-10-18,465.0,Automotive,PayPal
00742b15-bab0-440f-a085-221ce13d95a0,6a0678ea-8aea-48e6-9655-9e9a0f1fd8a8,2024-02-18,492.93,Uncategorized,Credit Card
0b568a94-a069-4bde-b8a9-201fdf3ab299,3eef0866-348b-4a4e-95af-e91e58d6b964,2023-07-01,197.85,Automotive,Credit Card
e475ef54-cd9d-4905-9282-ea4799a24af3,aad17012-0f68-48da-891f-fd8f6c0a2ec9,2024-02-01,282.45,Electronics,Debit Card
a808b2b2-0be4-423b-abec-24068d450f73,ef453df2-96ca-4521-be91-8de3677270a8,2022-10-03,10.43,Electronics,PayPal
ba78abe5-c514-46ca-8feb-95426be7f8a3,b775a89e-6537-4c96-8335-5c28dff178b3,2023-02-08,250.38,Electronics,Debit Card
8f7a9b25-42c2-4cdd-8b0c-b66e1ca3e78a,542e0ad1-07e0-4e9e-aa47-927c93ec08ae,2022-07-09,489.79,Electronics,Bank Transfer
806f26a0-986d-495a-95f0-76805e6d8ce8,3b637905-884c-421b-b035-fcee9e650ae6,2024-03-28,616.51,Health & Beauty,Credit Card
68479040-6691-495d-8ca9-122ec5010fb6,007ab708-d2bc-4a6f-8177-9bc49c387d53,2023-02-02,138.67,Uncategorized,Debit Card
651a6712-d1db-4d03-9bd0-36d9c17e1b86,79d2ff1c-40e4-47cb-8619-426e721f8eb3,2024-06-19,497.08,Automotive,PayPal
4fb247da-c995-4a46-884f-ca2a93389c8d,1cdf713f-350d-443d-b767-bda78718bd0e,2024-02-11,764.89,Home & Garden,Debit Card
0f3d2119-da2a-435b-8f87-7aa1ef4ffa03,429003ff-9398-40c5-ae1f-efdf497d21ae,2024-01-16,592.11,Clothing,PayPal
72aec0bd-fd32-472c-9b49-055bb88e33c6,c1e6c847-b147-437e-b03a-3b4df5ddc64f,2023-12-28,519.4,Uncategorized,Debit Card
7c1ced6e-c1ff-4cc8-ad63-480b951db4e7,447907e2-7d89-429d-af1c-0e8542b976ef,2023-06-01,376.42,Clothing,Credit Card
c5cc364c-0373-4aec-b421-e5e10f91791f,6c7a5568-7e40-4ba1-9eed-cda924b567d5,2023-09-19,802.36,Automotive,Bank Transfer
10030064-23e3-441f-a020-2c1da548d02b,0ad130d0-d8c5-4011-a4f9-ad8459f5c875,2022-10-13,25.84,Home & Garden,Bank Transfer
14a794f8-2099-4aee-97e4-bdd3899994c6,f36c779f-f2b1-42ff-8804-ad2c4801fd7b,2024-05-11,489.79,Automotive,Bank Transfer
3c14e099-dc0a-4772-ae2d-524e33d81033,4534ac48-9bfd-48f0-b49d-cae96bba833e,2023-04-13,205.32,Electronics,PayPal
2cd16dfc-d7b0-47ec-9999-b018daea7f8d,4e35a3b1-a765-4552-b28d-1c601b3c58cb,2022-07-24,673.97,Clothing,PayPal
f0610c4e-9bae-4a6b-bf8c-c056e1e18eec,af7ecb4b-3e35-42c3-b56e-c70c02f69f4a,2023-04-06,408.65,Home & Garden,Credit Card
c31b7475-f089-4708-be02-df18e1348a5e,3ccdc304-a58a-46d3-bc7c-c3f64c73a0ff,2024-02-17,489.79,Health & Beauty,Bank Transfer
0ef84cc6-0b4c-4c56-bdaa-d6b725ccc08e,c29d39bf-8b75-4461-b19e-ad37cc4a81c2,2023-03-02,108.3,Electronics,Debit Card
c7795b86-84bb-4da2-a8dd-8433adda3783,61a72b12-2f84-4f45-b78c-a23465a73efd,2024-05-16,225.05,Electronics,Debit Card
c812445a-852f-44cc-afdc-20b7bdfbcf11,5d8094dc-b1fc-465f-b1eb-150c0ba83f9e,2023-04-16,568.77,Home & Garden,Debit Card
a57a6e90-d751-466f-8d73-6f7f800ccc27,209971cb-221c-415f-b2f9-ed3938caa904,2022-12-14,860.27,Electronics,PayPal
c39b1fb1-7f69-4631-9279-b8051420c444,943d33c6-3604-40f0-b354-698dffd0e549,2022-07-15,221.83,Health & Beauty,PayPal
e5717485-07a9-4b9c-8a87-05dc56e94f9c,1941731b-5d68-4b0e-8dd5-a95daa9f9945,2022-07-29,248.95,Uncategorized,Debit Card
ec42fc84-51a4-4f32-971a-132852d4fe36,f2ef584f-6463-4468-ac9b-0d45656ab2be,2022-08-28,795.6,Health & Beauty,Credit Card
80a0ca0b-e478-46fe-b45d-fd286623787f,99e4f222-3b17-4248-b864-034753dcb6cf,2024-01-15,941.87,Automotive,PayPal
0b92f0ea-8d64-4815-9afd-4bbbb0f711b0,159f0522-83f9-45c0-bbe5-be7741df0a28,2023-09-10,913.19,Health & Beauty,Debit Card
78fec206-bd61-4111-8a5b-6c450b8e4268,2e3d1a87-4bf2-4368-bb82-b705f1174b17,2023-06-25,239.26,Uncategorized,PayPal
aadc22e9-8f18-49c0-afb9-5960b08548a0,b526baae-c9ae-43ac-9592-67aacfe34762,2023-08-02,53.68,Automotive,PayPal
12e07fbe-0ac4-4552-b083-255196ba0854,fe33dc9a-585b-4bf1-8b85-f2ca9677fe27,2024-05-07,941.65,Clothing,Credit Card
bcc0e767-8943-4823-8f47-6f5d958039fb,adbedb8a-002c-4d08-8e23-6f7ad42fee8e,2023-12-10,921.06,Clothing,Bank Transfer
4aab54a1-b555-48ec-9b0f-0e87abdcc45b,0fc3f6a8-55d0-4f1a-90c1-542ed7cb05ca,2023-01-04,860.08,Electronics,Debit Card
983068c4-0f6c-4969-96a3-c4de81e494e7,fde9ac03-769d-41ec-bc99-f4d78bd4ddd8,2023-02-22,24.28,Health & Beauty,Debit Card
62e3a7aa-cc76-4c4f-9e65-9aea8f238f22,895114c5-2f68-4b30-a5a2-1619c8cfccc3,2023-10-15,489.79,Automotive,Debit Card
80afb9fd-6751-40b6-b4ff-f3c08e12d4c9,35aab3e1-05b5-48e0-862e-359732f2ae97,2022-11-30,290.7,Electronics,PayPal
904401cb-a9dd-47f2-8aa2-e884ae893026,2b4c92d6-9c8e-4890-be7a-c84bcb843b52,2024-04-04,928.4,Electronics,Credit Card
29e33b63-81fe-4687-a132-06d0a5e6668c,1d8c4981-4626-49e1-ac88-350b152a8ac4,2023-04-11,333.31,Automotive,Credit Card
3120d699-c28f-4de7-afba-adceae29c1c5,8302dfd1-eda8-4db3-9f47-dfacb0f906f0,2023-12-11,561.55,Home & Garden,PayPal
9b5d531c-c43b-4227-8f62-1fe37743eead,474710a0-fc6a-4516-95e5-68b498de3aa1,2023-12-27,323.13,Clothing,Bank Transfer
9f6b9ab6-1055-4a20-912e-23adb444695c,ff3326e9-205a-40fa-8148-975ae559a3fd,2023-03-03,226.82,Health & Beauty,Credit Card
187ec535-ad79-418a-aa08-86fd8a2becbb,4313592f-3daf-4b70-84f1-675e76c5a4ad,2023-10-12,716.69,Health & Beauty,Credit Card
9bd23b55-cbc0-4082-ae18-916ea8895c07,b9b9fbfa-55fe-4f1e-b6f5-b398fe01476a,2024-02-19,291.45,Automotive,Debit Card
2d9979c1-ec25-42b8-a9ce-dd6661524b50,295ec2dd-fdb3-484c-beb6-f17a170286ba,2023-03-27,364.76,Electronics,PayPal
51011001-3f94-45eb-9456-27bb4754f2f5,a8825ef1-0b48-4b22-bf3d-c8966175dbba,2023-12-06,637.54,Clothing,Bank Transfer
b707539e-7eaf-4c76-8a2f-944b44eee698,eadb89d3-22b2-413d-9dcb-e9431c9e0698,2024-01-13,228.74,Health & Beauty,Debit Card
933660db-c295-44b0-854f-5151a3732931,b6dc41d8-a939-495e-9721-9af56eeb5698,2023-08-08,579.23,Electronics,Debit Card
5dcc04f0-2300-4707-b737-82abb839b428,416e6f57-8ea2-46b3-b0b3-c967923fa1a9,2024-05-22,761.48,Clothing,Credit Card
91ad2b3a-d2fe-4146-a0ae-cdcea44622c9,599eac53-0985-4736-9096-9a839adeb08a,2023-08-01,587.31,Automotive,Debit Card
34c5a998-e0ec-41b1-a904-5e02e75ce5c2,c5922a97-6cce-48cc-9caa-c7d55de24f08,2022-11-11,489.79,Home & Garden,Bank Transfer
407c3e47-8309-4423-a2bb-e025b3239745,ef19baac-a637-447f-a746-355342353310,2024-03-20,388.31,Uncategorized,Credit Card
62f37d97-41b6-4fe3-90de-0608c41ab069,80fd8673-ade4-4d0c-9aff-3f4defda6183,2022-08-15,380.23,Clothing,Debit Card
d8128163-77f8-4389-b4d4-2afff0e05e7a,c0d0ebef-70c0-44b1-97f1-33667d1c5b38,2022-08-04,38.37,Health & Beauty,Bank Transfer
086370e7-8884-47d7-89b0-776401a43e1c,2068c1d7-e76b-4fb1-be9d-3c8568ad6cf7,2023-11-27,717.72,Home & Garden,Bank Transfer
8a7e010b-b3d2-418a-bc81-bd16f3432366,d697e625-adcf-41b9-87e5-4b2868145f03,2022-09-21,64.96,Automotive,Debit Card
32e4c60a-8175-452c-8a6d-fa40f06e738d,9f2bc4ac-a550-4597-bf0d-2f47e3105d0a,2022-11-18,479.45,Home & Garden,Bank Transfer
309a0ae4-8bd2-4440-935a-44f504c66431,5cb46da7-d495-45ba-8a58-23944fca1c31,2024-04-11,489.79,Clothing,Credit Card
2dd596db-f44d-46ae-a582-a42a658d7d62,1ef0e194-d8aa-42a6-bc61-f178a4a85a22,2022-07-31,516.26,Health & Beauty,Credit Card
3ea377e6-1156-457e-8b4e-71fa6663e6bf,c751a808-ed8d-44d0-8c52-8253ad564c9a,2023-09-22,766.97,Health & Beauty,Credit Card
37a8ee69-e419-4e15-a2dd-215b57b3ba67,09609fd4-df99-47a6-b234-6f17687b4b13,2023-01-04,829.12,Automotive,Bank Transfer
1e149041-13ca-4147-890c-3dee10c249e8,ef245823-b7e0-41c4-a5a5-f812d792117e,2023-12-19,192.86,Clothing,Debit Card
577fcc56-95dc-443a-9289-d12614f5cea3,99e7b5e2-c769-4c2e-9b73-018642710ac5,2022-07-21,53.13,Health & Beauty,Bank Transfer
31739d22-cd42-423b-9fbd-5f310d773dce,a39bf557-f891-4a84-9b9d-3cbb7834accd,2023-11-14,664.25,Electronics,Bank Transfer
2f06ee05-aa32-4c21-a686-fe74584a6beb,bb0af829-6d7d-404d-a152-d79c9f2817c6,2024-03-13,719.89,Uncategorized,Credit Card
c2c93273-8204-4385-8dd5-a277dc51989f,c85da8c0-c437-42ee-9dce-9132052c58da,2023-11-30,181.75,Uncategorized,PayPal
6007c09a-d082-4218-9cdd-087ec3d24dec,4bf5c19e-6aaa-4b06-bbd1-f0dd818309bf,2023-10-24,554.59,Electronics,Credit Card
0064a8b2-71d3-41c1-a46a-6eea56fdff91,f9d78a66-cb37-4a0b-883d-2d88143c1d68,2023-04-03,743.31,Electronics,Credit Card
c30de55f-687c-46f5-bbd2-a9e73d2d138d,539d1ab3-ca9a-4a45-b161-c10a36618059,2022-12-27,736.46,Electronics,PayPal
77c3b49d-52a7-4559-b53f-0b8e01476e12,3d185d89-f607-42a5-a46b-b1e557ce1cad,2023-08-21,290.98,Health & Beauty,Bank Transfer
8d435ee0-fa33-4553-880a-e26511ac3921,c0d0ae2b-eb99-49e5-89ad-0624ad136056,2023-03-27,-100.0,Home & Garden,Bank Transfer
41a70349-bf97-44b7-8d7e-f71d8ba581ef,4ade2a27-5522-4703-817c-dd588dd9789c,2024-04-20,394.08,Clothing,Debit Card
b14fcb71-e3f9-4cba-99de-f0e79d7ac5bc,a27b6387-6207-4589-80bd-9ed1a3f5d2a4,2022-09-23,523.47,Uncategorized,PayPal
11b2ebb2-7479-4c10-872d-353000075218,83034799-ea33-42df-a1f1-41ceef931368,2024-01-28,489.79,Automotive,Debit Card
6ee69819-b275-4409-93d0-b62be6a7146a,27b8d901-53f7-4a89-88bf-406a2ffec38b,2023-07-26,345.38,Electronics,Debit Card
321adc94-8a35-4998-bc17-0cacc00988f4,d8ae30e5-3478-4fc6-8137-95a7f0a85b1c,2023-03-26,489.79,Health & Beauty,Bank Transfer
3b32ed47-3244-4a99-812d-71a70d88434b,6b44ae12-2fde-4b53-aed4-00c83b5f9708,2023-08-06,332.96,Electronics,PayPal
c5cc364c-0373-4aec-b421-e5e10f91791f,15639274-361c-4c32-b3a8-47e74cc8e7f2,2024-05-22,182.83,Clothing,Debit Card
d66159a9-4fbf-47c0-8e1f-e76049f29307,b7fe6bd1-1bc5-462f-8e65-230771d3c855,2023-07-03,969.86,Automotive,Debit Card
32cef811-93ec-48b4-9fa5-e1174156e8cc,cd82917c-279f-4cc0-9763-caf8589afba1,2024-02-21,489.79,Clothing,Bank Transfer
32c30314-8914-4cdc-8dbf-3101b123784c,69f3edaf-8b36-4f9c-958c-b8cea5c99059,2023-10-14,17.77,Health & Beauty,Debit Card
80afb9fd-6751-40b6-b4ff-f3c08e12d4c9,aa210434-2df7-48e6-acc6-c83c8cc05425,2023-01-17,489.79,Health & Beauty,PayPal
61270da3-0a87-4541-84df-2627bb65c010,2a8a529e-9111-4d5e-9b85-9e301e9b8344,2023-09-28,489.79,Electronics,Credit Card
fa7d31de-04f7-4c22-a723-2cdb144c55d7,d16c6727-c72f-463e-af55-0008ae1d6975,2023-11-05,0.0,Home & Garden,Credit Card
752b75e6-82bf-4f8d-9e9f-a46ebf4e7e03,2f1b2d9c-bfaa-496a-be79-6dbab9021c2d,2023-10-19,489.79,Electronics,Debit Card
48b0fbc5-7de9-4720-9f39-6e820834dced,22f26dfc-9e22-4bb9-8555-23016a8d046a,2023-02-07,646.95,Electronics,Debit Card
2cd16dfc-d7b0-47ec-9999-b018daea7f8d,600ad110-286c-4ece-8361-9aba56d2e5b3,2024-05-23,843.54,Home & Garden,Debit Card
5c8b6938-0745-4a5f-9118-3d0b8347f0d2,5a477c9d-2be7-45c8-affa-21f892150a27,2022-12-12,168.64,Clothing,Bank Transfer
cde3e4e9-be17-416f-a319-c5adc13896f1,f5e841ad-6e2a-40d3-8924-ba1c5dbde0c5,2023-07-24,597.89,Uncategorized,Debit Card
095992d4-56e4-4756-b930-74f701363489,d4c76f11-434d-4eeb-a845-d41a7e1bc077,2024-02-26,489.79,Uncategorized,PayPal
a3eb47ea-51aa-4e1a-9d5a-48363ff52433,3c9ae059-7780-4660-8bc2-fda424508ec9,2023-12-16,452.59,Health & Beauty,Credit Card
270506ea-c72f-4926-a9f4-e29ea53adb9f,52d20d0c-4375-42c9-9396-159633ead703,2024-02-03,546.7,Home & Garden,PayPal
8bca00a4-2829-49f2-9375-7515df7b6810,546eaf6f-0f8f-4407-8d1f-4eda3ccd3447,2022-08-16,489.79,Health & Beauty,Debit Card
8a39b491-7b4a-4319-ba21-ece95b3f2195,be04ac77-d6ce-4626-97c1-2e865486d54b,2024-06-02,877.82,Automotive,Bank Transfer
2529044c-e151-4f75-ac8f-ad9febf25ac5,1a072d12-55a2-4bf3-8404-703bdbb4c05a,2023-10-17,576.11,Electronics,PayPal
81be7ae8-5f41-4ee9-895e-b001c5c63186,dcdd478b-6edd-4b8f-b339-5a40480167a7,2023-08-10,813.01,Health & Beauty,PayPal
f2ae0761-35fa-44a8-ac81-e607e89611ef,9fd5c503-96bb-4d1b-8120-b5fdd2d81d13,2022-08-27,325.37,Clothing,PayPal
e2df0721-50dd-4f08-8f6b-ab18a0c51b85,bd19779c-8772-4180-b19f-bae249149d54,2024-05-04,919.16,Home & Garden,Debit Card
378542a7-dd80-4639-b411-6a2fd45e9852,8be737dd-5e63-4b4f-9747-6f378491606b,2023-10-12,133.13,Uncategorized,Credit Card
578f93c3-22af-4aa7-9eeb-35d1e0255e66,cdbcebb1-c6f3-4621-9705-1b2de7d26f40,2024-01-29,280.48,Automotive,Credit Card
6ad843a9-9ca3-4835-a20c-6e81665594e6,bd6f20d8-6f7f-402f-8f85-29cf5bf1d984,2024-03-24,916.42,Home & Garden,Credit Card
0865a620-9ff4-46ec-9f14-7efdd071a041,ce7db0fe-21d7-4799-b586-d25a1043c159,2023-08-21,570.81,Health & Beauty,Bank Transfer
59ea89e2-a155-4538-8981-9705c6f451ab,c7f537cc-c58c-48c5-9fea-ad5ea228156f,2022-11-21,608.81,Electronics,Debit Card
468ae943-0a40-445a-a8b1-b49b2e2cf6ae,12106f37-826a-4495-9c06-ec5bdf1912f9,2024-04-03,644.99,Electronics,PayPal
551a4700-bea6-4596-b371-48c0ee1b5bf0,c5dcb16e-b1d0-46fc-a45d-b29b4cda3958,2022-11-22,663.12,Automotive,Bank Transfer
880c2be8-e89a-4a9c-8222-e809e848067f,b47bbe34-47e8-4a35-bcce-7b9fe864c680,2022-08-22,489.79,Clothing,PayPal
911002e8-a300-479d-8c88-55fda909d449,9b8efe68-3eb4-48ab-8b69-b2b834650b46,2024-05-24,537.46,Uncategorized,Debit Card
c12ab95c-d42d-4e32-ae97-95faef364e52,c955fd69-72ec-46a9-9bbf-ce7ee892c125,2022-07-31,119.77,Automotive,Bank Transfer
b2d839ab-012b-4966-90dd-de4311498b7a,477a4779-c18b-4ef3-bb23-a6dfbc90f449,2022-09-02,880.86,Electronics,Debit Card
17b835af-f4c8-414c-a611-0441d5485734,b313729d-788c-47ca-9487-f0e8617258d9,2024-04-24,736.07,Clothing,Debit Card
58c7facb-dcb5-4295-a018-dca349b6ff8f,ef82928c-9005-48e5-81e0-b8a7a5d10dcd,2023-01-01,900.97,Home & Garden,Credit Card
651a6712-d1db-4d03-9bd0-36d9c17e1b86,44750adc-cb9d-4afe-a028-ffeb07e0fbcb,2023-06-08,0.0,Health & Beauty,Debit Card
ce5cf079-859b-43fa-9609-c6bb7e12c6b7,3c47cddf-7224-42f8-b48a-dd21c3fcc9c0,2023-05-15,772.67,Uncategorized,PayPal
0ab0e741-f4ad-4d82-92c4-b5055b5c5549,3ca6f1ab-7ea4-4a9d-a36a-de061cc55173,2023-09-17,562.98,Electronics,Credit Card
30ac13c2-740f-4650-a33b-2fe3c5a6adc2,d04e163b-7006-4560-8b66-d629c3aa8d08,2023-12-28,222.14,Electronics,PayPal
a77e68ea-8cb4-4b08-870b-194dc3331752,3fdc1a18-6697-4bf7-a4e8-27587c0a9375,2023-11-10,160.95,Health & Beauty,Credit Card
f0d87968-72cf-4817-b871-c8812a52c570,db726852-8f98-4f18-904d-ed3407c8a849,2023-04-25,489.79,Automotive,Credit Card
a8094112-0900-4bad-801d-3ad673b8a229,d0b90c80-54a6-47fc-ae54-8a013ab63933,2023-02-06,724.64,Health & Beauty,Credit Card
0d2ff88f-ea7a-42be-aa32-286c3968f505,b14e6a31-bdad-4428-b69c-f35e77d7bdf8,2023-06-08,913.53,Automotive,Bank Transfer
eeef2240-3f56-4891-9a2f-8fd4ede5c966,b8fb9845-6b9e-4c3c-85db-513d9f05d092,2023-09-07,564.02,Electronics,Debit Card
580dd6e4-0598-4d7d-aef6-e6572e857e50,ed994118-07e7-49dd-ae90-11511a4ba412,2024-03-29,269.67,Automotive,Bank Transfer
f58c19c7-7b85-4aba-b26a-b90a641e31d2,75c899aa-53dd-434f-bc09-fa878292eda4,2023-01-09,209.1,Automotive,Debit Card
0b4b34dc-3ae8-4943-9f47-f27482de26a9,3f06e9b3-9ea2-4e02-b518-9cfbe723baaa,2023-12-17,275.27,Health & Beauty,PayPal
5a0cec22-9828-4fa3-88ec-435606899c30,78c66513-d4da-4683-a60f-01168a48a7c7,2024-02-08,572.23,Uncategorized,Credit Card
8895020d-182f-4965-b790-0e11ba1063c9,ef1e01e9-5dd3-4935-a57c-4487b364b48b,2023-11-18,682.54,Electronics,PayPal
3120d699-c28f-4de7-afba-adceae29c1c5,efd35b64-ae5f-4779-b082-335f4029c8a9,2024-06-15,649.42,Automotive,Bank Transfer
8d1ea7d9-d58f-436c-b802-2ef8423b5eb1,1d9be585-959c-4716-b9c1-dc73449697bb,2022-07-02,628.86,Electronics,Bank Transfer
6e3501d7-cca4-414b-9ae0-c02140179fbe,643c3562-225f-4159-86ad-54480640a512,2023-11-21,606.22,Automotive,Credit Card
40f5a5dd-a46f-4a5e-8c0f-fe04389ddec8,4c3f1eb1-78a0-48d1-943c-8fcc84246308,2023-12-08,461.11,Electronics,Bank Transfer
0770e254-efc6-46f6-b0e4-27dec5175da3,cf996053-36da-4f72-81f0-c9599f660cb7,2022-09-18,673.41,Clothing,PayPal
a35ec295-0d3b-45d6-b610-26fd4125b314,1736e3e1-1aca-41b4-834c-0ff57263c464,2023-01-28,306.18,Electronics,Bank Transfer
3e6a326a-f09b-47a2-8d24-3f69ac0a119c,e432cee0-d280-4f2e-b520-fab4bdb2dd31,2023-04-07,136.48,Automotive,Credit Card
e227d514-7382-422e-adf1-fbf694f7c0d5,09c1ae1e-43c5-40dd-adc6-8725f5079d7e,2023-11-08,373.21,Clothing,Credit Card
2ff0e505-c81a-4d59-8cb4-0f9fe40c0464,2e9a1f21-8273-4602-8275-ffb926f12ca0,2022-08-06,489.79,Automotive,Credit Card
1bc7f7da-3a8f-4df1-a411-c7c1d9a794fe,e4256f3a-de4a-42eb-8896-e3a595e91b1d,2023-06-14,356.96,Automotive,Debit Card
62a5ff3a-beb7-4c13-9c36-b5655a9f05b0,ca8308ac-b2a0-44d2-939c-ae76f5383313,2023-06-16,191.43,Clothing,PayPal
6fa635e0-d171-4413-a101-1b41e4831ce4,10099c20-2222-4bc9-ba65-601c255a01da,2022-12-08,489.79,Home & Garden,PayPal
5e060e3f-1255-47e2-8a4c-22dc4a414c8c,41668b27-2dab-4694-8be3-77242d04bc28,2022-07-31,398.71,Health & Beauty,Debit Card
b0e547f6-b969-4908-b977-c64793686f9e,d7133f34-6638-44ed-9291-053bfe24aac7,2023-06-07,926.02,Electronics,Debit Card
1ffded5f-b38d-45b7-943d-4100779c3599,6c2c5c2b-7601-41dc-9f56-4009de6f3cea,2024-06-10,591.61,Clothing,Debit Card
b0e547f6-b969-4908-b977-c64793686f9e,d4f1d0de-8fae-43fe-abbf-c0b79f2db950,2022-12-07,798.7,Home & Garden,Credit Card
32ae4542-77b0-4a2c-90c9-63b08e717945,32b12015-6d84-47f3-8111-89aa17ed6941,2024-02-15,941.88,Home & Garden,Credit Card
5788b07d-0919-49cc-a65f-46cf3167e24b,b949677c-5c71-4a9a-8348-2dee8e42626d,2024-06-26,220.7,Automotive,Credit Card
c6460a4f-0c2d-47b7-82ce-2600e5232a41,59a463ff-8201-4006-b0c8-e3fa3e2ebe4e,2024-05-09,489.79,Automotive,Bank Transfer
8a34badc-d3bc-464a-8687-d6bd3bb08215,af3cb26e-e1cf-49e3-8e30-acf81377df7b,2022-11-28,366.44,Automotive,PayPal
a98c3096-f68e-4473-932a-a67dd7efd433,55f079ff-f6e6-4599-ab99-5551634297c7,2022-12-05,472.35,Electronics,PayPal
1dca69a0-6e83-4bbd-a589-fb28890aeadb,a1018dc3-c78a-4b2e-8802-7d6ac7f37336,2023-06-13,775.67,Health & Beauty,Bank Transfer
1cc636ba-e6ea-44c6-a056-0de95dce9831,8be1b181-8c7f-42b0-b009-0dacb88f22b2,2022-12-30,390.29,Health & Beauty,Bank Transfer
e4ce98e6-81ec-48c3-a198-813996dfdf1b,24a95a4d-26d1-4a19-ab63-4058dc222c1e,2024-04-21,520.0,Clothing,Debit Card
8eb8abc0-7bbf-4083-9164-385086b8aa90,59265fb2-087b-4db7-9b89-a33dcaac9ad6,2023-05-02,489.79,Health & Beauty,Credit Card
6e3e8eb8-bc0f-4ffe-9f74-5d5efec9502f,3233fd2f-8b5f-4f5b-b5e8-0b1eac6cf7a1,2023-10-11,684.12,Home & Garden,Debit Card
83e67ac8-6dd6-4dc9-b16c-eb05aa77e6e7,572ebe7b-27b8-41fd-ae11-4a7b31f7d8ee,2024-06-15,590.48,Home & Garden,Debit Card
7c1ced6e-c1ff-4cc8-ad63-480b951db4e7,fbc25ed4-f34d-4ee3-91a5-189b804323e2,2023-05-11,929.51,Health & Beauty,Debit Card
69dee80e-7843-48e4-9ab3-801d5150c141,a2f3aec9-625b-4624-a5fc-704168b4ec7e,2023-10-24,443.19,Automotive,Debit Card
4924293b-cc71-4bbd-bfe1-d291ae35c5b1,42d9c142-6a17-4461-be76-e376359b7947,2022-09-24,721.66,Uncategorized,Debit Card
958e5c8d-48ca-42dd-bb71-a766a374233a,5fbed52c-0169-4eda-86f5-7bec055eaf51,2023-02-07,897.9,Automotive,PayPal
a7b667f7-d6c7-4fc6-b6d9-bcdeea32297c,bbb31735-10e0-405a-8f39-c47df3cb5310,2022-12-12,489.79,Clothing,PayPal
92d3a47c-ab00-4c27-8fd4-460a47314db9,13a68b85-342a-416e-82a3-b9ee13fdd5ab,2023-01-30,435.3,Health & Beauty,PayPal
7f12330b-8b50-4618-bbeb-b5ca1532ab43,3006585e-70e1-4ec3-8f79-d1b2f68b557d,2023-07-04,905.37,Uncategorized,Debit Card
f3521369-d217-432d-9364-289de51caa73,e23d1e9e-a707-4421-aaa2-face3a44a19f,2023-12-04,851.36,Health & Beauty,Credit Card
6c0120b7-486d-460e-b11e-6c8b6dc4770a,6ba4c6a4-30da-45e4-9805-8c234d38926f,2023-11-09,843.71,Health & Beauty,PayPal
9423d7e7-2239-478f-9a2a-5ce386882aa2,e896f88a-9035-4f79-9b7b-ba65b0fd5285,2022-08-31,0.0,Clothing,Credit Card
f27dad21-87d3-41b7-b93f-1efba28d5819,e07e262e-66e0-4175-a571-7fdec38c9cfe,2023-02-27,667.85,Automotive,PayPal
835384f5-c976-481d-8961-cc827dc62c6b,50302b17-dbc1-4539-8bf0-da9a005c01f9,2023-09-05,257.69,Electronics,Debit Card
05e09646-040f-425a-b5b3-d6f113e0c75b,a70e8cca-e89b-48e7-b1ca-f119cb04c6ed,2023-11-24,470.36,Electronics,PayPal
e84f46dc-1d0e-4031-a4f6-2a6f46514fa6,9e7777e9-bf1a-472c-8afd-7058c4eaa9db,2022-12-27,729.98,Automotive,Credit Card
bf0ab935-f8a4-4d18-894c-bbd1d776a07d,b609b8a7-c190-4619-838f-f692573c362a,2023-08-18,165.14,Automotive,PayPal
506d313d-3e4e-4d80-8761-3b375852ffef,8a238e92-c08e-48d0-95fa-d284cbb2241b,2023-06-10,423.24,Uncategorized,Credit Card
1a103b87-f903-40de-8615-fdb7a50db074,50806663-6b7c-4760-adb1-6d0398eea3fb,2024-04-21,575.37,Health & Beauty,Credit Card
5cea80e1-34e1-4474-806d-73710d8c86b6,b30d9585-81a5-481c-9f38-ffe7f78a1c68,2023-05-05,702.3,Clothing,PayPal
a64f3f8a-fcf3-4c3f-a8df-0abfbb05ac11,57cc236c-d350-4f2d-b571-ce31904a1413,2024-04-25,103.22,Electronics,PayPal
00c15eff-8bcf-4d12-a5d4-992e45e3309f,7241a80f-87e3-4772-9238-ee066c5ff131,2024-05-22,764.79,Uncategorized,Debit Card
9bdf4403-1e6a-4b6c-8556-a58e26591bd2,60da4ac6-7375-46f0-8085-79fda27851d2,2022-12-26,46.46,Health & Beauty,Bank Transfer
7120aefc-7d84-4981-b4ec-64e036fba72a,110221e5-f64d-4603-9960-cc23dc6b469c,2022-08-15,38.71,Uncategorized,PayPal
6e820fd4-83e9-41c3-8c2a-4c39b93d9a22,4fb9e79b-5e8b-4a46-9e68-6f21e49b2510,2023-07-29,21.77,Home & Garden,Bank Transfer
d3b37301-dfba-4182-a0be-1da6f2186393,3fb495d6-17d8-4d06-a679-fc0cf1b8bca3,2022-11-29,0.0,Automotive,Credit Card
4add70a0-9c64-41d8-b32e-f7f1ea06706b,29ba8b6d-c22c-4335-b621-250d38b06acf,2023-06-29,0.0,Home & Garden,Debit Card
bf0ab935-f8a4-4d18-894c-bbd1d776a07d,dcde6cc4-c501-4b0a-a593-af5bbb8ec374,2024-03-16,246.44,Clothing,Credit Card
c3f22991-8910-4823-86e4-8637520d3952,fb3c76ff-508a-496d-8b39-4866193b32f0,2023-12-05,933.59,Health & Beauty,PayPal
1afc1e60-be41-4f45-9ff1-73f28d0dbdc9,a3b7cda6-37e6-4b74-bc92-3e628ea2ce5f,2022-11-26,280.38,Clothing,Debit Card
e5be0323-763b-4ce3-a575-f58313b295d5,6b6cf6b1-aef0-4bba-a3ee-91b6c9269139,2022-07-22,195.59,Health & Beauty,Bank Transfer
7691d772-0192-40d5-b83c-ae8fdb5e99a9,a9900b7c-00f6-4076-aa60-f7f334b49de1,2023-11-11,489.79,Electronics,Bank Transfer
7eb7f7df-9b0a-416a-829e-bcf4d8bd57dc,0dc30dbb-8109-4fa8-a7e0-f7ae108075e7,2022-11-28,237.09,Health & Beauty,Bank Transfer
c71e53bd-d52e-43c7-853a-bde70ff3cf38,87e7e8dd-990d-4a4d-b513-457a34bc9403,2022-09-12,489.79,Electronics,Bank Transfer
f770e561-feaf-49f5-8a33-7dae0e80cb43,c97b9f76-dbf5-4ebb-aa71-39041d06bb65,2023-10-28,489.79,Clothing,PayPal
37a8ee69-e419-4e15-a2dd-215b57b3ba67,2573bcff-fb21-4bf2-bdec-b448a0e15a00,2024-03-23,185.97,Automotive,Credit Card
c56a1423-e1b0-45c1-974a-55f5fa029c88,b401a1e8-6cc3-4ab6-bff4-c41a3847329a,2024-05-31,-100.0,Electronics,PayPal
f808e889-308c-4356-a639-281ef3820b50,49a199fe-92d2-4693-9d0c-a776e47103a6,2022-09-21,45.47,Home & Garden,Debit Card
0064a8b2-71d3-41c1-a46a-6eea56fdff91,7df9fe14-f574-4b83-aed4-ae7a7fd742f0,2023-09-06,297.14,Electronics,Bank Transfer
2fb8e79a-8243-460a-ac89-27524c8debb3,34afeba8-510b-43c9-b166-d8c2f864f28b,2024-03-23,378.37,Electronics,Debit Card
892666ed-6ac7-475e-a439-be787d456af3,1b972eb3-2952-4b2f-b26f-dce08bb0b939,2022-07-03,697.46,Electronics,Bank Transfer
afc2cf41-aacb-482c-a3f0-2f68035c44f7,f3b94b66-923e-48fd-8ca6-1ea513d99e8e,2023-01-18,266.3,Clothing,PayPal
c1ccadd3-fc59-4574-bb17-e92247130e62,0e619644-760b-4d42-a7d6-81405606a01e,2024-05-29,334.13,Uncategorized,PayPal
570259d3-ecc5-4bc2-8154-51134d7944c7,9542b47e-af03-4be9-a21c-5d964952a732,2022-09-26,11.55,Clothing,Bank Transfer
cc5da89b-c295-41c3-b27d-c759cca78ba8,dab4d24d-87ca-457d-b585-61e217b56765,2023-01-06,397.72,Uncategorized,Bank Transfer
510c4dc8-5283-44e1-a4b9-0fce0ada073c,aa68df69-2b34-4bf5-91f0-fe33a0021da8,2022-08-08,244.05,Health & Beauty,Bank Transfer
c5214293-3313-4a25-96b2-625af9e94e49,afcb70fc-3613-465c-909f-c47da89fba5d,2024-04-19,754.68,Automotive,PayPal
88b2456d-4760-49ab-aab3-a712ab80852a,11a8f15e-0af3-428c-b99f-864d4aac1e3e,2023-03-28,372.45,Uncategorized,Bank Transfer
860003c0-809c-439e-b704-f8648809e396,3120c940-c35d-4512-9100-4b5659a6f97f,2024-03-28,181.37,Electronics,PayPal
b64655c3-a06c-4f03-91fe-8dde87a2c547,1c43abe8-7d0f-4cee-9ca3-9297fe960182,2024-02-10,111.74,Automotive,PayPal
ba3f79ad-b3ab-47e5-8803-22cb4ea8cf13,220bbe5e-6456-4d0f-9c50-3402bfdb67dc,2023-06-24,845.46,Uncategorized,Bank Transfer
574f65fb-c9a3-49cd-87c0-c6beed1d13f2,5be8d4f2-ffc9-487b-a7da-7dd77115c994,2024-03-16,698.18,Home & Garden,Credit Card
87f8ea44-b883-42e0-8220-4ef3b755c9b5,515cb88c-d624-49f8-a68e-5442144574b7,2023-04-24,232.35,Clothing,Credit Card
65ebd3e8-3032-46c7-ae26-8fdcca6aae96,d471b29e-c1b3-4f51-a92a-1d0ec7a5e45d,2024-01-01,849.06,Automotive,Debit Card
69c0971b-1c85-429a-aa61-496f9c0a4410,c5f84c36-02cd-4d4c-9045-6eba23277e4b,2023-06-19,878.98,Automotive,PayPal
3d24b8d6-68b7-46bd-ad7b-5cd8b8c6f8fd,6bcb82b7-be56-49a1-a9c1-a3ffddf3132f,2022-08-08,401.49,Health & Beauty,Credit Card
f58c19c7-7b85-4aba-b26a-b90a641e31d2,f35334e0-7e96-422e-ac6e-a5c45609cde2,2022-07-28,392.56,Uncategorized,Bank Transfer
1f20eccf-664d-4f9b-b7b3-6c7e5ab0a5c6,350a1ce2-a8df-43a1-b482-9ad5da2efb67,2023-09-17,746.92,Health & Beauty,PayPal
6007e8e7-4c8a-4df0-b03a-e7afdb6684e2,5e1fdec3-fbee-4224-aa77-84f4530f580c,2023-03-25,486.67,Health & Beauty,Bank Transfer
cea94c78-1035-424f-b9e4-b1411222814b,e4509460-e3fc-41f6-8a2f-24bb9b29a5f5,2023-02-12,489.79,Automotive,PayPal
e9275385-a9af-4f34-8b10-2ec5d18636a9,70c00b12-48d4-41e6-801e-b540f3f28cd3,2023-12-22,22.78,Health & Beauty,Credit Card
06d90ad7-f0cd-411b-8dc6-2b3132fe42d8,6f2023e0-b08d-415e-938d-b2ab67b2742f,2023-09-12,70.09,Electronics,Bank Transfer
ab125c81-4129-466b-a8a4-f127fa73e694,7bc42632-a4d2-43c4-8c9b-53071edd21ed,2023-09-15,824.52,Home & Garden,Debit Card
74705e26-86f9-4ba5-ab58-f6dd42fa846b,7cb9b7fe-de83-43bc-b4ff-ccd20ac2404b,2023-06-14,580.67,Clothing,Debit Card
4c15fab5-9db0-45c1-84e1-ec0829328556,ee4ee422-ad71-4a6d-a549-d33955a97b1c,2022-11-02,356.71,Automotive,PayPal
652ab947-ceaa-421b-a529-3f61a886f179,6bf07c34-852e-49b3-94ce-e198d7a9fee5,2022-07-24,838.92,Electronics,Debit Card
7e98133e-29ac-443b-a139-91a28f510ce8,07926341-7e01-431e-90fb-51fe274379b2,2022-12-18,754.54,Home & Garden,Credit Card
43872b6a-ac3f-4119-9531-a148e6893eb3,f34c2e4c-44c9-4143-a535-d3816824f91f,2023-03-19,936.38,Uncategorized,Credit Card
404f9aca-5c0b-484f-a4ec-65ef1b401718,521904b2-fe3e-4564-be31-da4b1f91a93b,2022-12-01,791.83,Uncategorized,Credit Card
2f606b33-f0ec-4050-bdbc-0f6bbc2bbc86,02c9185a-eab2-434c-b627-9a5d3f2f0c2e,2024-05-01,522.5,Electronics,Credit Card
b83e1cca-2209-4309-b90a-b5b2a04e07e0,113b4da3-866d-4d35-9b31-fc0cf14c2698,2024-03-02,489.79,Home & Garden,PayPal
7ab5cb0d-4284-4b14-9414-dbba3b9c2e89,4c5b9f91-4967-4ffb-b348-bf22a69d9fac,2023-06-06,429.55,Home & Garden,Debit Card
3086bbcb-41c0-445c-bb8a-9ae2d41a307b,937132ca-52e5-45bc-8349-fca74ba85a10,2024-04-09,111.6,Home & Garden,PayPal
2f4b0e43-8c15-4ac9-ab73-085dbde5dc4f,bd88af35-9716-4e29-b8d0-0daa6d6dd660,2024-01-31,956.08,Clothing,Debit Card
db9c2206-4487-47e9-8fb0-0ddc81b7310c,0ec6d75e-957d-4e26-809e-492c4c345ede,2024-01-28,134.67,Home & Garden,PayPal
b1ae4855-52f8-4136-b380-9be5befecb89,ac423eda-877d-4b3b-8043-c674194ba982,2023-04-30,183.1,Electronics,PayPal
f315c602-fb32-40d2-a538-277d561bf342,525b24ab-798d-48a3-a0a6-f454e328b64d,2022-08-08,119.17,Clothing,PayPal
e42f4991-d951-4403-985c-c5633581c34c,0614f786-c68a-4a3c-8ca6-347c853b3029,2022-09-28,666.09,Clothing,Credit Card
28b0afc0-0a86-49fa-a9a8-be081b13a34e,4902de4a-fd6d-4f41-bfed-52bc29390a39,2022-07-07,153.74,Home & Garden,Debit Card
35434af3-775f-4360-82fb-972481aefd54,052309f4-2c40-4b45-8fba-812ab18440ad,2022-08-17,205.13,Automotive,Debit Card
961ea5d2-d165-46be-9e55-798607bc8177,e69a5b8b-4987-4673-9b29-17603021a358,2022-08-04,489.79,Electronics,PayPal
860003c0-809c-439e-b704-f8648809e396,07d01816-4380-433b-81a3-18e090b42baa,2023-11-17,837.52,Automotive,Debit Card
929e20a0-f1e7-4130-ba19-3a420f2311ac,cad41c36-b7c9-4821-9dbe-36cdbe937781,2023-11-25,952.56,Clothing,Credit Card
e54d1219-b6b3-4b5c-8b75-62f4148c23b6,87c70e36-683d-4cd3-ba3f-b0ab95fe793c,2023-11-07,182.41,Automotive,Credit Card
8b603757-5985-4f60-b23b-bd869fdc36b5,2432dff8-7d67-4b74-8cb6-84882cd418c5,2022-11-10,376.37,Automotive,Debit Card
46342d7b-d3bc-4f5a-b02e-3e6482a3beef,5cab9bc1-d258-48a8-8e1b-48d3893acf76,2023-05-28,489.79,Clothing,Credit Card
9c1d138d-5310-4088-baf5-d4204ff46bf8,e343c56a-5d0d-4868-88fb-b65b9dc0cce9,2022-09-20,296.63,Electronics,Debit Card
d351a939-0f64-41bb-91d3-5a90b091c928,19beb91b-a243-4ea4-b060-ec5ab72c8c40,2023-05-17,269.14,Automotive,PayPal
11bdcfa1-81f2-4380-a696-2404a30d98eb,327535ea-92dd-41f8-948f-902c6f33e3c6,2024-02-08,535.78,Home & Garden,Bank Transfer
78586d3b-92ef-43af-a075-0d31509b2844,d73b59dd-77f7-42c1-9713-5c94bd6529a1,2024-03-09,64.28,Electronics,Debit Card
aabb967f-0fac-406a-b5c5-ffb0480b80c5,8ff5d5b4-51a6-4ae0-a6ff-73b8faa113cd,2022-10-31,687.84,Home & Garden,Debit Card
ec42fc84-51a4-4f32-971a-132852d4fe36,45693aa1-8205-4a40-997a-64402741632b,2023-05-01,51.39,Clothing,Debit Card
295b1bb3-2f41-4bab-8d36-3fdbfa6d72b5,2f378897-1a17-4666-96a5-1af0693644cf,2023-09-02,743.15,Uncategorized,Debit Card
7d0dffb7-45b1-456f-b4fa-512b3d1ba9ce,de784b38-50b9-4cc0-b919-395195cae216,2022-11-08,489.79,Health & Beauty,Debit Card
13e694c9-f2e5-4136-ba96-5dec24916524,13db3f02-6422-4935-8979-519533a9edb5,2022-10-06,335.51,Uncategorized,Debit Card
066f3633-6af2-42a0-9678-862f00b57b78,3fde0082-d700-41ba-87fc-7c3d610baf01,2024-06-30,147.04,Clothing,PayPal
6534afd4-bd7d-4e8c-a2e2-2986fc764bed,eed391dd-9805-4afd-99d9-cc3dd538fb7f,2024-03-22,489.79,Uncategorized,Debit Card
cb656c11-db8b-423a-9b46-bf010b19cf01,b9b074ae-eed7-4676-b76a-f5e22eef5af0,2024-01-10,215.67,Clothing,Credit Card
c1805670-0d42-4583-bfda-646f85252829,a2b5e587-8d21-44fa-9cf7-7cf47f012c8b,2022-07-12,381.99,Home & Garden,Bank Transfer
446c2002-0e68-4461-b7ff-9fc9f7bafa98,afdde80a-d6a9-4944-9446-1c12f3715452,2022-08-01,514.41,Electronics,Debit Card
839d63cb-15d2-4fe1-890c-9943028eb8aa,1bc4976a-5c38-4260-adab-ed87de42269c,2023-03-19,887.39,Clothing,Credit Card
9423d089-86b6-4df7-a231-b9a7d06c43a5,e04d5029-68f7-4b83-9c1f-baddb1ef3776,2023-08-22,889.95,Home & Garden,Bank Transfer
47ceaec3-7419-4dbe-9206-8452b16bb61e,6a2ba938-f4c7-4439-9f41-72bba36df50e,2024-03-14,155.44,Automotive,PayPal
589eff22-1d5d-4138-8b42-ba0507aae51a,0f320b77-ff29-4c29-9a90-351bbbd13cac,2023-04-20,20.66,Automotive,PayPal
4ff95c54-74b0-4b1d-b479-3220626e4782,3ceae676-df4d-443c-be15-fc1e7840c780,2023-09-14,189.81,Electronics,Bank Transfer
6e24cce5-9d67-4e1e-8816-0b7f767f1362,ff58ba4d-dcb9-4bc9-b336-52cf43b9d98e,2024-04-15,85.05,Home & Garden,Debit Card
48313b18-ccdb-4946-b958-1ebfc92dcc2a,9a52fc5a-641e-42fe-8481-263c80b5f44c,2023-07-26,489.79,Clothing,Bank Transfer
7e98133e-29ac-443b-a139-91a28f510ce8,6db55c47-b805-412d-a1b1-97c9db7d2e94,2023-04-30,489.79,Home & Garden,Debit Card
71d8ab24-0827-437d-a3cb-0abf7a81061d,2a035130-690e-4713-bb6c-fc01b523d872,2024-03-12,763.57,Uncategorized,PayPal
36d99323-1a8b-45ed-bd7d-30b948e29684,b503f443-4bbd-4264-92d8-f30065e4b0fc,2023-10-18,657.5,Electronics,Credit Card
62a5ff3a-beb7-4c13-9c36-b5655a9f05b0,8a032e0e-a2a3-4b66-b7ce-f2c3ec8865e9,2023-12-06,218.07,Automotive,Bank Transfer
409c8d3d-63e6-4280-a699-91933c1eee73,999cb4db-92ba-4dba-9b6a-cf027a835f5d,2023-09-10,455.25,Electronics,Credit Card
6df49541-947f-4657-8ec6-6a1a5d6f033d,99eae3da-9d41-46d9-8e6d-dfaccc82bf57,2023-09-19,505.86,Home & Garden,Debit Card
1f36bdfc-db69-4416-a391-a94c6c088697,3845d70b-f2ce-4e19-8b96-8ee771b0bff2,2023-04-16,550.45,Health & Beauty,Credit Card
43d5ecb1-2850-45a0-b765-cec175e0030a,89989ae2-bad9-48cc-a52b-2e9d88e45c07,2023-05-02,489.79,Health & Beauty,Credit Card
e492b3f7-f74b-4ac1-9d04-2cfc9d9afc43,fa7af6f4-9b18-44ee-8a1d-3fa568a436e4,2024-04-22,386.22,Uncategorized,Bank Transfer
40f2fc46-f4cf-4987-ac84-73e500fcb521,81fb14c1-cfa5-4662-abfd-b4840e985c39,2023-10-20,75.65,Health & Beauty,Bank Transfer
7f010694-f12b-402f-bd02-6afa18b0fae1,91bc8dba-7cd0-45b6-ba14-151a3e1aa971,2023-11-28,489.79,Electronics,Debit Card
576fc0ef-5017-4d85-ba43-136e65f10a7f,257841ec-6dca-43bd-87a9-cfef27bf222f,2024-02-21,752.44,Clothing,PayPal
8743ef03-ec99-48dd-83d2-af2e56fd5ea7,98c542bb-2b55-4dd7-a8bd-4745c6ab0fe5,2024-04-02,117.17,Uncategorized,PayPal
d41924fe-fdfc-47f0-a907-f70153058d56,a0533d99-7681-492d-8412-59e808c0ada5,2022-10-31,135.38,Clothing,Credit Card
c74dc709-15bb-4652-9930-1c5f5897bfe3,7e0bcc90-e55e-4098-87ee-bd63a67ffc45,2023-02-08,553.61,Clothing,Credit Card
8ddf315b-2c2b-4768-a1b8-2836d9f9546b,bc72f478-ea3d-47c9-9295-1fa2281cbeb6,2022-11-11,900.5,Electronics,PayPal
b0099c65-5803-4c0e-9747-44f2ea1157cc,cf7e218f-b1b5-4b1f-95ef-f5cf46c469bb,2022-12-25,45.05,Clothing,Debit Card
e8cbd1fc-5d2d-472a-8c68-8283bb58c8ae,9fe8d305-18ac-4a4c-be4d-b28301fa5cc7,2023-06-08,93.86,Electronics,Bank Transfer
06d90ad7-f0cd-411b-8dc6-2b3132fe42d8,7c9aed83-5f90-402d-852d-f40d1f1462e7,2024-01-22,508.04,Automotive,PayPal
18e0f708-ed9b-4902-ad9d-968209ce021b,fb28d7c8-1ac5-4baf-a3d2-cc0688d76092,2023-08-07,141.8,Uncategorized,PayPal
931a1768-e5dc-48c9-b900-066b969dac47,bbec01c1-e2cb-4733-97a7-ae9bcf2c5a89,2024-04-06,907.65,Health & Beauty,Bank Transfer
a89a9ca8-afae-4f78-9dfe-514d9d8e5735,b2b153bc-c22c-43b5-a2d4-2142bac980dc,2023-12-12,782.61,Automotive,Credit Card
371788e8-cf8a-4694-84c9-2d34da4d6f8a,ecb9aebc-03c8-43f5-a692-2972fa76a6ab,2023-12-02,583.89,Clothing,Debit Card
a6cdffb1-b3cf-4aa3-af54-e42be3a8c260,95e55972-ff53-4e5d-80ca-61f74bd79ece,2024-05-11,489.79,Automotive,Debit Card
fd11859d-5449-40e1-9803-5825dd1b9853,534a0884-6383-4847-b136-8d8ab20007f4,2023-05-02,649.16,Automotive,Debit Card
454e8612-79c8-4ef6-96d8-c369d6f50825,e850c652-225f-44ec-a628-935f9ec30815,2023-04-19,984.45,Automotive,PayPal
60043349-aca0-4f92-987b-8888e8985f78,2cb6ce43-255e-461c-b5ce-3b9dc8881c6e,2024-02-17,563.7,Uncategorized,Credit Card
9ecddfde-5bba-42c0-b4a4-8eb1b8f87c17,d1417810-97fc-48a3-b9ce-a2d12a659d24,2023-04-19,578.72,Clothing,Bank Transfer
93542fd5-1481-4d68-a22a-21db8ec3ba55,e8a552d2-4afb-4a2e-a499-c95ecca99ef6,2024-01-17,177.32,Home & Garden,Bank Transfer
68a7281d-57f8-4132-b87e-140f8954d6e7,c5ca0705-5409-47a8-b96b-c945945fe1c0,2024-04-15,277.9,Home & Garden,Bank Transfer
29ce6245-1cd1-491d-a68c-33bd56b6bc16,1c552004-cb95-4777-8e84-5bf47623f795,2022-11-20,861.95,Electronics,Debit Card
0a8833e5-9e7f-4a7b-94a8-216a46821d46,ec7961fc-155b-4303-94c4-02b5a3e76b5b,2022-08-05,64.28,Automotive,Bank Transfer
8a6ac6de-96f0-4383-a87c-34d12e104bb8,32ce234a-8970-475c-a515-aa5934b7ba1d,2022-09-06,255.79,Automotive,PayPal
08878712-67d0-4938-a4e2-a2d06ce793ae,5a57370b-980e-4b54-a69c-b987e96b71f7,2023-11-10,339.42,Home & Garden,Bank Transfer
5ebdbaf2-bc96-47b8-beb7-20ff4c0497c3,27b314db-756f-42e0-90ce-25eac1e11b9c,2022-12-04,158.13,Clothing,Credit Card
40d70488-aa98-4c83-8e41-b30adb59c2a4,95e5385d-e952-4767-8f76-c34a0712cc93,2023-09-18,505.34,Health & Beauty,Bank Transfer
78eb8c8f-ce31-4585-8c1e-7bc7943f3707,225fb23b-fc17-4280-a317-3491b0a777a2,2023-12-30,632.13,Home & Garden,PayPal
bfe55c3b-668e-485d-9476-670acd50b12b,840df5b8-6b89-4cee-b22d-4cce864d24de,2023-03-18,489.79,Electronics,Credit Card
f8146100-569d-4cda-9d64-88c6ad98de5f,5b2a0ef6-b57b-4fb9-9965-e571ed81d881,2022-09-15,339.65,Clothing,Debit Card
a39d48bf-a98b-4846-924e-cf1c0c65bd63,50ae76da-0b0b-44a0-8f22-5cf765ed544e,2024-03-27,213.25,Health & Beauty,PayPal
7c8fb7af-ccb3-44ea-b6d7-b1f2dfecf6b5,2342cadc-7414-4419-bf1a-5b867e2cf0fb,2023-05-19,972.88,Clothing,Credit Card
f9b4b375-c0f6-4225-8419-4c1364fd2ac2,c7a866ca-bd9e-498b-bdd9-2fbd8cd912b6,2023-12-07,256.63,Electronics,PayPal
faa7e23f-e0c8-4181-b8a5-f1eeb8fa2000,922db2f5-9017-4d5d-a5c1-6d194654dc61,2022-12-28,955.82,Health & Beauty,PayPal
56058449-276a-417e-b6c6-f8853b1d2659,cf682587-8173-4d23-95d2-89524fb1f308,2022-07-04,305.75,Health & Beauty,Debit Card
93c1396a-90d5-4069-8e2d-255bf651d17f,5b123062-a451-4461-9feb-c3d7cb55764c,2022-09-07,489.79,Clothing,Debit Card
6d4be0cc-2b07-45f0-9111-bdb6a79f1656,274e90a3-9716-48b1-aa5e-2a8b0db8ecd0,2022-11-07,553.8,Health & Beauty,Debit Card
9e68d26c-7772-4fa8-a1f7-50c8c9c1db86,dfaefbe2-1417-4a90-8a6c-ba398233f6d9,2023-02-02,380.49,Health & Beauty,Debit Card
b57b9637-7237-4987-8eb4-a01f567d590f,19605c6d-eb32-4534-a221-d0942fee8bca,2022-09-01,489.79,Electronics,Debit Card
b46b45f2-bb07-435e-b5a8-0626db6f7a07,8a9eddbd-994f-460d-adbe-d3498676c57b,2023-09-07,963.3,Home & Garden,Bank Transfer
3ff32e3e-b551-46f9-9e3d-469a8a600c0b,6df231b0-9e14-4469-8a2a-5cebc224eef1,2023-11-25,592.76,Uncategorized,Bank Transfer
3fc8273c-1793-422e-b1b7-4f1217622e5c,1932e038-4ecd-4bf0-968a-e0055fde0c25,2023-01-30,623.72,Automotive,Debit Card
89432125-8fd0-4b2a-a3c6-4f2e6f8ddc64,fcc47844-ada2-4f09-aeda-0a5964bb2e0d,2023-06-08,482.88,Electronics,PayPal
45326d96-142a-4eef-8580-f2e3add19f91,41034501-67e7-4431-a29b-473e86e83dce,2024-04-22,550.61,Clothing,PayPal
31aaa228-98f0-473d-8ee8-9f66f1a7f2d7,e004b712-525b-49d7-8ca9-2ebbbc717a16,2022-08-15,264.58,Home & Garden,PayPal
59f8afe5-173b-4e52-b641-f98183f1a891,3121df10-58e5-4ed4-a05c-b1f12df6bcc7,2023-01-18,892.44,Home & Garden,Bank Transfer
9b8179f4-f187-4cfd-b12a-0c182539f178,18e1baba-6cb8-4350-b016-6f1a52fef5a4,2024-06-07,489.79,Clothing,Credit Card
7c6ce8db-8f07-4d62-881d-c014dfdbc0d9,de505b39-42b5-419c-8d1f-a2c5d4ac7a5d,2022-08-30,437.24,Clothing,Bank Transfer
71d8ab24-0827-437d-a3cb-0abf7a81061d,116ae767-13e4-4975-a5be-36b7dbab8c30,2023-08-01,186.9,Electronics,Debit Card
eebeecb0-6a24-488f-8f1b-b9b66e0652fc,d9df626b-a89e-4396-8c17-e0a5bac4bdd8,2022-12-05,489.79,Clothing,Debit Card
9d3466b1-8bcf-430e-a4f9-6a0bad8d296d,d3072c9e-5ffa-419b-9681-d80b2e27c4e7,2023-04-24,999.56,Health & Beauty,Debit Card
30ac13c2-740f-4650-a33b-2fe3c5a6adc2,d672072f-b899-4a3f-a619-afbbf6bd0002,2024-01-20,489.79,Clothing,PayPal
9c0749f2-1449-4541-8113-7b1696f50c6b,20ddfd37-03a2-4445-a5c9-4540fdba6577,2024-01-19,221.52,Automotive,Debit Card
5e51120b-310f-42c1-a0ba-6a8f96b44dbd,880bf28a-1da4-4984-a516-042120eeb9bf,2023-02-06,370.6,Health & Beauty,Credit Card
7cbf20c0-8406-45ad-bdb3-869a4004b9a0,611b3248-7be5-406e-9223-3f0261066f7f,2023-07-24,253.81,Health & Beauty,Debit Card
a7e27157-14db-4596-8c76-2e9aaf7b34cd,721b78f9-f3a9-441d-b7a6-ef66c1b36241,2022-11-17,388.5,Electronics,Debit Card
0ade20e2-a4ff-40d2-b1b2-b8a04ee94c35,75a4544d-fdd0-4185-9662-c48728e92529,2024-05-16,794.92,Electronics,Debit Card
3c7fde22-eebd-4669-860a-e4b5574e4158,5df5836a-b49b-4e5d-9da3-f713f2c4adb7,2024-01-06,215.13,Clothing,Bank Transfer
0d6a0c4a-8e36-498c-9695-0e4fcbc19ad5,9915a889-512b-4137-a621-e81505126565,2024-04-07,747.52,Electronics,Credit Card
4946e458-8116-457e-9d62-c452df28a1a9,5616138a-a202-4858-bf3f-167a161fafd6,2024-01-01,360.48,Electronics,Bank Transfer
c849d8b0-2b3a-414b-842f-3f4c8bd24004,361c5e81-87d9-4eba-a2fb-4600ff24e255,2023-08-11,224.28,Electronics,Debit Card
3152d2c4-69d8-4986-9a29-5fecd49149b5,97589daa-eaa1-45e3-a690-d6ece10c2deb,2022-12-31,613.17,Automotive,PayPal
f1f5c413-2160-4dac-97e1-be254637d804,7ec07242-d2c2-42da-bd68-2f8a44834c56,2022-10-03,408.7,Automotive,Credit Card
648c38d5-0bc0-4236-a9fe-4e8f0ff96fa7,0bd12c2c-4a5a-4260-8f9a-ea21c2d4bf06,2023-10-21,607.58,Electronics,Bank Transfer
d968cee0-3524-42d4-a0f7-5fe6e8284890,e2273516-8218-40e5-bf53-2754a6a5e980,2024-03-09,489.79,Uncategorized,Credit Card
57d07b58-1c57-4f29-a180-459d7928dfc0,85346ede-434c-45f1-b0f1-356a753d2616,2022-08-23,517.0,Health & Beauty,Debit Card
7ab5cb0d-4284-4b14-9414-dbba3b9c2e89,4358b433-7028-4ba7-be4c-214cf581886d,2023-04-11,325.87,Automotive,Credit Card
7e3a1e49-a8dc-4164-8f93-041c4b4785e9,a4d322e0-6db9-4355-9a88-3b504679eefa,2024-04-03,861.96,Electronics,Bank Transfer
e4316b43-c66b-44e1-8f0e-a0bb4ff9ed26,62d848aa-eef3-49d7-be4d-7f7530111222,2023-01-09,386.37,Health & Beauty,PayPal
113007f8-af2b-4c35-8396-b01ba2f41762,7b498b5c-ad15-4379-b5d9-51071a5c7643,2022-11-02,979.19,Home & Garden,Debit Card
bbf7c36f-3745-4d3a-9e33-f927c2755f65,750b3d56-d87d-4d38-a25e-ff5a9a49c6eb,2022-07-19,597.91,Clothing,PayPal
7d1f2bbc-8d16-4fbc-9b37-ece3324e8ed4,1c31455b-ee29-430d-b9c8-171ee90f90ba,2024-05-22,733.46,Automotive,PayPal
3c7fde22-eebd-4669-860a-e4b5574e4158,d921c932-1d49-4ca1-874d-ee01efb9c082,2023-09-22,829.25,Uncategorized,PayPal
46244fc9-7e26-4c15-bf13-c8f8064b2601,f437911a-0918-4392-9925-d0fcd2e9d2b9,2024-02-08,367.99,Uncategorized,PayPal
a64f3f8a-fcf3-4c3f-a8df-0abfbb05ac11,8f96d40d-74a1-46d2-80f7-bad58dc2e852,2023-07-17,452.29,Home & Garden,Debit Card
db18bd1b-8476-4835-81ac-5328b72d473f,df680483-11a7-4f71-9f18-9487edd973c4,2022-10-11,867.86,Automotive,PayPal
7eb7f7df-9b0a-416a-829e-bcf4d8bd57dc,1286a4e2-68bf-4ca0-8c7b-facd2338fc85,2022-09-06,36.05,Home & Garden,PayPal
8ef6a6a9-a258-4948-ac08-e9c96ddf947b,d5dcc5e1-124d-42af-9da9-5513ec4f7c1f,2023-02-07,915.93,Home & Garden,PayPal
10bf4b6a-7435-4251-9b86-01d9c4b75a3c,f70ce9e1-b946-443c-bd72-e42103389ef5,2023-10-30,271.97,Electronics,Credit Card
a319acae-e640-4d21-8215-b5b0eac9c64b,b2f7566e-b9fe-471c-9806-7b51483c864f,2022-09-28,746.63,Clothing,PayPal
23d4097a-48ee-4b31-b34a-8c14273ed91f,38a994bb-035d-4bcc-ac2d-1276fcc678d0,2023-01-12,238.42,Health & Beauty,Credit Card
f447245d-7239-4808-974c-7fd358f61c2c,d22f0060-f434-421e-a340-82775774ea3b,2022-10-18,578.79,Health & Beauty,PayPal
a19141a4-b574-4bdc-a9b4-c05e8b2519f7,6dcd005e-c996-40bc-a065-9a8badaa5ba9,2023-05-21,534.03,Home & Garden,Credit Card
5d4c3d12-098f-4672-aa0c-2972d9a84c82,89ca3df4-5432-4c76-8bd4-f2dbb9e36d6e,2023-08-25,338.53,Home & Garden,Bank Transfer
04ebb683-0818-4b58-a724-8cd1c7114830,116ba68a-f292-4931-86ac-6ae087305e50,2023-03-21,489.79,Automotive,Debit Card
40b91e2f-7da8-48ea-97ec-f623cd22268f,752a2a16-1bf2-4137-9c1f-75978e21da63,2023-04-12,784.42,Home & Garden,PayPal
46244fc9-7e26-4c15-bf13-c8f8064b2601,2a0391f6-e814-4e3e-9ae4-cdb26fd63470,2024-02-15,591.22,Health & Beauty,Debit Card
a319acae-e640-4d21-8215-b5b0eac9c64b,16970d97-6447-4c7a-a069-872968985cc5,2022-09-01,44.37,Health & Beauty,Bank Transfer
bbe76a26-234f-4a70-b71f-fa9b183f6353,fb413983-8eea-4332-800c-aff45052cf16,2023-10-14,830.87,Health & Beauty,PayPal
8ad8003f-aa9d-4b7b-84f5-1913e2660e5d,1d6b663b-3788-45f7-b5b8-2b14a2459745,2022-10-09,473.65,Home & Garden,Credit Card
711fde27-bf68-4832-9b43-00eb954b13b5,9e2f79c7-6a2a-47d3-9657-af098333e5e7,2023-12-05,179.58,Clothing,PayPal
b5915b1d-08f4-449d-a4c1-a7786309a084,3c1e9acd-9f3b-45de-ad00-f8f266b7afdb,2024-06-08,545.5,Uncategorized,Credit Card
a3bb452e-6a1c-41ee-a2c1-0c3556751726,73f0a1d1-b2f2-48b7-9365-63d4588171f4,2024-05-02,482.63,Automotive,PayPal
f35c6e3f-2fac-4b7a-b713-863a0a37160c,e2d7a068-e92e-407a-8d48-4cf8da4a4c2c,2024-03-12,-100.0,Health & Beauty,PayPal
8b01dabe-8fbe-46b0-8684-d7cc59a613ba,53cb322a-5d48-45ff-a626-9d231134017a,2022-09-23,412.91,Automotive,PayPal
74335a51-6283-4262-b8a5-c72d988f3007,88dfe7a8-0ba1-40f6-8d3b-efe5968268bb,2023-01-11,242.13,Clothing,Debit Card
5dfe3352-ee78-4510-a968-9aba1dd940a2,82b0e122-26b0-4fac-bd49-ac407646b718,2023-07-22,75.86,Health & Beauty,Bank Transfer
cdd1c800-e04b-4df9-8682-c3207861cee4,c33d49f3-3f50-4081-880b-65ecaeee7360,2024-03-25,943.04,Health & Beauty,PayPal
d60227d4-2d7b-48dd-9d91-44365360dd82,b0cd6206-3611-4b1b-b4fd-eed3849cc6bd,2024-03-24,0.0,Health & Beauty,PayPal
7e5e582c-3e2d-443e-a06a-05085c8b8759,22e86519-fbc3-423f-83c9-2d1e8a41a467,2023-11-14,211.52,Automotive,Bank Transfer
e2cbdbed-02ab-4081-822a-e970794e5aa0,94cdc351-73b4-4ff4-9c56-a2bdb1fabdcc,2024-05-04,121.02,Electronics,Debit Card
f3c5ed90-b092-407b-b79d-de8893ed319d,c84bd74c-e509-470c-a52a-3ff5c14ff6e6,2023-05-09,497.49,Health & Beauty,Bank Transfer
839d63cb-15d2-4fe1-890c-9943028eb8aa,f0f435d2-cea9-4c53-a1b5-5cb1a006fcfe,2022-12-13,802.52,Health & Beauty,Credit Card
cb92abec-3e14-4c2d-b8a7-265082126081,13b8346a-73ab-4000-8874-0d6d42673779,2024-01-05,458.74,Automotive,Bank Transfer
39c6e7d2-6c4b-44c0-8961-ddc1ecbdb0c6,c21c0e1a-1de1-484d-a811-f7edab468bef,2022-12-10,760.45,Electronics,Debit Card
9110b6df-2a4c-4404-aeff-3c8b4c83279f,1722e359-71b2-4c35-84cd-9cc3ef96b3e1,2022-11-25,114.03,Automotive,Credit Card
ea1d9b0e-9f4a-4105-aa9c-14308856de89,a148d337-54af-4925-97d9-e788b8c23770,2023-05-08,952.98,Clothing,Bank Transfer
69b50dbe-3286-401f-abdf-65d98281db68,d5ad1f20-525b-450f-b39a-06fba118218b,2024-01-24,95.07,Health & Beauty,Credit Card
a3bb452e-6a1c-41ee-a2c1-0c3556751726,1b84844a-ff73-4875-a6d3-ed513d503a4a,2022-10-27,288.84,Health & Beauty,PayPal
2ae65f5f-e0e7-4e93-bde5-f8cf2f1430cd,512ab86b-1514-4178-9151-2c097dd018e5,2023-07-02,59.79,Health & Beauty,PayPal
686db601-0d7e-47bb-b291-bafccdd88579,c0af6999-56ba-4dd9-b16e-e8282784f9e5,2024-06-15,489.79,Health & Beauty,Credit Card
d2e3d880-ad46-4673-a37b-53e0a6c436bf,2a014050-c4f5-4cb0-9923-0bc789932416,2024-04-28,554.68,Automotive,Bank Transfer
851911c8-6d3f-4a7f-b70c-9b93057d9f94,43a660ee-5179-4be3-bbfa-77cbe3baf452,2023-07-12,10.14,Automotive,Debit Card
bf0ab935-f8a4-4d18-894c-bbd1d776a07d,c437076b-5d82-4ee6-95f8-e779a97f8f0f,2023-12-21,489.79,Automotive,Debit Card
e2b61ce8-65cb-437f-a370-4feef6395a80,96be372f-b8d0-4cdd-a394-772b08269e37,2023-03-11,489.79,Clothing,Credit Card
0d27aeb2-f8d0-4221-a74f-17f02a290943,4a5f2b0c-e0cc-4c9a-b021-104eda26d86f,2023-09-16,393.39,Health & Beauty,PayPal
04a4a077-7839-48fb-b33d-50d81f4c1184,2dfff2d9-e2a6-4bf8-bb63-482974c367fb,2022-10-12,499.38,Home & Garden,PayPal
46402a3a-4a33-4677-9540-3043a4fffe14,85525c4e-d4e1-48b6-865b-a69595a2e875,2023-06-01,150.72,Uncategorized,Debit Card
015006df-480b-4c0d-9a6a-550691817c48,59624c48-19b4-4ddd-b6e4-033681b2dd0e,2024-03-23,986.3,Health & Beauty,Credit Card
958e5c8d-48ca-42dd-bb71-a766a374233a,c77de88d-6cee-4f97-8aef-c1bb78bb83d5,2022-09-21,150.0,Electronics,Credit Card
cd945724-5b93-44bc-8921-ad0c41af8ec1,64034a63-1f8a-4425-bf4d-31aca5e9cda1,2022-07-25,167.35,Health & Beauty,Credit Card
9560ed71-7a04-4cd9-a576-b622c5690487,fbff80f4-b622-412f-9eb4-4ae34f30af08,2023-11-11,138.11,Home & Garden,Bank Transfer
50e95716-c5de-400c-b5cc-2b6566b7c931,0d237ded-ec3c-431d-8e5b-b5d45141901e,2023-10-24,84.3,Electronics,Credit Card
073c6562-9889-4347-9102-98422192068a,7b2f9457-6458-4bd0-b0a4-20a339670bdd,2024-02-07,963.8,Home & Garden,PayPal
cb01f3d4-94bf-42b0-8f3a-32209f715b1c,b4a5dcda-c2d0-4853-8db3-400127521eb4,2024-05-10,856.12,Electronics,Debit Card
253fa70f-a41b-40c0-8958-37f3b5e204e0,2aaa4bf2-eed8-4056-9790-d41088cf923f,2024-04-09,209.13,Automotive,Credit Card
f84dbd5b-2a2a-43b9-95e7-79d4c354cf81,3b97fe99-0eb9-4134-a0e9-9753891d8544,2024-01-23,915.54,Electronics,Debit Card
066f3633-6af2-42a0-9678-862f00b57b78,7ef39c89-67e4-4e1e-b15e-84232a816085,2023-09-29,511.08,Electronics,Bank Transfer
70a64f68-8300-40b7-9d3e-932bf73ba7e1,3d3f4b5f-c9cb-4417-8b2e-b12b03e96f98,2024-03-06,489.79,Home & Garden,Credit Card
5713cca9-0ee4-45ef-a550-5edba478b94c,0caa0adb-6f7a-466d-9f15-06a821cdf240,2024-06-26,489.79,Home & Garden,Debit Card
896ecf15-219a-4a9d-bbeb-0aeb2d0f7dc9,4e14711a-f5ed-4a08-9eee-8422f40e923c,2024-05-21,91.15,Health & Beauty,Debit Card
f295375f-e649-4961-9cd1-6104411c00c8,9ba0619b-8b4c-4c06-951e-06d4dd08746c,2023-10-14,309.28,Health & Beauty,Bank Transfer
6db65a3a-70f8-469b-9583-f804b7c5b0c3,7ff3044c-a217-4ef1-935c-a77eb95466f8,2023-05-13,670.25,Health & Beauty,PayPal
00a9563c-fec7-4b5d-87a2-d59406006a29,7e6908b0-5c46-45c8-9698-16dea235e25c,2024-01-08,237.67,Health & Beauty,Bank Transfer
a57a6e90-d751-466f-8d73-6f7f800ccc27,e9dada65-c311-45e1-9376-0af670f25a29,2024-05-08,248.44,Clothing,Credit Card
79800b63-a83d-4f32-9654-a869ca5b5ca8,f18ee37b-28e3-41a9-8f92-473478795e4b,2022-07-15,452.76,Clothing,Bank Transfer
10b5f508-60ed-4894-9d2d-f0150493849f,8371bf58-69bb-4880-b4fb-5f23ce1f567b,2023-07-01,842.3,Home & Garden,Bank Transfer
8f4bfd5c-d32d-49bb-a995-7535553847cf,353bce84-6f13-4cb4-9ef4-c287772674a8,2023-05-30,489.79,Automotive,Bank Transfer
037ea182-19f8-4f85-a87f-e9775b11d3d2,32ee3cf6-4a90-4d13-b647-20927c814023,2024-01-12,809.93,Health & Beauty,PayPal
b66e378c-6f1f-405c-a4d9-5da8cdb1faf3,9bd4f92c-baa1-4c72-a4a9-3c04800b3398,2023-03-04,85.06,Clothing,Bank Transfer
8f440758-f8ac-44ee-9f83-51d9bde6d101,54cb5321-9afb-407c-954f-df1eba983cbe,2023-05-31,489.79,Health & Beauty,PayPal
cb0a2640-ca08-4221-a20a-6fa05b58af18,65805b21-2a1b-40cb-b804-cecb377dccf9,2023-12-03,131.56,Home & Garden,Debit Card
0d27aeb2-f8d0-4221-a74f-17f02a290943,11a56389-8274-47d1-9e13-cccb94f7add8,2024-01-09,37.46,Health & Beauty,Debit Card
2f06ee05-aa32-4c21-a686-fe74584a6beb,9b29bda8-c7eb-4758-bbd0-43fecac195a4,2022-12-21,493.15,Clothing,Credit Card
b92224a4-fa0d-4e99-ab1a-9f76360a4e33,722bae71-6e51-4600-8527-195c173f07f1,2023-04-07,542.86,Electronics,Bank Transfer
b836eea2-4914-429c-af83-8f51b24a8a5b,81a89887-5f36-43da-8162-f22a13da49c9,2023-01-02,738.04,Home & Garden,PayPal
04a4a077-7839-48fb-b33d-50d81f4c1184,8d408fd7-7416-45ca-9cae-c3cbd4fdf5cb,2023-05-08,309.22,Home & Garden,Bank Transfer
0a21cfa0-fa4d-45f6-8236-4995799bc0cc,47d2119f-5aad-43f2-afbc-8d69eb13cb83,2023-06-11,737.73,Uncategorized,Bank Transfer
79800b63-a83d-4f32-9654-a869ca5b5ca8,867053ca-4ab1-46be-a5b5-0c9ce2fa96e1,2024-02-04,160.3,Health & Beauty,Bank Transfer
f53ca52e-ad0e-49c5-84c4-25c8be29ceff,9aebb6e8-9a93-47c8-8144-e4df48444b47,2024-03-20,47.98,Home & Garden,Debit Card
d2ed05d6-7d58-4b3a-b9d8-4916af54bc85,c5c8c9fb-f32d-43d1-a721-46d79c195334,2023-03-23,716.6,Electronics,PayPal
f6cab49a-a8b5-42a8-92be-42e200212268,393c38af-718f-4bac-8705-27af0b8a7bed,2024-01-08,231.42,Automotive,PayPal
13c73f2c-056e-40c6-a61f-97d5790c504a,4b54595a-f0aa-4365-96b6-527e56f5e784,2024-04-16,300.09,Clothing,Bank Transfer
06af0246-5f53-45f4-997e-bf42706b11d7,e5c35334-bfe4-467a-930f-1b16ecff23e5,2023-08-17,635.7,Automotive,PayPal
8f6a81be-9729-49b5-bc93-4ab9d3c5f6b3,1f723229-1eea-43c4-9bd7-9354c8738bd9,2024-06-02,191.64,Automotive,Debit Card
19b49713-09a6-48a7-a032-8c2a0cc3812e,d1ed0dca-c50a-43c2-ac8d-9ca8c32ed87f,2024-05-13,199.48,Electronics,Debit Card
d443aa55-3036-4b8b-a38a-5306f05bbe89,f83ae107-516f-4b2e-b261-9a5275d6262d,2023-12-11,458.76,Health & Beauty,Bank Transfer
32ac26c6-b07d-4ac9-b659-f36459af6337,e4221a5d-928b-4623-a209-6b1346a40947,2023-11-17,112.84,Health & Beauty,Debit Card
2da6af33-03ca-4206-9735-eaa16ed458d9,83885afa-7306-440f-8137-0ba49bddde0a,2024-03-02,420.05,Home & Garden,Credit Card
00d4fbfe-5ce0-4d87-a307-b15801d1373e,6d082e28-60f6-4317-8ccc-fa82362e622b,2023-07-01,361.4,Electronics,Credit Card
f0b50780-920a-4030-b0ef-b9789bb689d3,46b52efe-1ea7-49e2-81d2-cf9824de1b31,2023-11-28,529.7,Automotive,PayPal
cb92abec-3e14-4c2d-b8a7-265082126081,229cd6bb-8be5-416d-92b5-26bf56e74755,2022-12-02,327.37,Clothing,Debit Card
bed6aaf5-80ce-41d2-b91b-11e7e3726d22,10fa21fb-60a0-4a0b-9a50-bca7abdc6b44,2022-11-30,782.56,Electronics,Bank Transfer
0fa8e686-b82b-419b-9f9e-fb274a3c4f87,b5530685-63e4-4bfd-b301-f7f700a3270c,2022-09-23,122.36,Health & Beauty,PayPal
0c68dabb-b818-43bf-96de-e0b384ace943,4d825c6f-f193-44d9-8866-8473309a84b3,2022-12-14,983.4,Automotive,Debit Card
ebae3bd0-ff1e-43a5-856d-bc85eebf9057,90dd5e7c-2f58-496f-b7ab-b1e7373c4a09,2022-10-07,489.79,Clothing,Bank Transfer
30dc519a-a52c-465c-8678-8110e7bd13ed,4cdf525b-2953-473d-b329-5bf8fa744039,2024-04-16,833.53,Clothing,Bank Transfer
f843cc6e-c50f-439c-a21d-041b211c07a9,0494c9e0-e61f-4b28-8a7d-15688ec483b2,2023-03-16,256.89,Electronics,Credit Card
2be2a985-68f6-42b1-95a8-768c5c661980,08668f3e-f4d0-4925-9b9e-f775ca2e4e3f,2023-02-17,157.05,Electronics,Debit Card
42d3c5b0-ec77-4567-b66c-449783077049,a3fdb23b-3d31-444b-bad4-614baed19a23,2023-03-01,743.0,Home & Garden,Bank Transfer
8d58b37a-8c7a-4359-bc29-50d097b24de1,8abe2362-ff10-422e-ad0c-e708ffbb7102,2023-02-10,489.79,Electronics,Bank Transfer
ee462937-e0c4-42bd-a4ef-7df8946ba9f7,faec0ecf-a0d4-411e-8be8-998002ce7e5e,2022-11-06,23.25,Health & Beauty,Debit Card
6fa9f01c-09f8-44fd-8e18-51ca4f3921bf,a81383a0-7d0c-497b-8a9a-d1bb02adb18e,2022-09-06,489.79,Clothing,PayPal
b7b84b81-c61b-4f23-b3db-b18010484122,9c0ab9c8-c15d-42c6-b344-15ac23755cdb,2023-12-05,772.27,Health & Beauty,PayPal
e4e86de7-3972-407e-9a7d-66b34a347463,97f97b72-24e0-4202-a010-9e248ef92725,2023-09-21,489.79,Health & Beauty,Credit Card
32c30314-8914-4cdc-8dbf-3101b123784c,55d6aa6c-d6d9-4252-8fe8-5d4b7b9cfc54,2023-12-26,292.39,Clothing,Debit Card
b0e547f6-b969-4908-b977-c64793686f9e,005f3482-754d-42fa-b715-bdf59db76a22,2024-04-12,489.79,Clothing,Bank Transfer
7fa1d4e1-e465-4d23-82c8-c096f58fb5ed,2d2b7edf-d53d-41e4-bd8b-b7a546002e95,2022-07-09,0.0,Home & Garden,Bank Transfer
167f3b4b-5ad6-4fe0-a51d-8f1c52cbee27,64b60afb-2c36-45be-b62a-7f471fef2077,2024-01-07,71.07,Electronics,Debit Card
152fca0f-9095-4702-a079-a6a39a1ae04c,7961f74a-b3ea-49e3-aa13-e55f3ef41d71,2024-01-14,279.53,Uncategorized,Debit Card
e7c7f991-9b89-485f-b2e1-216ac5c661a0,5e0e3958-fcf9-40ed-9a90-0f0920c244aa,2022-12-18,993.24,Health & Beauty,Bank Transfer
a94e3f55-2f0e-432e-8706-9815c4371376,b4a98e4d-c0ab-4282-99a9-3d909befd473,2023-04-06,309.7,Automotive,PayPal
6c0b47c9-e467-433d-a0f1-9a6fe8adcd38,8c2bbc45-1053-42de-9310-b8343d696e6c,2024-04-10,206.5,Health & Beauty,PayPal
778da54b-8f96-4609-a21b-bba3d7f071ea,022cfd97-a8e8-4e50-8700-2720d52bfd75,2022-08-23,489.79,Health & Beauty,PayPal
24b043e8-6fca-4d86-95a8-837e0ca09072,dc9453eb-3922-4a5f-91c0-ccb226ca91f7,2023-06-01,-100.0,Health & Beauty,Debit Card
b94b3531-591d-445c-b282-dcacb0baca5b,27fb25aa-f148-423f-967c-4d1764e26b29,2024-04-18,-100.0,Automotive,Credit Card
1ffded5f-b38d-45b7-943d-4100779c3599,6c2c5c2b-7601-41dc-9f56-4009de6f3cea,2023-05-10,591.61,Clothing,Debit Card
a9af986b-d677-421a-81df-3d289ce9e38f,5f93f1dc-0363-4e69-979b-f5d58fd42658,2023-09-30,-100.0,Uncategorized,Bank Transfer
e7cf6999-b4ec-4ce4-bb09-bfd18d61d933,2e0b66a9-af5d-4cf9-bb60-55ab2932edee,2023-05-10,-100.0,Electronics,Bank Transfer
321acf6c-c401-4f7b-9835-bfb7cd5e48ff,62186b07-9cda-44c5-bf76-bdb0f97aaf39,2023-02-04,489.79,Home & Garden,Bank Transfer
4aab54a1-b555-48ec-9b0f-0e87abdcc45b,7202af3a-448f-4970-9674-40f736cfdfde,2024-03-27,634.41,Uncategorized,PayPal
f05ec030-ac96-417d-a73c-e3ca3adc1a30,f39c8b1d-595a-4656-8108-25981bf3fa14,2024-03-05,252.7,Electronics,Debit Card
8de3d5b9-1f1a-4bd7-b242-6cb09d7f3609,5fca256b-cd5a-48fa-8b07-37f39adde8c9,2023-05-17,-100.0,Clothing,Bank Transfer
086370e7-8884-47d7-89b0-776401a43e1c,652636b6-5c72-44e1-aefb-6adce412ee75,2023-12-05,974.25,Electronics,Debit Card
7c7df909-aa25-48c7-af9d-6ebe714b28b6,eb26a4f4-5af2-4e25-b1f2-fd0de5583f7b,2022-08-10,50.07,Automotive,Bank Transfer
79fc606a-c02c-4c39-b065-3e88a59b366c,7fbe5cc4-a35e-4e8e-89d7-7b439659b9f6,2022-07-20,272.68,Clothing,Debit Card
6a84f1a7-f636-4300-bd8d-c7f888460829,185ee140-348a-4461-bd40-07a7e8535815,2023-10-09,0.0,Health & Beauty,PayPal
3ea377e6-1156-457e-8b4e-71fa6663e6bf,c751a808-ed8d-44d0-8c52-8253ad564c9a,2023-09-22,-100.0,Health & Beauty,Credit Card
