CustomerID,Age,Gender,Location,IncomeLevel,SignupDate
9207fa75-5758-48d1-94ad-19c041e0520f,51,Female,Jensenberg,Low,2022-11-17
c139496e-cc89-498a-bd90-1fb4627b6cff,37,Male,Lake Jennifertown,Uncategorized,2021-01-01
50118139-7264-428f-81cc-a25fddc5d6dd,44,Male,Port Carl,Medium,2024-06-10
7d1f2bbc-8d16-4fbc-9b37-ece3324e8ed4,50,Female,Jessebury,High,2023-08-24
2de49c7c-32ae-4ba8-b058-622a090d7094,53,Female,Emilyville,Low,2022-02-13
8602d631-457c-49c1-8b59-8efb2a4448d4,51,Male,East Keithville,High,2022-04-17
56f11a95-76f1-4a97-b38f-db1dc95da1ed,59,Female,East Nathan,Medium,2020-01-02
3f520998-2bc4-4f38-af82-5ab2de339984,59,Female,Smithside,High,2023-10-06
b2f4c25e-be11-4912-9d14-5c288616e56e,29,Male,South Timothyhaven,High,2023-07-09
8de7560f-370d-4cfd-8135-20a3de237264,31,Female,Colemanstad,Low,2020-12-01
fcb513ca-6a74-4745-b855-6cc3e891cc02,53,Female,East Stuart,Medium,2022-01-09
9fc2bfa2-6dd0-4557-883b-18c88361a277,24,Female,North Kelly,Medium,2023-06-09
30ac13c2-740f-4650-a33b-2fe3c5a6adc2,49,Male,Morenoville,Low,2020-09-19
981deb70-b1e1-4d06-a2b3-489bec80c7e9,29,Male,Robertborough,Low,2023-12-16
8704391b-7a78-454a-a257-cefaa907d324,65,Male,Sherryborough,High,2022-10-02
2577a150-d45a-4a04-b9e5-312e050d6f68,45,Male,Port Scott,High,2023-02-23
2fa0a6aa-a9cc-46ad-b567-e26976a98234,53,Male,Gonzalezshire,High,2022-08-06
23b3aa96-cec0-4964-8176-98ce984158a8,64,Female,West Pamborough,Low,2020-01-30
45fd78bb-ce7d-49b2-a43f-c418abc621d7,52,Male,East Tonya,Medium,2023-07-30
c56a1423-e1b0-45c1-974a-55f5fa029c88,61,Male,South Kim,Medium,2022-08-13
ef562111-91d8-47bc-a2b1-d6622604fd3d,61,Female,Loganbury,Low,2020-10-05
24c99886-9e2e-4b95-a28d-6a809ddf8447,47,Male,South Rachelview,Low,2021-10-15
88c11bb5-495a-4fa4-9dca-ba16c044b52f,29,Male,Cruzville,Uncategorized,2022-01-03
249a52ef-4f20-4035-ade0-4855537d75a2,25,Female,Port Dillonstad,Uncategorized,2021-08-11
b79b5054-0141-4007-8a24-fca072355faf,18,Female,East Samanthaview,High,2020-04-07
62a8fa58-109b-4f81-a035-ba7ce2b39f38,19,Male,New Margaret,Low,2023-04-15
0cdab4e0-134c-41c2-b737-34b1bab1a96a,70,Female,Amandaburgh,Low,2019-08-16
36bc83c7-adc6-45b8-960d-685e9d19661e,32,Female,New Annafort,Medium,2020-01-21
f06d1c8c-b764-4881-945e-580ba05f4e7f,23,Male,Cervantesbury,Low,2021-06-08
96a87ecb-2f53-4c22-8507-13c3cfd6d85a,40,Male,North Christopher,Medium,2019-09-26
be148fdc-ceb4-4b47-9f09-219b96803d11,63,Male,West Edwardhaven,Medium,2024-05-04
bd2ce275-8d35-4a95-8812-2e012d3ece09,44,Female,Scottside,Medium,2022-11-20
3151b4f8-afe8-405a-b152-aa1cc8616f05,64,Male,East Brianfort,Low,2024-02-06
703ac047-6c29-4d13-8ab3-373a4df6c98c,54,Female,Duranchester,Low,2023-10-20
2f3e0093-5f1f-493e-abc3-80fb29363656,68,Female,North Luke,High,2020-09-24
013c4cd9-1d0f-4004-8772-065ab426d105,39,Male,South Jamesburgh,Medium,2022-08-24
7ab3863d-017c-4f63-93a2-4728b714a8fd,33,Male,North Leslie,Low,2022-04-03
b6af124a-7396-46fb-b57e-bea31cd86b5c,51,Female,East Joshua,Low,2021-04-28
d91e9fd4-1922-4b2c-b958-0401ebbc6e48,52,Female,East Katie,Low,2021-10-26
ea3a479e-5284-4aac-9486-036c404ecdb5,64,Female,Mariaside,High,2023-11-03
d20f21c5-a3c3-40c6-8451-9869c58a48c0,63,Male,Harrisburgh,Low,2020-08-06
c9f831b4-43cf-4ed9-9b47-09542e239c70,53,Female,East Ryanbury,Medium,2023-10-12
987f285b-7246-48bb-a73d-d48bfcb97bcd,68,Male,Lake Stephanie,Medium,2024-06-07
348c5ab5-992d-4780-ba71-d1a5e3818191,46,Female,New Jesseside,Low,2023-09-24
42d3c5b0-ec77-4567-b66c-449783077049,65,Female,Kristopherfort,High,2022-09-22
230c7314-8729-4043-a486-7b0110e235b1,46,Male,East Michael,High,2019-08-22
51011001-3f94-45eb-9456-27bb4754f2f5,68,Male,Lake Nathan,High,2021-08-04
9ece1b55-20b8-4d22-9d6a-bd54a7374e5b,25,Female,Jennifermouth,Low,2019-10-24
4b54cb6f-865e-486f-ae13-f963b85c54fb,58,Female,Jeremyberg,Low,2023-09-17
e8a5fdb8-fcd9-450c-9635-e376266c8bcf,48,Female,Robinburgh,High,2024-06-08
5bd86a09-03ee-4de7-bb87-7411f34e19cb,22,Male,Jeanville,Uncategorized,2023-10-23
f381038c-b3ed-4561-84b1-0f60d4afb6c9,39,Male,New Diana,Uncategorized,2023-05-12
f43422cc-a731-4574-a05d-9adf4dd4bea4,54,Female,Huberfurt,Low,2023-01-03
92a23695-98ec-457e-906c-b6627ef55b45,28,Female,Lake Cameron,Low,2020-10-28
6fd7c547-70cf-41a8-b6b4-07a1d66f80ff,39,Female,Lake Allisonmouth,High,2020-10-21
30dc519a-a52c-465c-8678-8110e7bd13ed,37,Male,Port Brandonmouth,High,2022-08-20
c30de55f-687c-46f5-bbd2-a9e73d2d138d,44,Male,Harringtontown,Medium,2023-07-07
a4c9847c-dd0b-4b8d-83a8-c59968f274d7,19,Female,Christopherhaven,High,2021-02-12
d6d22cf1-649a-4b97-9a9b-8ebc1ebe89c9,34,Female,Wilkersonbury,High,2023-07-10
e8cbd1fc-5d2d-472a-8c68-8283bb58c8ae,26,Male,Latoyaville,Low,2019-12-23
2a8b0748-3a77-47ec-a6e9-c8c191b39d62,64,Male,Amyside,Medium,2022-07-11
b26cfb17-237a-4b24-978e-b2afa4e3d741,23,Male,New Edwin,Medium,2023-10-18
cea94c78-1035-424f-b9e4-b1411222814b,48,Male,Collinsberg,Low,2021-11-12
afc2a89b-0b66-4b13-83d0-54cc54e5dae0,36,Female,Jacobview,High,2021-09-27
f7df3c81-3e6b-43c8-ae1c-c7b51cfcf21a,21,Male,South Julia,Medium,2022-12-10
a9afbefb-532c-4572-94ab-257bdbd4ca08,54,Female,Cynthiafort,High,2019-10-18
05abacfa-de8a-4606-a35d-7487ed7554c7,56,Female,South Tammy,Medium,2023-01-22
c8fd7478-dd48-479d-a9a7-1cf0e94ecbc3,62,Male,Adamsshire,Low,2023-02-10
b3f61584-004b-49fb-a843-fa05c119beea,25,Female,Richardchester,Low,2022-12-28
f2ae0761-35fa-44a8-ac81-e607e89611ef,31,Male,Stevenfurt,Medium,2024-05-01
8a34badc-d3bc-464a-8687-d6bd3bb08215,67,Female,New Russell,High,2020-09-22
9915aa87-c969-460b-844c-f57548662f88,53,Female,Jackmouth,Medium,2022-02-21
fa51f8d8-92c4-4b55-b33d-dc7f1eae4792,27,Female,Calebstad,High,2019-07-06
c3575491-5c91-4a46-a63b-506bc3395c62,50,Female,Port Timothyfort,Medium,2022-01-17
2ab68bd2-8796-475c-ac9b-835e790ea9dd,54,Female,Port Ashley,Medium,2023-01-24
cc5da89b-c295-41c3-b27d-c759cca78ba8,33,Female,New Stephenside,Medium,2024-01-12
796a8711-1b1d-4557-a933-57aeb0dd9e95,44,Female,Mendozaton,Medium,2020-08-14
9f110be6-2f67-4e3a-9e4d-a30319dba9da,62,Male,South Christine,Low,2022-05-25
589eff22-1d5d-4138-8b42-ba0507aae51a,45,Male,Port Bradleyland,Uncategorized,2022-11-20
94c4f2d1-5f8b-4d82-9fb0-f1953ae4e597,46,Female,New David,Medium,2024-02-17
1d26411f-e5b9-40b0-8082-7e069a926f9c,19,Male,New Virginiachester,Medium,2020-11-30
13ac9037-7cc4-4585-8329-34a338044f38,52,Male,Port Troy,High,2021-01-31
3c0eae54-dde8-4291-95d3-f8dfb98c475a,62,Female,Williamshaven,High,2022-02-10
74335a51-6283-4262-b8a5-c72d988f3007,56,Female,East Zacharyville,Low,2019-09-17
8f4bfd5c-d32d-49bb-a995-7535553847cf,64,Male,New Dianatown,High,2020-02-04
6631a889-65d2-4588-9ed7-850c8b216f6d,22,Female,Warrenburgh,High,2021-03-26
c3a3cdb4-7e4f-4017-a8bf-5f329b6938c8,52,Female,Port Sheryl,Low,2020-08-04
51bdd78c-efe1-46e6-8155-fb9677e935aa,40,Female,West Whitneymouth,Medium,2022-11-04
31659ac0-47ae-49b1-9aa7-c208ed21336b,36,Male,Knappland,Low,2023-10-13
b7b84b81-c61b-4f23-b3db-b18010484122,52,Male,East Cynthiafort,Low,2020-02-21
409d7d69-e0b1-4493-8b23-100fb9518966,64,Female,Bradleyborough,Low,2023-03-11
1ec9eb96-4175-4c16-8477-4a6357f4e000,40,Male,Webbfurt,High,2020-11-23
fc0c6daa-182e-431a-bfe6-bad99168e08d,26,Female,North Justin,High,2021-12-27
f4274d3a-db95-4b02-b4cc-2b414f25d80d,46,Male,Annaport,Medium,2020-08-20
997e4ef9-2383-4063-ae49-4ea64716769e,48,Female,Christineberg,Medium,2021-10-29
72ef323a-1608-4a07-ad39-af7daf0b4b08,25,Female,Samuelside,Low,2022-03-26
fd03f67e-520f-4c52-a55b-66ec6d737026,55,Male,New Benjaminton,Medium,2024-06-01
6e1feeab-c26b-4462-ae4c-77ff8d6e5b35,27,Female,Lanestad,Low,2022-05-10
fd35b6b4-ad1c-49cc-9c34-8c2d696f38e2,42,Male,Karenbury,Low,2024-04-14
86e19319-72e1-4870-bba8-51c3dd201268,39,Male,Tinaland,Uncategorized,2024-06-29
9af03c6f-88de-4f43-9bc1-445104c6894b,65,Male,Jeffreyberg,Medium,2023-12-01
697c8e16-03a9-40f0-99f7-eddc12cc7f04,49,Female,North Marcohaven,Medium,2020-05-19
ed27f98c-9eb0-400a-94dd-227a49b0597f,20,Male,Rothbury,High,2019-10-30
febc5ef6-d9f5-459d-b7ef-40fdb9c2588b,70,Female,East Brittany,Low,2022-01-10
b97bca7b-b634-4655-8c86-3cfb1ee68329,50,Female,New Veronica,High,2019-12-24
643a2d7f-c241-487f-9a9a-07f06f0d681c,18,Male,East Charlesfurt,Medium,2023-09-15
c5cc364c-0373-4aec-b421-e5e10f91791f,25,Female,East Luis,Low,2020-02-08
0ebe1d89-92e8-4ff6-8442-0e28d99b3a6a,35,Female,New Jennifer,Medium,2020-08-27
6b18200b-0867-4746-887c-ce48371e772a,36,Male,Wongville,Medium,2022-08-27
31ee738e-ae09-45fa-847f-a017bf06dae7,62,Female,Jennifershire,Low,2022-02-04
086370e7-8884-47d7-89b0-776401a43e1c,53,Female,Port Jesseside,Medium,2024-04-19
e3be4c5e-f099-4612-a352-7d95ba9b1099,27,Female,West Richard,Uncategorized,2020-05-29
b1e89604-77b2-41a8-aff6-d61a8f06e5d5,43,Female,Karenton,High,2021-05-16
142d2fe3-3958-433b-a163-3899040ab178,35,Male,Port Michelle,Medium,2022-03-29
b78629a8-24f1-431b-aa26-e20ccd256af4,51,Female,Huntborough,Uncategorized,2022-09-30
3cd2663d-689b-438a-bcf1-47a311955e35,32,Female,Owensfort,Medium,2022-02-16
eab87908-af4d-46ef-b39f-4b1ec9d59980,39,Female,North Larry,Medium,2021-06-09
c2fe7e28-037e-4cea-822f-1a067e6d4ce3,60,Female,New Gavinhaven,High,2020-04-11
28097c07-e810-4e64-8eae-bff2abd81bc1,26,Female,Lake David,High,2021-02-12
c584f7db-9f8c-4012-b52e-089eadc9fde3,67,Female,Stephensonmouth,High,2022-02-27
6007c09a-d082-4218-9cdd-087ec3d24dec,43,Female,Garciaton,High,2019-08-16
acf61979-471d-4d03-99cf-bdd3668261a6,59,Female,North Elizabeth,Low,2021-12-29
afc2cf41-aacb-482c-a3f0-2f68035c44f7,57,Male,Allenchester,Low,2023-04-06
6bc3aaad-57cc-4fae-b57f-18faa88ce95b,61,Male,West Randall,Low,2019-11-08
401302a0-2748-49f3-bf78-d778d21d4cc7,23,Female,Vasquezburgh,Medium,2020-08-15
2d18e68b-8e15-4bea-9e3d-bc7e7797724d,19,Female,Laurenville,High,2020-03-16
4ad318fa-7d5a-4d6c-8106-09e5a8618a6c,64,Female,Port Larrychester,Medium,2019-09-19
66e01489-30f2-4461-bd51-1a6713c7634b,39,Female,Lauriehaven,Low,2020-06-25
55628222-182b-42a2-b37f-325d789530f3,66,Male,Silvaville,High,2024-05-02
ae075979-b98f-46bf-bd3b-cc75f7216c3c,57,Female,New Joel,Low,2024-01-14
bbf7c36f-3745-4d3a-9e33-f927c2755f65,45,Female,Roberttown,Medium,2019-07-07
2353e631-3267-4287-aae4-4e05b71a0bb1,28,Female,Benjaminborough,Low,2019-07-26
18963973-89cc-4431-accb-330847c9d548,51,Female,Port Maryland,Medium,2021-11-02
eb404291-dab0-4733-b0e2-00676e7678a1,64,Male,Wilsonton,Medium,2023-06-07
872782ff-e097-4d0e-92bf-0fc07f391905,29,Male,Lake Cherylbury,High,2023-03-02
fe3b0536-0a29-4ef4-a8bb-6fbc3171d44f,59,Female,East Nathantown,High,2022-04-14
2da3a384-4f08-4048-871b-a1acfe7d7c59,70,Male,East Kimberly,High,2019-09-07
b50a3503-2898-453b-92cb-248ea177dffb,29,Female,Georgehaven,Medium,2019-12-24
31aaa228-98f0-473d-8ee8-9f66f1a7f2d7,69,Female,North Sarahfort,Low,2024-01-16
f9ab3c05-425f-4739-8e23-5197e518e250,33,Female,Andrewville,Medium,2023-02-18
1cb3b94e-a27e-43d4-9438-f6a889623d0f,55,Female,North Mikefurt,Medium,2023-09-19
f102f93b-f32c-41d3-adcc-25e02a67c34f,49,Female,Meganstad,High,2020-01-26
6b2f8f03-ab9e-48a6-a07e-10e794b04fe0,65,Male,Lake Karen,Low,2023-04-04
576d68cf-0bd0-40a8-8710-eee2c706f81e,42,Female,West Cynthiamouth,High,2020-06-30
e4f5c19b-60e0-4e10-9735-88d05adf0667,67,Male,Melissaborough,Low,2023-06-16
87a3e2eb-e4e0-42fb-8efe-b2076bc86ad7,30,Male,Kingberg,Medium,2023-09-04
14ae708b-187e-4848-8371-b452194722af,67,Female,Perrystad,Low,2024-06-20
df02206f-1c15-4d49-9a7d-0ff4026a8d44,44,Male,Joeview,Low,2024-02-01
dfc7e609-6b6f-4007-8305-6ebce3f35d7f,62,Male,Williamfurt,Low,2022-01-20
2529044c-e151-4f75-ac8f-ad9febf25ac5,53,Male,Jessicachester,High,2019-07-27
1eea3d52-fd1a-403e-8e70-7919dca848ee,51,Female,East Keith,High,2020-11-25
6a4fcf07-d4f6-44cf-9d47-ddae1917f808,42,Male,Baileyberg,High,2022-05-26
4c95e2ed-ec52-41cd-8258-01910de21d71,70,Male,East Michaelville,Low,2024-06-03
4045223b-67b5-44b7-a1fd-81f5c181ffd1,36,Female,Hernandezton,Medium,2022-06-22
c83975c7-77b5-4f08-ab0c-c6350eb0a7dd,45,Female,Lake Laura,Uncategorized,2023-12-06
d628f478-28c1-4d09-b926-8d586d8dea98,44,Male,South Carol,High,2020-10-04
edbc4b21-e53a-4f7c-bf1f-7dc9f9557ca5,27,Female,Davidfort,High,2023-12-13
e090aa28-e78f-4052-99f9-29ba5260652a,41,Male,Davisside,Uncategorized,2020-05-03
54b3556e-e480-41a2-9dcd-7da1d91655aa,57,Male,East Betty,Medium,2024-06-08
5736efce-e87a-4e6d-a7b0-803d8aea3c75,51,Male,Stephaniemouth,Medium,2020-01-24
62f37d97-41b6-4fe3-90de-0608c41ab069,50,Male,Waynechester,Low,2021-03-22
768b95d6-378c-462e-8d70-22c41d6c65bf,39,Male,Marshalltown,Medium,2021-08-30
3375b9af-aba4-4db6-9b17-4785756b4287,54,Male,Port Charleston,Low,2020-01-19
860003c0-809c-439e-b704-f8648809e396,56,Male,West Nathanport,High,2020-03-03
f295375f-e649-4961-9cd1-6104411c00c8,70,Female,North Alicia,Low,2021-10-27
d6fe4961-6886-49c3-b6be-07bab52aa19f,51,Male,Jenniferview,Low,2020-04-16
32e4c60a-8175-452c-8a6d-fa40f06e738d,51,Male,New Jeremyside,Low,2023-11-03
592c60d1-2f03-42d4-aa26-ca11f9fd0e0f,56,Male,New James,Low,2020-09-22
896a48cf-7ab6-41a8-ac94-9d7f6c211c01,56,Female,Andreaburgh,Low,2021-07-14
1e2be761-bca8-4962-a270-7fc433d2179e,68,Female,East Ericmouth,Low,2023-11-26
fe6695c3-4115-4558-8a69-c23c0e13f383,69,Male,East Tonyburgh,Medium,2020-10-08
feb00455-3007-4164-9921-682fa5352ec4,19,Female,Johnsonborough,Low,2021-09-06
ba7bec5f-29d6-4c9b-8a13-9370b6bddae9,33,Male,West Melissatown,Uncategorized,2020-03-20
a5e3f473-4157-4b7e-8377-05720206d7a7,19,Female,East Charles,Medium,2020-02-15
a523b30b-f05c-4704-b3b6-e36c4e637440,35,Female,Port Brandonstad,High,2024-03-15
2d9979c1-ec25-42b8-a9ce-dd6661524b50,30,Female,New Kelly,Medium,2023-03-21
11015464-f408-48d3-91b9-4d7c3de1f494,36,Female,Christinaburgh,High,2022-10-04
7b43965a-ab47-41b0-901b-aaf7ca8896ce,36,Female,East Donna,High,2021-12-04
c680c6e8-2bc5-44a0-a713-98fe776bebc2,45,Female,South Kelly,Medium,2019-10-10
f7457808-4b20-4939-b451-5ebf933c98c0,49,Female,Hurleyfort,High,2021-06-14
048d842d-c2a9-4daf-b710-b1af8becefbf,51,Male,Charlesborough,High,2019-12-03
1861b233-7abc-4e26-9aef-481ee3da9ae1,29,Female,Paynechester,Medium,2021-04-12
6e24cce5-9d67-4e1e-8816-0b7f767f1362,36,Female,New Crystalberg,High,2019-07-31
992bfbf0-9fcc-4fad-9efc-767f55dd26ae,26,Male,North James,Low,2022-01-14
b72f2a59-aab0-447d-bb31-9bdc1405cc72,34,Female,West Jason,High,2024-06-10
e21ba358-f629-4922-8cbe-0cf613e036e2,54,Male,Lake Kariville,Medium,2022-03-21
91ad2b3a-d2fe-4146-a0ae-cdcea44622c9,43,Female,West Jennifershire,Medium,2019-07-25
cb8f9257-d8ad-4751-998d-40e56cfe17e4,41,Female,New Shannon,High,2022-07-28
299beb50-d10d-461f-bdd5-4083a4e3cc9b,28,Female,North Kristintown,Uncategorized,2022-01-31
63016b6a-014a-4d31-8177-4704794a2b6e,32,Male,Lesterborough,Medium,2023-05-25
867a7900-eb5c-46ed-9ee9-28df1abf184c,32,Male,Lake Melissahaven,Medium,2023-09-24
e8960cfa-6e94-4260-8a99-74188b90a1fa,44,Female,Sandraview,High,2019-10-06
06125b2b-549c-4bee-9724-c03f0aa58dbb,43,Male,Stewartport,High,2023-03-03
190600fc-e1b7-47b0-9cee-37de2d9a8ddd,41,Male,East Katieborough,Uncategorized,2023-12-15
c2c93273-8204-4385-8dd5-a277dc51989f,64,Male,Bradleyfurt,Medium,2020-06-18
cb01f3d4-94bf-42b0-8f3a-32209f715b1c,60,Female,Fullerhaven,Low,2021-11-22
d2c44a3f-8094-4a89-aa38-1c49a82f41ae,58,Female,Port Jerry,Medium,2021-11-11
b52e202d-5f0c-4e59-9c36-38260ed82e29,43,Male,Bakertown,High,2019-12-18
c085dc18-db0c-42ea-ae6e-0b3839bdd767,34,Female,Kennedymouth,Low,2021-02-05
597f2463-8973-4fa8-9710-7683cb399bf8,69,Male,North David,High,2021-01-11
b12c84ec-8291-4fa9-8688-b3a8e0bfbd1a,63,Female,Kellyfurt,Medium,2024-01-11
e5d3b19d-e899-4694-aac3-705696a235e3,37,Female,South Pamela,Low,2021-03-18
97245577-2a94-4929-be69-e2dafa5af66d,46,Female,Jenniferberg,Low,2019-09-02
e7eb8a7a-5c2b-4b0d-9783-eaef25a5cd27,59,Female,Port Daniel,Low,2021-12-09
31e73aba-0e0a-489a-a00a-478f5d6b7006,47,Female,West Scott,Uncategorized,2020-11-15
6f822fa2-fe63-4c4b-9948-7ecbfe600173,27,Female,Matthewchester,Low,2022-06-27
b7cf7756-cd20-4de2-b150-c473112da343,25,Female,Davisshire,Uncategorized,2019-12-27
7315305d-90e4-43bb-867b-d8d077229147,34,Male,South Susanbury,Medium,2024-06-08
72622d98-45f7-4977-b6b9-052494b2d929,27,Male,Lewisfort,Medium,2023-04-13
26ffdfbc-43b8-4a9b-b23d-0e029dbbeea1,26,Male,Lake Ashleyberg,Uncategorized,2022-11-13
da355e21-5fb0-4778-839f-50853e76b07b,32,Female,Grantfort,Uncategorized,2022-09-15
1f5a4d3c-f269-45a8-942d-d7ef186af88b,56,Male,Port Justinberg,Medium,2023-08-20
60b7c12a-bddd-4d1f-8abb-cbdeed74fea0,58,Male,Collinsside,Low,2022-01-19
b9011312-139f-4533-ac2a-21e67a22e8cf,58,Male,Pierceberg,High,2020-07-09
e84f46dc-1d0e-4031-a4f6-2a6f46514fa6,49,Male,Samuelshire,Medium,2023-09-02
acf47c33-118a-4844-84f5-6c5834568e66,64,Male,Lake Victoria,High,2019-07-22
7fa1d4e1-e465-4d23-82c8-c096f58fb5ed,32,Male,Port William,Low,2024-01-29
ed46f0b3-870a-41c4-b2c2-6a47937d394e,34,Male,West Billy,High,2020-06-23
7f010694-f12b-402f-bd02-6afa18b0fae1,40,Male,Port Tiffanyport,High,2021-05-30
ab0ff3f2-c413-41cd-a69d-9ec090b6739b,65,Male,Lake Jocelynchester,Low,2024-06-24
d79f6ce9-0373-42e3-a016-984ba61188ce,40,Female,Amyhaven,High,2022-08-03
58bb7212-6403-401a-8c51-ba0f6bae7eea,23,Male,New Lisa,Medium,2024-01-01
39c6e7d2-6c4b-44c0-8961-ddc1ecbdb0c6,70,Male,Andrewsmouth,Low,2023-02-28
f9e210c2-0090-42fd-9d80-8f5ab0267c32,23,Male,Port Rebeccaville,Low,2022-05-03
ce88db51-39aa-4149-8ee6-d6063d12768f,39,Male,Lake Jennifer,Low,2022-07-14
a35ec295-0d3b-45d6-b610-26fd4125b314,42,Female,Danielleberg,Low,2020-09-21
b2ef78d6-e56a-4084-b072-c5104448b76e,30,Male,East Sabrinafurt,Low,2024-03-28
8a5849f2-1fcb-44c7-a90f-e16023c0465e,48,Male,Port David,High,2022-02-07
479399de-abf8-41c7-9568-e82c741e7bff,46,Female,Port Roberto,High,2021-01-25
e66af974-8c25-44b9-af2e-d200074e6625,27,Male,Rodriguezmouth,High,2022-03-17
7d0dffb7-45b1-456f-b4fa-512b3d1ba9ce,67,Female,East Samantha,Low,2023-06-24
2e0c9398-4399-4363-b1c6-d8bcde053c2c,58,Male,Jonestown,High,2023-12-07
6d9b7c15-f813-4be6-8071-815990189894,30,Female,Torresview,Uncategorized,2019-08-13
3c14e099-dc0a-4772-ae2d-524e33d81033,20,Female,New Billyview,Low,2020-10-03
5e2d6375-1d4a-46a3-9b9a-85b3462f804c,51,Female,East Geraldstad,High,2021-01-18
31d58284-4bff-4b53-b5bd-f447e8518a5f,34,Female,North Sabrinaberg,High,2022-07-26
78002a64-8a6e-4d61-80a9-1bbf4c41ae76,46,Male,Port Holly,Low,2020-12-28
e765708f-a16d-48fe-a26b-72146bc740f4,45,Female,Lake Michele,Uncategorized,2021-11-28
cee4a7d9-9c36-46ac-aafe-522d8fc50282,23,Female,West Dylan,Low,2019-08-23
40f2fc46-f4cf-4987-ac84-73e500fcb521,49,Male,New Chelsea,Low,2019-08-30
321acf6c-c401-4f7b-9835-bfb7cd5e48ff,64,Male,Mooreville,Medium,2023-09-05
e0c22681-cabd-41e3-9ac2-286209d232f9,38,Male,East Deborah,Medium,2020-05-22
f6cc6186-5ab4-4a50-9513-a5f1104bd599,49,Female,Riverahaven,High,2021-02-17
85963f9b-be81-4c3f-a518-40caed1973e7,65,Male,Martinberg,High,2020-12-06
70b70bf3-205e-4992-a88c-02bf2ed1471f,21,Female,Bradleyborough,Medium,2020-06-05
f0ca9fb6-ad3f-4cbd-a3ce-aed1b70c5542,28,Male,Deborahtown,Medium,2021-05-25
1e9e7dcb-e612-46d3-bae6-0c2f47fa0220,44,Female,Brianmouth,Medium,2022-07-28
f3860788-84c6-42c7-8431-02cefd4dfb93,37,Female,New Robin,Low,2020-02-16
91214d6a-4b1f-4500-a478-415aa3f0742d,36,Male,Jasonborough,Medium,2020-11-15
41d08007-2bf4-470f-ad2d-97a972abced6,52,Female,South Melissa,High,2021-02-23
d0aa2f39-2e86-4fb8-b742-0e8888599284,25,Female,Lake William,Medium,2021-03-02
8de3d5b9-1f1a-4bd7-b242-6cb09d7f3609,52,Male,Atkinsonburgh,Low,2023-10-27
d055a815-fbf5-4346-b3ff-4d875edaaba1,32,Female,Lake Tracey,Uncategorized,2019-10-20
dc00bb3c-1afb-4a12-b61b-a2ddeef1e370,52,Female,East Julie,Uncategorized,2022-11-07
3330dbb6-1b22-4fe5-a4b5-0e5ce39d8591,50,Male,Stevensonview,Low,2020-08-21
d9b9723a-3f5d-4ed4-bcd5-68bccf69338b,53,Male,West Jacobland,High,2024-02-01
68b5a27d-980f-409d-9b64-acc242c86f8e,48,Male,West Annstad,High,2023-12-23
3d5b5810-b1fc-4606-b550-2d04d6abab5f,20,Female,North Samanthahaven,High,2024-05-01
8d807538-5767-461a-a074-542002142cc7,25,Male,Lopezside,Medium,2022-05-25
dd6bdc9d-cac1-47ac-9fd9-3282443f0c08,60,Female,West Joshualand,High,2020-05-19
70094f12-4aa0-47b5-89bb-809b7c091507,59,Male,Jasonmouth,Low,2024-06-07
2a61ddd6-e8be-4d46-923e-3a7bc0bf905c,29,Female,Brentburgh,High,2020-01-08
23d4097a-48ee-4b31-b34a-8c14273ed91f,53,Female,Lake Rebeccaview,Medium,2024-01-04
1d5d2c59-f092-48ce-a2cd-168199412a6c,69,Female,Leonardfort,Medium,2020-04-13
a5e02710-f26b-4273-b340-f67961873073,51,Male,East Michellemouth,Medium,2023-09-19
541ecfee-22bb-4358-9f01-d5d372dc49e3,48,Female,Turnerton,Low,2021-12-01
a1dd4810-7ae3-4502-8130-deb98f8cbe3a,51,Female,West Michelle,Medium,2022-08-30
de765812-6f23-4059-94db-2805a34f44fd,28,Female,North John,High,2022-02-22
92f5c8ee-b86f-4c32-8231-c639c30d3400,47,Female,East Johnshire,High,2024-06-21
42f77824-a944-4471-836f-345ff12517bd,20,Male,Grahamfort,Medium,2023-06-26
cd733ffe-4726-4d32-b2a8-06a86d0dfa20,55,Female,West Valerie,Low,2023-04-18
d98a5116-3836-43d6-bb54-ffef96f9fd00,42,Male,New Alex,Low,2023-05-29
f4b595a5-26a8-4c67-b12c-4f722194fe27,63,Male,Robinsonview,Uncategorized,2024-05-21
482528d8-d038-4d7d-a27d-dac5effcd9e0,26,Female,West Julieburgh,Low,2024-05-12
486368bc-7b67-4f28-91a2-bd5c85b1f8f6,55,Female,East Michelle,Low,2020-08-27
22b21e10-1132-449f-a2b9-61ebf725f800,55,Male,Christopherland,Medium,2023-12-23
97ef797e-2a0b-48d8-8e49-5d90cab7274a,70,Female,North Stephen,Low,2019-08-17
a14c5d2f-87d8-4caf-b91e-ab6865872c37,44,Male,West Brandon,Low,2021-03-21
84db5b8d-acf1-47fb-b3aa-100b30fd99fe,20,Male,East Crystalshire,Medium,2020-07-26
868a390d-9cf4-4a35-b48c-4d2db6412b96,64,Female,South Kenneth,High,2020-09-17
587f0de4-1254-4ad6-9567-af6745c960b6,21,Female,Dawsonstad,High,2020-01-10
29e33b63-81fe-4687-a132-06d0a5e6668c,67,Male,Nicholsfort,High,2020-05-06
cdd71e46-7539-41af-b9d5-6758abdfa2e6,65,Male,Port Gabriellaburgh,Medium,2023-12-15
4ece241c-935a-4380-bda6-715cbae36f17,51,Female,New Glenn,Low,2022-08-17
0633d4dd-14d7-4462-b210-59de9d63bef5,35,Female,Cindyton,Low,2019-08-03
66515d36-ce81-4765-b76c-9ee0eeb66c98,49,Female,Markchester,Uncategorized,2022-10-21
3eaec2e6-d21c-4010-8584-273db02aa365,44,Male,North Michael,Uncategorized,2023-08-07
9f6b9ab6-1055-4a20-912e-23adb444695c,38,Male,Randallland,Medium,2020-04-03
78398c08-0a87-42a8-ac95-167e0d000f48,27,Female,East Kevin,High,2021-06-06
89d0e857-3132-4296-a528-a51fdac714f4,57,Male,Lake Melissaberg,Low,2022-12-19
0ed582bd-7083-41e1-8d85-5b0baed9d5c4,22,Male,Port Oliviafurt,Low,2022-01-02
5df6565b-75c4-4064-b0ce-cd524980b947,49,Female,New Amandahaven,Medium,2020-03-16
175ccf1f-45a2-46eb-bf56-8dba3bfb2523,46,Female,West Nathan,High,2024-04-25
8543ced3-b2b8-45d6-8f42-f66dd94c1685,69,Male,Jacobchester,Medium,2020-01-17
7ae84dc5-3dee-4566-84a9-1820bdae61e4,46,Male,Port Michael,Low,2022-10-29
6e6d3ec8-c559-4a2e-8776-bce30df9d14e,44,Male,Carolynville,High,2023-05-25
9866b7ec-4394-4a83-b3d2-b56182c0758b,55,Female,North Jenniferview,Low,2021-11-26
848f7178-b94b-4d8e-8baa-6a3886828887,27,Male,West Tonyastad,Medium,2023-10-11
b8a3bca9-79e2-4a99-96be-f23108c05f00,66,Male,Duncanside,Low,2022-04-24
4deac5c0-5e2e-4794-9978-f25be68734a7,19,Male,West Chad,High,2021-02-08
6e623356-5088-4f02-afdd-dbe6bd948d8c,60,Male,Jameston,Medium,2024-04-01
3c3d88d5-93b9-45c3-aac4-f43ac0dcf27d,26,Male,Elliottburgh,Medium,2020-12-16
52aafd4c-f409-4dac-a4d3-92d3d40b2f06,32,Male,Nicholasport,Low,2023-12-13
c1f1c099-93ad-4f01-839a-7c72c07db3f7,34,Female,Lake Davidmouth,Low,2021-06-26
07f8f7be-d915-4e08-9c0d-250646b1c200,19,Male,Lucasberg,High,2022-03-23
85ff0b6b-f0d4-4ac3-9eb4-063941a9396a,37,Male,Perezville,Uncategorized,2022-01-26
c6253172-8dc9-4c82-8816-9d2740b0e3b8,58,Female,Mitchellfurt,Low,2022-06-18
46342d7b-d3bc-4f5a-b02e-3e6482a3beef,62,Male,Joannaburgh,Medium,2020-07-05
e9275385-a9af-4f34-8b10-2ec5d18636a9,21,Female,Priceborough,High,2024-06-09
709c87f5-082b-4b18-a197-0d7d4e1588e3,63,Male,New Christopherville,Medium,2023-04-26
5d6d2580-5c52-4659-9001-60b251e5f66c,38,Female,New Ryanmouth,Low,2021-09-05
f6db05bc-e9ff-454c-983c-fc4a7fd13323,43,Male,Port Carrie,Uncategorized,2024-06-24
0d1d1b53-3a9d-4be9-9857-371dc98aba1e,57,Female,New Tylerfurt,Low,2024-06-12
9e438f09-ec06-42e1-8c45-25063e2429aa,57,Female,Shawnview,High,2021-04-27
5a162c3a-fd9d-4781-91c6-eb6e390313c0,62,Female,Lisachester,Low,2022-09-29
a18647cb-a525-4f32-b871-2cc8a4789c3d,57,Male,New Morganchester,High,2019-08-02
5db2e5ed-d30c-45db-b5f1-9db8008e178b,29,Female,Schultzview,Uncategorized,2020-08-12
d8f8d8c7-8fe5-4e85-8a70-7d087722f40f,23,Male,North Donna,Low,2020-08-24
23222ac5-f9b0-4eb9-928f-2c17cac9ffbc,53,Male,Gregoryfurt,Uncategorized,2024-05-10
0fa8e686-b82b-419b-9f9e-fb274a3c4f87,31,Male,Grayberg,High,2020-05-08
0f5a8d28-2ddd-497a-a2e0-74a80c165a91,46,Female,Josephburgh,Low,2020-11-27
2ae65f5f-e0e7-4e93-bde5-f8cf2f1430cd,60,Male,West Roberthaven,Medium,2021-03-29
eafd973d-da9b-4561-85f0-b4ebfc3b2a0f,60,Female,Danielton,Low,2024-02-21
ee972091-d003-40cf-a3db-0e629d3c316e,26,Male,East Bruceton,Low,2020-01-28
23b20ba3-dc64-48b2-9263-391c044bfe4f,42,Female,West Grantfort,Medium,2019-12-16
dcd697ea-d0fd-4482-b17a-369ada8463b3,61,Male,Wilsonmouth,Uncategorized,2021-05-03
08dd80d5-e63f-4618-be5f-161de25625a8,28,Male,South Stephenville,Low,2024-06-07
96f0eb54-ca26-4ec6-b15e-2d1263d5a701,21,Female,North Andreberg,Uncategorized,2019-12-17
347222c1-9766-4ae8-9263-4e509359b409,38,Female,West Richardbury,Low,2021-06-27
369d3b9f-54b4-44ac-8284-b6af32aec1c0,32,Male,Washingtonchester,Low,2023-11-30
1fbbc3ad-d48f-4e64-9ef7-4e58277af29a,60,Male,West Jasonview,High,2024-04-20
d7960ed9-0372-4cb8-ba98-9cf4d88bca25,24,Female,Michaelside,Low,2023-04-18
f808e889-308c-4356-a639-281ef3820b50,65,Male,South Connor,Uncategorized,2021-04-22
277d7dde-f587-4238-93da-37c90ea570ab,33,Male,Smithland,Low,2020-11-28
7982720f-fa58-47f3-b9cd-bdfd800d14e3,70,Male,Shawnland,Low,2023-02-12
d7d9c224-efe1-4050-be7c-2729eac7c68c,25,Male,Nataliefurt,Uncategorized,2020-02-05
e19d1d97-ddb5-4b83-9fb3-032002b4a639,35,Female,East Danaburgh,High,2023-05-28
486f7fed-3cd9-4fb4-8860-d4a2bbba8ab7,19,Male,New Chadchester,Low,2022-03-20
984d1ffa-8789-44f8-9a59-3c82e4d1d9c4,61,Female,West Kathleenland,High,2024-01-15
ae015f1f-3f42-4cba-96ce-13e797004986,70,Female,Port Anitabury,Medium,2021-09-30
38d9b383-17dc-41b5-886b-f318487d67a4,57,Female,Nicholebury,Medium,2021-04-04
29ce6245-1cd1-491d-a68c-33bd56b6bc16,63,Male,Mendozaton,Medium,2019-12-17
956b0b69-cb66-41c7-8c6d-773ff9e3793b,40,Female,Masseyland,Medium,2021-10-05
32ba4f7e-71b6-4524-91f6-86028c5abfb8,60,Female,West Stephanieberg,Low,2021-10-15
c26a36a7-c23f-4d97-813a-8fefe5de2454,45,Male,West Joshua,Medium,2020-08-20
7880b7a8-d348-4a4a-b939-6e6285a9d85c,68,Male,North Jennifer,Medium,2024-05-21
af1f4b8e-5593-438f-8562-62e7ea6cf8fb,68,Male,New Stephanie,High,2022-08-05
cf93db25-321f-4148-805b-662d6258ddb3,18,Male,North Erikton,High,2024-04-07
960c4de2-8610-42fa-9ed7-3c7eccba7370,60,Female,Stevenland,High,2021-10-03
34007525-1894-46d3-95e4-6fda3ed60c56,53,Male,Becktown,Medium,2023-07-03
c12ab95c-d42d-4e32-ae97-95faef364e52,58,Female,Greeneborough,Low,2022-08-22
321d0f4a-7783-44de-9fb0-17662273f441,60,Female,South James,High,2021-10-08
cd4d3f5a-a57a-41f5-93d9-23c3bb7023ef,70,Female,East Taylorville,Low,2020-02-09
1161ea51-6692-436a-961e-19526aa76f84,68,Female,Danaton,High,2020-09-03
b57b9637-7237-4987-8eb4-a01f567d590f,48,Female,Port Sethmouth,High,2023-10-01
f2e3736b-2014-44ef-a28d-597330b00882,55,Male,Oliviashire,High,2020-06-25
6e3501d7-cca4-414b-9ae0-c02140179fbe,63,Male,Lopezmouth,Uncategorized,2023-05-19
a9b65902-b754-4bc5-a670-f571ede577f0,56,Female,Martinezville,High,2023-04-16
858b2173-fa72-42f1-8e11-acde120e697e,62,Female,Christianbury,High,2023-05-17
56058449-276a-417e-b6c6-f8853b1d2659,39,Male,East Whitney,Medium,2023-08-22
0009fdd2-ae63-45ca-8d5b-d0ea98381f7b,21,Female,Lake George,Low,2020-11-09
f9edc899-39cf-4227-9b37-c40003bc28af,60,Male,Chelseaville,Medium,2024-02-04
c82f4cc5-e3e9-4919-ad14-bc9ad485fd45,48,Male,South Taylor,Low,2023-04-22
c6890a2f-4535-4b1c-84ac-547f9612813f,70,Male,Stevenmouth,High,2021-11-21
46c6bd4d-5902-44cc-b3b2-fb82f6ab2cb6,25,Female,Watsonside,Medium,2020-06-06
e5c5fbd5-35f6-4a1a-a4d8-f7cfcc9c8f9c,56,Female,Caitlinshire,Low,2019-09-25
a470ba12-56e6-4c27-8c88-7b24739912d5,51,Female,New Erinburgh,Low,2021-12-22
0823cff5-2266-4c50-a793-dba07671e3ea,41,Female,Tinaberg,Uncategorized,2023-10-15
14175128-9b22-423d-90a8-33812779999c,43,Female,Danielleville,Medium,2019-10-01
2d6cbeb6-36ce-4d08-a706-d0e58d68ca4d,51,Male,Deborahshire,High,2019-11-12
9aa1e60e-df4c-4987-9ee8-70b4e6edbca6,59,Male,New Henry,Low,2023-02-16
d56da7c7-d914-43b2-923e-a2a9dbbc451e,33,Male,West Debra,Uncategorized,2023-08-05
d4cb7a18-92f4-4a0d-96f5-584e0c1cab53,28,Female,West Noahland,Medium,2022-05-31
f2fd2f9b-b772-47c3-b503-5dd4fe9a48bc,62,Female,South Davidside,Low,2021-04-16
5e0088d4-e37f-4ce9-add7-cc4e056dd95f,25,Male,Kristietown,Low,2021-10-04
c1ccadd3-fc59-4574-bb17-e92247130e62,23,Female,Hamptonport,Medium,2021-08-22
728bcba7-868f-4f7d-9a79-1af48913bb93,39,Female,South Robert,Medium,2023-03-09
20bfca97-9a3c-4e4d-894b-ba1870281072,52,Male,Desireechester,Low,2024-02-23
d2e3d880-ad46-4673-a37b-53e0a6c436bf,34,Male,Brownview,Low,2021-10-07
5f8533c3-94f3-4cd1-890d-5da9a4f4a12d,69,Female,East Annaborough,Low,2023-06-07
148b854a-0393-4c10-9762-be68ee86ae9e,49,Male,Catherinebury,Low,2021-03-28
5624f059-b5dd-4734-879c-7fe8a0169e9c,68,Female,Michaelville,High,2019-12-16
066b48b0-e451-4a6b-9f1a-c4c8e6ce3c0b,20,Female,East Jamesfurt,High,2020-10-19
20e5c8e7-ee20-46d1-bbd9-638c6cfd2522,62,Female,Spencerberg,Medium,2024-06-15
9486f96b-071e-4951-a373-d6897109793d,44,Female,Yolandastad,Low,2019-09-16
99fa724b-e2bd-4739-a204-3c94957fe3e8,58,Male,New Claudia,High,2024-03-09
8be98339-7564-43fa-b2b6-b273d36a5527,63,Male,North Katherinestad,Low,2023-09-21
8cb92b38-d249-4514-8a1d-2463189d5288,64,Male,Miguelstad,High,2024-04-10
1e659a88-5f9d-4c17-9739-1b3d30470928,68,Male,New Amberberg,High,2021-07-15
373de510-66b3-4c4d-8e17-40d55e208b9c,50,Male,Brownfort,Low,2024-05-28
f9aed600-08f5-4583-b6d8-5ab32daaa213,25,Female,South Gregory,Low,2021-01-02
1d4e578b-738c-4913-84f4-b008488eab48,23,Female,Brownchester,Medium,2020-09-11
b3d5ed26-6131-4fc9-9b68-040ddb426f67,37,Male,Pamelachester,High,2020-02-12
dbcdedd6-4c10-499b-b902-b243d4a6c2e6,32,Male,Smithport,Low,2023-12-08
31a64c59-e32d-4d9c-ba9c-f308acd78daf,34,Female,East Michaelfurt,High,2021-06-19
378542a7-dd80-4639-b411-6a2fd45e9852,66,Male,Coxmouth,Uncategorized,2019-11-13
6712eba4-a966-46a5-8f52-26f53054787d,57,Female,Ashleymouth,Medium,2021-11-15
e3016d49-db0c-44dd-badd-c168264c8cc1,52,Female,Livingstonport,Low,2020-01-09
137362fe-5ca3-4d01-806d-8c4d1f7b29aa,45,Male,Nicolebury,High,2024-04-23
a19f06e3-a107-4580-b351-30b8533aab4b,42,Male,North Denisemouth,High,2021-05-04
9c52add6-d6da-42b9-be78-9a5d2d771aec,56,Female,North Jessica,Medium,2019-11-09
b791d365-bf14-43ae-9939-aabd2c982866,22,Female,Erikville,Low,2019-08-04
a8f090f4-9647-49e5-9bc0-06203eaa301f,37,Male,Samuelland,High,2022-06-06
0e09f085-80ce-47c9-9fb2-e936ef0e9065,51,Male,New Hollyport,Uncategorized,2020-10-06
4e5e8598-a3bb-4580-8c9f-a2ec0d98afc4,53,Female,Lake Spencerborough,Low,2023-12-01
88b2456d-4760-49ab-aab3-a712ab80852a,24,Male,New Dustin,Uncategorized,2019-07-24
509c0596-50f8-4e68-8204-ddf396e67862,55,Female,Carterchester,Medium,2020-06-10
b7aa5481-366a-456d-b996-1f8146f93d9b,55,Female,Campbellside,Medium,2022-09-19
fca77c16-5fd3-495f-bb00-a5c961504e5a,70,Male,New Jenniferview,High,2023-02-27
a7ab4450-714d-49df-932f-0fc904c35491,30,Female,Savagefort,Medium,2023-03-12
652ab947-ceaa-421b-a529-3f61a886f179,50,Female,Westville,Low,2022-04-23
0b4b34dc-3ae8-4943-9f47-f27482de26a9,58,Male,Maryborough,Low,2019-10-15
830f5a03-8848-40d6-90a0-d0ce0fa12d33,66,Male,Candiceview,Low,2020-05-23
8aa05520-345c-40ce-bb9c-53ad694b706f,23,Female,South Glennchester,Low,2024-06-03
61adc65c-ddcd-43fc-85c4-9e8d60daeae3,57,Female,West Rebecca,High,2020-01-09
8375d38f-88e2-4c33-9647-f8b8b55b1426,68,Male,Josephport,Low,2023-09-09
466f4862-7f5e-4cee-b8dd-f6f3d430288c,23,Male,Hesterberg,Low,2023-01-05
e4bc0ebb-8f41-4000-abbe-1df5009779a4,31,Female,West Meredithborough,Low,2021-10-10
c93dd8b7-89fa-4ebe-85a1-670912cf0668,39,Female,Christineside,Medium,2021-09-08
72aec0bd-fd32-472c-9b49-055bb88e33c6,47,Male,South Lindachester,Low,2020-02-26
f2fa85fd-89ce-488e-bbdf-4535ae78da25,24,Male,Reidburgh,Low,2021-05-20
172a04cf-2db8-4c96-9c93-ea123cb44279,65,Male,Burkebury,High,2024-05-24
e3589ba8-b8bb-419d-91b1-2f1196118c68,28,Female,Jonesshire,Medium,2020-06-14
0e744af0-f183-499b-adb5-76ff753745e3,70,Male,New Timothyton,Uncategorized,2020-09-20
174eceb1-d609-4140-8d19-e6d29fc4494b,52,Male,East Jamie,Medium,2023-07-20
7f06d32a-671e-4125-95cd-ce560c2e630a,34,Male,Mooreshire,Low,2022-07-24
35e934cf-39b9-4b4d-9b2d-c9a4c40b3c88,63,Male,Burkeshire,High,2021-07-20
623af74f-cf96-4c78-96d0-208701da7f76,58,Female,Lake Jonathan,Low,2023-01-19
e0e1f834-2d6a-4c2f-b150-377f0644f027,34,Female,Lucasville,Low,2020-12-08
1b96d945-e9cd-4faf-b374-8aa53b23bc00,42,Female,Port Shawn,High,2023-12-30
0d27aeb2-f8d0-4221-a74f-17f02a290943,22,Male,Gibbsmouth,High,2021-12-31
f5a7de71-64fe-4a1c-8d0e-c75bada69e54,47,Female,Moraleschester,High,2024-03-21
56d1b0da-e7c4-464d-85a6-a2947fe9fd07,58,Male,Wrightshire,High,2021-02-27
c632c148-56e9-43bb-9f19-c28e8536a1e2,60,Female,Riverashire,Low,2022-01-30
0a743a76-cb05-47e2-b0db-3f8fbbfa497b,56,Female,Danielport,Medium,2023-10-29
8baf40b4-2477-4993-8371-0f4d5f29d42d,55,Male,Franklinmouth,High,2021-11-03
31739d22-cd42-423b-9fbd-5f310d773dce,65,Male,Perryburgh,Low,2022-07-16
3609a9ad-d526-44a5-96ec-7ba7accfd866,26,Female,East Jerryland,High,2020-11-23
7e7d6c28-572b-48ff-b443-05ff9709d2d1,22,Male,South Cindy,Medium,2024-06-30
e4ce98e6-81ec-48c3-a198-813996dfdf1b,51,Male,New Johnbury,Low,2019-11-12
cf39f691-06b8-4e9b-93d7-cb9aff0966b4,38,Male,North Bryanland,Medium,2022-07-13
f448d1e6-f3d8-40e6-b679-3f5570ba4061,22,Male,Cooperport,Low,2020-09-21
6e0b43fc-e01d-46b6-8a25-d21fff7ccbe1,52,Female,Wheelerburgh,High,2021-06-03
a26416d5-adad-4ab2-881e-2b79b39896b2,41,Female,Andersenberg,Low,2022-01-07
e27d60e6-24bb-4eb6-8745-15ff2b7c4484,62,Female,Garciaport,Low,2022-01-04
80ccc424-80cb-43f9-8063-a09c96c53da0,53,Male,South Danielborough,Medium,2022-03-06
7eb08fe9-f6c4-424e-8a33-7e428ea9df67,57,Female,East Sherrimouth,Medium,2021-05-23
e93f71d9-e511-45a4-8640-9ece88920b77,70,Female,Stevenstad,Low,2020-03-12
b0e547f6-b969-4908-b977-c64793686f9e,59,Male,West Donaldmouth,Low,2020-04-16
1ff38fb0-37da-4b96-a087-ac062fa27414,44,Male,Lawsonberg,Low,2020-12-13
bd8ab2a4-b629-48e1-be7c-79608d4cce8b,41,Female,Anthonyhaven,High,2023-02-10
8245ed49-a244-4e10-b9ed-aa53764c959d,68,Female,East Susanfort,Uncategorized,2023-07-01
6a84f1a7-f636-4300-bd8d-c7f888460829,21,Female,East Marcushaven,Medium,2023-06-19
f6cab49a-a8b5-42a8-92be-42e200212268,28,Female,New Stanley,High,2024-02-12
cbd36938-08b9-41e6-9de5-a781a121d9fa,28,Male,North Jimmy,Uncategorized,2020-09-10
61241d0d-b46b-4521-ac03-df44f73a7497,48,Female,Lake Lindsay,Low,2024-05-01
7c7df909-aa25-48c7-af9d-6ebe714b28b6,23,Female,South Anthonystad,Low,2020-06-23
60557dfa-e271-429b-91cc-a0e4ef41b0c2,20,Female,Howellbury,Medium,2020-05-17
2347d612-4047-46cc-b69d-8516adf83092,61,Male,West Kim,Medium,2024-03-19
db971ba4-4210-4e36-a8c1-c79f0305e181,45,Male,South Brianbury,High,2023-10-04
d8cb6f8b-4e79-4640-b542-2746b8718e7d,41,Female,Michaelton,Low,2022-10-03
17bf453d-4dd4-4055-b398-940a4b52edfa,42,Female,Garciaberg,Low,2021-06-16
d160e8f2-113e-4e69-928c-b6303f391203,55,Male,New Tammymouth,Low,2023-06-14
dc3a98fe-8796-4f9c-8b13-e05f91de4831,18,Male,Alyssabury,Low,2022-12-18
d83178cf-653d-435c-a7e8-880361dec6e7,47,Male,Brittneyville,Low,2020-01-25
c2cd346d-faf1-45eb-a8d4-bf9db1d19c9d,41,Female,North Kaylee,Low,2023-09-22
f67a2130-08ae-4153-85f4-b634a8119831,38,Female,West Juan,High,2021-05-09
0a8833e5-9e7f-4a7b-94a8-216a46821d46,62,Female,Cookberg,High,2022-01-27
1fde298f-1904-4dff-a59e-15640c89c519,47,Female,West Joseph,Uncategorized,2022-03-03
0156ef90-c829-4e9e-8fec-8634e8ff3c54,60,Female,Port Adam,High,2019-12-28
6a1b4a6b-aa7e-401f-95c9-70700d2ccffc,49,Male,Martinchester,Medium,2022-01-06
f5335ef1-fde6-4647-b1d6-e02a8b8165c2,30,Male,South Benjamin,Medium,2020-06-16
b56473e0-5c57-4325-94f2-6414db34f557,70,Female,New Douglasville,Low,2020-04-21
029a0762-57d4-43f1-84ee-b45de86bb31a,42,Male,Harrisburgh,Uncategorized,2023-08-14
ecb192f4-a8ed-422c-9f08-712dd8523245,60,Male,New Xavierport,Low,2022-02-26
a0db86bf-0c2d-4c9e-8d3b-f5b33ac37cee,50,Male,South Jose,Low,2023-10-30
232cc4ee-0884-4025-9c28-8ddebfd296b4,39,Male,East Jacqueline,Medium,2021-01-26
5b6756fb-cfe5-4741-83ea-51822f7ba8ff,44,Female,Stevensview,Medium,2020-08-14
74653505-85eb-4155-a90b-abe2b30179db,31,Female,East Williamfurt,Low,2024-03-28
8f7bb5b7-9ce1-469f-8d69-2c8f184e097a,68,Female,Victorside,High,2022-06-13
93e30b51-c0cc-40b1-82cf-7478d75cac87,31,Male,Youngfurt,Low,2021-07-17
9107778f-48e1-4ecd-9511-10e549305477,40,Male,North Hollyport,Medium,2021-10-26
8593f47f-2dce-4527-bb20-b98f8ea998b9,67,Female,Michaelton,Low,2022-04-04
a18b589d-c51a-490c-8c54-7ad20edd44f1,41,Male,South Taylor,High,2021-09-08
0c4b59d3-f907-4240-8849-6d592af9f7f6,62,Male,Michaeltown,High,2020-12-05
ea5e65bb-7121-49f2-9e4f-10fdb430c4c4,68,Female,East Kristin,Low,2021-02-16
060cfd42-8d99-4264-aa27-e8d0b537e207,70,Female,South Alexandertown,High,2022-07-11
efa3d3db-a2b1-4a72-8358-af8d19a2995a,20,Female,South Valerie,High,2020-01-24
1ccb71e6-8f53-423f-808d-a2023aa0c5a8,53,Male,West Elizabeth,Medium,2021-11-21
a4670f60-23c5-4c76-b67c-4d957910aa8a,43,Male,Hollyton,High,2019-10-12
f01b204b-74d4-4c28-8f90-450dcd6b26da,46,Male,South Kelly,High,2022-04-12
e2cbdbed-02ab-4081-822a-e970794e5aa0,47,Male,Glovershire,Low,2023-10-10
0831f0ad-bf6b-4023-b1bf-acea2388fcf3,53,Male,Julieland,Low,2023-06-12
9ac29675-b4fc-43ce-b656-c649628fd1cd,48,Male,Judyfort,Low,2022-05-28
39974820-20fa-436e-a5c3-581d43b00d63,39,Male,East Geraldview,Low,2024-03-29
6d614191-8007-48f2-bbe9-3c80ac9029e5,70,Male,North Jillian,Uncategorized,2022-05-19
5fef9a6d-e035-4d76-88d5-ff8b8d1028bc,48,Female,Coxbury,Medium,2023-03-24
c86baa86-ab7c-4ff6-ab1f-f77e043a69b0,69,Male,Port Jennifer,High,2021-01-21
7e633526-86ba-4795-8d80-a79b26014c0d,68,Male,West Robert,Medium,2022-12-05
12e1aa2d-57e7-44de-af86-e71a42574c51,39,Male,Mirandamouth,High,2021-06-22
2dd596db-f44d-46ae-a582-a42a658d7d62,39,Male,Port Edward,Low,2021-01-27
78a2be5d-a30f-47c6-8265-329d66e65315,46,Male,Christinafort,Medium,2020-03-04
5a8b6207-27b9-4ad1-9157-cfac7d2abd4d,59,Male,Port Sharon,Low,2022-10-08
9e506199-8b74-4014-84a2-96cd00c6b700,21,Female,South Haileyland,Uncategorized,2023-07-23
41beb5db-882d-43f3-a53d-a08b826a924f,26,Female,Levineview,Low,2019-11-12
9fbb7d85-1721-44b2-8d9f-81917acc03c2,70,Female,South Theresafort,Low,2022-04-15
4b7db93d-9015-4287-b4a2-72e6306d5429,21,Male,North Leslie,Low,2020-10-31
6007e8e7-4c8a-4df0-b03a-e7afdb6684e2,58,Male,New Joshua,Medium,2020-07-21
280a26de-f65d-4d7e-9721-7652fa3a8b0c,62,Female,Jamesfort,Low,2023-02-15
651a6712-d1db-4d03-9bd0-36d9c17e1b86,60,Male,Pamelahaven,Medium,2023-03-04
7fba19c8-8be4-4074-9d88-ce84dc6bdd38,69,Male,Martinezfort,High,2024-05-31
3bb37bcf-9f9a-4d1e-8f7c-f948aaa592c3,27,Male,Vickiside,Low,2020-07-18
38e8d156-9520-471c-b9e3-8edbb3cd2b65,39,Male,West Davidhaven,High,2019-08-23
8ddf315b-2c2b-4768-a1b8-2836d9f9546b,40,Female,Kaylahaven,High,2020-03-16
6d4be0cc-2b07-45f0-9111-bdb6a79f1656,19,Male,Donovanfort,Low,2020-10-19
160f25a7-ed0b-4471-a260-1f0fcade1217,37,Female,Gardnershire,High,2019-11-17
32ac26c6-b07d-4ac9-b659-f36459af6337,54,Female,Michaelborough,Low,2023-10-05
51f0ea92-e0ae-4d47-826e-8c00107e6cef,30,Female,North Sarah,Low,2021-02-19
e84dc82e-6702-4702-9c98-6a60f3be6158,41,Male,New William,Low,2020-06-10
8a6ac6de-96f0-4383-a87c-34d12e104bb8,57,Male,New Patty,High,2020-09-09
e7a00dc5-c308-4ca4-a537-cb54129ff036,39,Male,West Eric,Medium,2024-06-24
e470607b-d83b-4042-956a-559e5126c4db,66,Male,Pettybury,Low,2023-01-23
98ff8454-f7df-4193-a23a-34b23769aed2,41,Male,South Jacob,Low,2021-11-23
6e62c234-7b0c-4891-b2f0-4f6ea06c1679,39,Male,Welchville,High,2020-11-25
cb968037-1e4a-42c7-8d2f-3eb0b27b5295,42,Male,Stevenshire,Medium,2023-12-26
b8cd9295-8ae2-4226-98dd-4a78846e467e,45,Male,Kyleview,High,2021-11-27
34f4dcf4-f192-40d4-860d-0e05bd840b61,20,Male,Jenkinsburgh,Low,2023-01-04
976d7247-d957-4c1e-8778-3f0867938022,33,Female,South Jennifer,Medium,2021-01-31
db18bd1b-8476-4835-81ac-5328b72d473f,63,Female,South David,Medium,2020-02-24
82184ef4-a46e-4d6b-b18e-c7fdd84cb269,30,Female,East Melissa,Medium,2020-04-12
1bdeb580-975a-42df-8248-fbb7d027d23e,57,Female,Kimberg,High,2023-02-14
518fa595-22b9-469c-8e3c-96cbfbb41ce7,47,Female,North Brianport,Uncategorized,2020-04-21
eca27290-1c40-48c6-b0a5-8afedd9be099,38,Female,Garychester,High,2021-04-01
6c78ab25-9895-4054-968d-0a5264ffa064,43,Female,West Evelynburgh,Low,2020-08-15
ba2410a1-82b2-4163-bc99-515b9b653dce,22,Male,South Jenniferport,High,2021-06-02
ac0248f2-5af3-46f9-9cec-2fb5a478f47a,64,Male,East Brookeburgh,High,2021-03-07
3120d699-c28f-4de7-afba-adceae29c1c5,37,Male,West Catherineshire,High,2024-02-25
0d54f63b-61af-4e17-97ef-56576f6e4e92,34,Female,North Donald,Medium,2021-01-02
e8d6099f-0a22-4eb8-af2d-e1b9db315936,66,Male,Mackenzieburgh,High,2024-04-24
cba82d56-67c3-493a-b2a2-3234db3d1a6d,32,Male,West Jasonstad,High,2019-09-18
bfe55c3b-668e-485d-9476-670acd50b12b,36,Male,New Kaylahaven,Low,2023-01-03
ee462937-e0c4-42bd-a4ef-7df8946ba9f7,27,Male,Sampsonburgh,High,2020-03-23
b91999f9-b7ed-4da4-a285-1dafae98e21d,52,Female,North Danielmouth,Medium,2019-09-11
262a3360-ed1c-4145-a745-3d5ecad9794f,36,Male,Lake Lance,Low,2023-02-08
5a1d6e6b-b3d1-4c18-b693-7344e245faa3,41,Male,Lindabury,Uncategorized,2020-07-06
8de0429b-700b-4253-b914-e61d580aeb08,67,Female,Woodsmouth,Medium,2019-12-16
8954b525-76f8-445d-b4e7-01f99f307ec9,61,Male,Schmidtview,Low,2019-08-15
ea4f48c7-7862-4f92-9a6f-1c2778adfe56,49,Male,East Edward,Medium,2022-08-24
153db56e-c750-4137-8435-d4f0544281a3,46,Male,Cranemouth,Uncategorized,2020-11-01
ceb88469-d152-4ece-8e3e-ee3000dd8a50,65,Male,North Danielle,Medium,2022-03-15
8dcf3f3b-cf2e-41ab-b2a2-85e0072ff25a,22,Male,North Leah,Uncategorized,2020-01-31
b997c175-798f-4376-b922-812f74e38986,50,Female,West Kevin,High,2024-02-12
d8a93878-8a64-48b1-9099-65b5695c42c2,45,Male,Emilyside,Low,2021-02-13
e7ee4a4a-1be7-4b2d-a019-0372f123f611,53,Female,Matthewville,Medium,2020-01-05
240b78f9-8532-4b9b-800a-14a47b658404,61,Female,Stephentown,Low,2020-09-01
5a6f7a19-b881-4e41-ad91-480ecbb1022f,31,Female,West Alexandermouth,Medium,2021-07-25
aac57e67-f138-426a-8f26-c4620e29f4e6,47,Male,East Corymouth,Medium,2023-09-10
1fac8ad1-9a12-4370-bb35-5e1aa8b3419e,33,Female,New Crystal,Medium,2020-08-20
e1787f8a-3681-477f-92bc-c76f56f14bc3,30,Male,West Christine,Medium,2020-03-01
eec67dd0-87ec-4eab-8ed8-0f6bf5470c49,21,Female,Tinaview,High,2024-01-15
ccb5b16c-60f2-413c-9d6d-e5aa0091df54,50,Female,Dominguezburgh,Low,2022-10-25
75e2b1f9-ea4e-4d40-8035-4c6447576b3f,44,Male,Port Richardshire,High,2019-07-08
8497db9d-ae82-44bd-a7c0-123ab1ae5eb0,68,Female,East Holly,Low,2023-10-03
9e21e16d-238d-4881-867a-ba5ea74bf1bb,34,Female,Lake Rachel,High,2022-10-26
931a1768-e5dc-48c9-b900-066b969dac47,45,Female,East Carrieton,High,2021-09-01
59829a73-fcb1-4612-ae6d-2119396738b7,56,Female,West Michael,High,2020-11-26
2ce1a993-618f-452a-aafa-027fc97a0580,43,Male,East Whitneyberg,Low,2020-01-25
c0e9fddc-4e0d-424b-9777-b2b3324f4451,65,Male,South John,Medium,2023-03-07
457c885a-c536-4b1e-a74a-4a233d69d9fd,43,Male,New David,Medium,2022-01-17
aeba2f6d-bf7f-4a93-b947-4b5d03d6fa95,66,Female,South Garyborough,Low,2020-09-27
aa70d7aa-5ca7-41f7-8392-13984b6c2632,20,Male,Maryside,High,2022-03-21
ee399e65-73fa-457d-9b3e-0bf005bd1c18,57,Male,Kimberlychester,High,2024-04-20
c3b9c20f-b3a1-4532-ba45-90b6d041c62d,35,Male,Michaelland,High,2019-10-14
0b112fa1-e37c-4493-b4ff-64d56b4e3526,49,Male,Spencerside,High,2022-11-20
331aa308-0011-4df0-80c8-83768817c3fd,50,Male,East Seanhaven,High,2023-07-15
49e88aa3-3b35-4509-9a10-49f25f06b615,28,Female,East Aaronton,Uncategorized,2022-03-26
6601e9d6-7e18-48f9-ba38-71d0d9cb31cb,62,Male,South Chadmouth,High,2021-10-06
a608154e-396a-40d1-9ccc-b64d55dbc5b4,65,Male,South Kyle,Medium,2023-06-21
911002e8-a300-479d-8c88-55fda909d449,61,Female,East Rhondaside,Medium,2022-06-22
705b6742-d75d-4f53-a4e9-231ba146f34d,24,Male,Austinshire,Uncategorized,2023-12-31
5dd3f3da-d9e7-4b28-afb0-30497d1f5014,42,Male,Tiffanyland,Low,2021-10-12
592f957f-e5a9-4719-9542-5eea7c056894,39,Male,Lake Sean,High,2024-03-15
489968c1-e786-45f1-9688-89ecf37f84c9,61,Female,Port Timothy,Medium,2023-04-09
47e7acf4-444d-452f-bdc9-b1b7e180f9f0,28,Male,Beanborough,High,2020-03-13
02b1b8cb-bc72-4ca5-af51-05e16bab084b,34,Male,Port William,Medium,2022-10-18
e716042f-b529-4b6d-ab92-961e54229179,38,Female,North Williamside,Low,2020-04-19
43230006-9636-403f-966c-f7e3166e504d,56,Female,Port Jeffrey,High,2023-04-29
46946743-89e7-40b2-9d0a-4f77edae479a,35,Female,East Andrewberg,Low,2022-11-30
b3a0d002-1b78-443e-9605-fafe8a22ed3e,36,Male,Kevintown,Low,2022-03-27
cf40389f-1a78-4f05-a8eb-811cc5ca9656,40,Female,South Michelleshire,Low,2019-12-27
1028c9f7-f42a-425c-8250-292131378975,54,Male,Port Cynthiachester,High,2021-12-22
a98bb335-cf9b-48ef-b10f-1262aa09923d,68,Male,West Tanner,Medium,2023-02-21
018be1fd-e482-4d3d-87b9-a425ae35c5a1,21,Male,Kevinstad,Low,2022-07-17
58517754-b359-4653-8bd6-4f33a89f33bf,61,Female,Lake Kristaberg,Medium,2021-08-04
d8c44a32-d7c1-4ede-aaaa-2ae1c1c65534,58,Male,Michellefurt,Low,2019-11-27
d968cee0-3524-42d4-a0f7-5fe6e8284890,25,Female,Port Joshualand,Medium,2023-09-04
6babedf7-4225-4858-b0d9-feb24f30025d,47,Female,Pedrofurt,Uncategorized,2020-12-05
e0f00c2f-f43d-424f-9c71-3fb0f3b02d6f,34,Male,South Thomas,High,2024-05-01
4add70a0-9c64-41d8-b32e-f7f1ea06706b,52,Male,Port Miguel,Medium,2020-08-26
4a75d71b-1263-43c3-9533-a0b94f50fee0,27,Female,East Zacharyville,Low,2023-11-11
2dcb9523-356b-40b2-a67b-1f27797de261,57,Male,East Anna,Low,2023-02-21
e36847ec-fbf2-4270-937c-a010c528fba4,32,Male,Westfort,High,2022-07-19
cb3eec9c-c522-44e2-8011-9150b0cc902d,39,Male,South Andrewbury,Medium,2019-07-27
0340d565-36b4-4d28-9619-7899512b31b8,62,Female,Nguyenton,Low,2022-04-26
dc1ab8a6-d697-406e-b9e4-a6da1e22b843,63,Female,Dylanberg,Low,2021-06-23
ab1b3b16-c910-4450-bf8a-8817de7019ee,43,Female,New Meghanfort,Low,2021-09-15
97a27374-9d3e-4953-8e62-3e45d1535cda,30,Male,Thomasview,High,2020-03-31
6596f49d-5c9f-4bcd-84a0-82d866b98314,26,Female,New Peterchester,High,2019-07-04
a8a7ca84-eb94-417d-a539-47f086159f3c,32,Male,South Ricky,Low,2023-07-15
75d01200-b9e2-4487-86d0-affb634392ab,58,Male,Nelsonton,Low,2020-07-18
c0c0ce5a-4539-4013-abca-d0a3e41b4e2a,22,Male,Deannafurt,High,2021-09-06
c31b7475-f089-4708-be02-df18e1348a5e,48,Male,North Michelle,Medium,2021-01-29
856080d7-84d9-4b62-8824-4996673500b0,40,Male,Patelville,Low,2021-11-09
bed6aaf5-80ce-41d2-b91b-11e7e3726d22,42,Female,Davidhaven,Medium,2020-11-27
a0269f78-16af-4957-a09f-e99b2a0b42c3,38,Male,South Tommy,High,2022-01-26
6539c670-03a7-4f89-8fb2-8190024380cb,55,Male,Hendersonshire,Low,2022-01-16
ef341627-301c-4502-9ebc-a7d1ea8bf37b,24,Female,East Steve,Medium,2022-03-22
06589cf5-fcb7-4230-b38d-5c0af8e75922,46,Male,Port Michelle,High,2024-04-29
e7cf6999-b4ec-4ce4-bb09-bfd18d61d933,62,Female,South Anita,Low,2023-10-13
362a01b9-67b2-4b9e-b703-44c9567fd51d,69,Male,South Kylefurt,High,2024-05-22
ebf479d4-d989-4249-aa49-83fb15e2a419,51,Female,Burgessstad,High,2019-10-13
5dcc04f0-2300-4707-b737-82abb839b428,36,Female,North Morganmouth,Low,2023-01-04
30fbbfed-bf48-475b-8057-2f27f7c343af,62,Female,Bowmanburgh,High,2021-03-16
aa53dc4d-35a6-45a2-9ffb-f83d25cf0e60,18,Male,North Kaitlyn,Medium,2020-06-24
f2b87137-d105-4036-88fa-d0f0713ca516,46,Male,Sarahtown,High,2021-09-28
59bf21c7-b292-4aa8-99c0-023d01d759ba,18,Male,Harrisborough,Medium,2021-09-09
09fb5363-5925-415e-a0b3-e47e07854481,61,Female,North Dana,High,2022-01-20
088dbb34-9520-43fb-abe3-244083f14b93,40,Female,Lake Kevin,Medium,2020-01-25
13de3ef5-64a6-4603-9a24-8f3c51c18ee2,56,Male,East Jacobland,High,2020-08-19
d3a51925-129e-470d-b71d-de8276348fc7,35,Female,North Rachelport,Low,2020-12-11
1c767217-8c99-4314-97d5-bab2476e4e11,68,Male,Sandraview,Medium,2021-11-01
faf73ad2-9d18-40fa-943b-69efe9d685a8,52,Male,Port Michael,Medium,2020-03-16
0f3c24e2-3df7-47c3-8590-1a198dc3e5fa,49,Male,Lake Carrie,High,2019-10-22
ca645b4d-28a4-42ec-99a7-8000d38bf2e0,37,Male,Brandonfurt,Uncategorized,2019-09-14
36656b2c-c7ad-4c3e-b2f3-c9d7beb78aec,63,Female,Lake Rachaelmouth,Medium,2021-08-28
89c1e39a-75ad-437b-8bfb-317d6b651197,69,Male,Jessicamouth,Low,2021-03-08
ed72e313-f92e-42ae-855f-0673b532ff14,34,Female,Lake Colleen,Low,2019-12-31
cfb081a4-4be0-4709-8a6c-7bb656d57d3d,29,Male,East Douglas,Medium,2020-05-23
0773c2a4-9485-40ba-b6a5-645cd15d9837,55,Female,Williamshaven,High,2022-07-19
0c298fc3-6e30-4478-bc30-f1b56b2e655d,38,Female,Cardenasside,Low,2020-03-11
8ad8003f-aa9d-4b7b-84f5-1913e2660e5d,47,Female,Scottville,Low,2020-09-15
b66935bc-453f-4947-86e6-92d2e1d52872,49,Female,Whiteburgh,Low,2021-04-26
29436bcf-d6f8-44d1-a856-0794abb562ab,68,Female,New Fred,Low,2021-09-01
9bd04ab1-225d-48d3-a9f9-f2338a40a439,42,Male,Jillianburgh,Low,2020-12-10
fe9cb5ea-d704-403b-9efa-46d2e2c6b5ae,68,Male,Harrisonshire,Low,2019-12-21
69392978-5c7e-4872-9058-2a4590c9247d,42,Female,Lake Lisa,High,2022-08-27
acffc73f-c2e5-4760-82d9-6b98b0066a8c,51,Male,North Melissaport,Low,2022-07-15
dd1f3738-50b7-49a3-b369-8944f15ecba0,70,Male,Gonzalezhaven,High,2022-09-03
afa95294-789a-4a87-8cc1-21dbdb88e000,44,Male,Sarahberg,Medium,2019-10-09
6c83e1cf-e48c-49fa-a33b-046d66e3b061,39,Female,Lindseyview,Medium,2023-06-04
a9f7d8c3-9b3e-4598-8056-d62573a5a229,67,Female,Cherylland,Low,2020-06-07
08a911a3-65e6-4f5d-a6a1-ae7ddcbe28a2,60,Male,North Samanthatown,Low,2020-09-17
8f61e984-4fa5-4941-95ee-e42c92758e02,26,Female,North Jenna,Medium,2020-02-18
7a2c7c71-1f0d-4e00-b1e7-821708ec5194,30,Female,North Frederickport,Low,2020-04-05
79c78651-5e3e-4b91-9c79-d1631715c7eb,42,Male,Jerrystad,High,2024-01-08
d7467041-1718-4048-bd53-96a1d602181f,41,Female,Linfort,Low,2020-12-29
e0625caa-2eb9-4b59-873b-f10de1b8ee1d,21,Female,Johnsonshire,Medium,2023-03-08
20f360d6-65c8-4295-98f7-282d3a089d77,43,Female,Nicholasview,Medium,2024-05-15
9c16dd71-a1f0-4801-8f00-860c2ee154a1,65,Male,Port Richardberg,Medium,2022-11-27
cb7b0f7e-08f5-4dd6-8708-d4942dc4c057,23,Male,Stevenshire,High,2021-01-17
468ae943-0a40-445a-a8b1-b49b2e2cf6ae,66,Male,South Adrianafort,Medium,2021-05-18
b4f72640-2fb1-4dc5-b60d-236669b8a058,70,Female,North Richard,High,2023-01-16
2b68e247-1f95-4b87-b39e-34eb7d59928a,68,Male,Anthonystad,Medium,2022-07-03
5c8b6938-0745-4a5f-9118-3d0b8347f0d2,36,Male,Thompsonport,Uncategorized,2023-07-19
5bf21edd-1328-41e4-a2f6-11da57b109e7,41,Female,New Jessicashire,Low,2020-12-16
233e284b-8e25-4950-b216-7f71e2bb3efa,21,Male,West Catherine,Medium,2024-03-11
f432d1e3-2133-4491-a0d6-229bcc9ac7eb,43,Female,East Shannonfurt,Low,2024-04-01
8200d179-ee9d-4834-859b-cf0aac854387,61,Male,Walkerville,Uncategorized,2020-07-17
d6fa22e0-95a7-4968-9527-41ebf73c7764,43,Female,Eduardostad,Low,2021-10-14
872fc6c9-7903-45b5-9c59-1c1fad564497,39,Female,West Rodney,Uncategorized,2022-10-05
18c03691-9a7c-4711-81f8-01d06c1cae4b,57,Female,New Scott,High,2022-10-06
533b0ffc-a629-4763-8e6e-c2324e6914d7,69,Female,South Adamport,Medium,2021-07-23
72c7cb40-0acb-4d2b-9677-2159706f0e6b,20,Female,Petersonbury,Medium,2022-10-11
06f2803b-2c2a-4d62-87dc-927ae28bdd5a,54,Male,Sheppardfurt,Medium,2020-08-27
183757e2-90c1-4b59-bd4a-ffdf1ebdc9c1,55,Female,Port Timothy,Medium,2022-04-01
47d03d6f-cb4d-4984-9aa6-96d20353bd91,68,Female,North Patrick,Medium,2020-09-28
fcb31c19-064e-4e81-b69f-16e8d8f3e737,18,Female,Edwardview,Uncategorized,2021-09-16
2f606b33-f0ec-4050-bdbc-0f6bbc2bbc86,62,Male,Brownbury,Medium,2020-02-11
c6460a4f-0c2d-47b7-82ce-2600e5232a41,27,Male,South Stephanieshire,Medium,2019-12-12
48d12d8a-6af5-4b8f-b67c-00ceb29bfcdc,43,Male,West Maryfurt,High,2022-07-05
8505c143-5c40-44d3-874c-0d704e10699f,40,Female,Roberthaven,High,2019-10-31
8da1bcf2-03d6-4c67-863e-94f77ad8a850,46,Female,Markmouth,High,2024-01-05
63a3c9cf-ac63-41a6-bf00-2f140f015fcd,55,Male,West Judithberg,Low,2020-08-13
c4a7ca71-d1b7-4c29-863b-b0c17bdc0508,36,Male,Cooperfort,Low,2021-11-26
f7dfb82d-7481-4a71-868f-71aaee6bd509,23,Male,Ryanport,Low,2023-10-22
472dd3d5-946e-4c40-804d-110cc6faae1d,20,Female,New Charlesborough,Low,2022-09-12
256c49b7-534c-463e-921f-3a43d55c0203,24,Male,Robertview,Low,2023-07-20
5dfe3352-ee78-4510-a968-9aba1dd940a2,55,Male,North Michael,High,2019-11-20
0459e6be-4948-4c63-8ea4-2aee6917f642,29,Female,Deborahville,Uncategorized,2020-09-03
9560ed71-7a04-4cd9-a576-b622c5690487,61,Female,Rodriguezberg,Uncategorized,2019-08-07
580dd6e4-0598-4d7d-aef6-e6572e857e50,26,Male,New Johnnyton,Low,2021-07-07
8d8fe8bd-2009-4a15-be37-83dba3cef447,60,Male,East Dennis,High,2024-02-07
2d76d24b-3693-4802-8014-9ea47fb95597,24,Male,Mcdanielburgh,High,2024-06-03
ebae3bd0-ff1e-43a5-856d-bc85eebf9057,36,Female,Amandaside,High,2023-07-28
cde6cd4b-e06e-42f1-a96d-3864b010bb83,26,Female,Lauriebury,Low,2023-10-20
e2793648-25fc-4270-b977-c87b382ab8ba,27,Male,West Debra,High,2020-07-30
1756838b-8368-4852-b4a5-32a23643a3dd,26,Male,North Ian,High,2024-04-13
fcc8bb46-d8da-4948-8cd6-fdf4f9d19aeb,38,Female,New Alicia,Uncategorized,2021-03-11
d0358bf0-a146-43e2-9d5a-c5418a3eae00,26,Female,Greenside,High,2019-10-04
2be2a985-68f6-42b1-95a8-768c5c661980,44,Female,Lake Keith,Medium,2019-12-11
00145374-004a-4685-af4d-c8a8967b969e,69,Female,Jacquelinehaven,Uncategorized,2023-04-28
55089953-71c4-47ee-982a-996d42016a40,46,Female,Lake Eileen,High,2021-08-11
554a56a2-12f8-4e57-a08e-706b37aabb1f,55,Female,Warnerview,Low,2024-02-26
5cea80e1-34e1-4474-806d-73710d8c86b6,23,Male,Benderburgh,Low,2023-05-12
c8729633-03c2-4e78-9f08-fa98a0f68780,51,Female,Cruzbury,Medium,2021-04-17
2fb831c7-4ce9-435b-959d-3f69e179a6bf,50,Female,East Jeffrey,Medium,2023-07-21
2ad7dcee-ed9c-4a7f-b631-377268bc623b,36,Female,Amyville,Medium,2023-11-29
cac92dca-e363-4f27-aae3-d4ab2efb2936,22,Female,New Katherine,Low,2020-11-19
3d24b8d6-68b7-46bd-ad7b-5cd8b8c6f8fd,40,Female,New Nicholas,Low,2022-04-22
37a8ee69-e419-4e15-a2dd-215b57b3ba67,64,Female,Port Stephanie,High,2021-06-22
1bd87b89-9fa1-4af2-94a6-d0fa3ad7f5bb,59,Male,Joshuatown,High,2022-09-13
7691d772-0192-40d5-b83c-ae8fdb5e99a9,56,Male,Melissaport,Medium,2019-08-02
da210b8b-9cc5-4076-8f5f-597c046ac00b,63,Female,Jacobberg,Low,2021-12-11
00742b15-bab0-440f-a085-221ce13d95a0,51,Female,Alexisview,Medium,2021-07-29
9999664e-1d14-44b5-8694-7f9643e70cf8,27,Female,East Alantown,Uncategorized,2024-05-25
a5d08a95-9dba-4e3d-b997-1cfdde6a89ef,70,Male,Port Crystalshire,Medium,2022-04-22
7bd84910-16c5-4f61-bd07-34f1ac8df8e3,43,Female,Samuelside,Medium,2019-09-02
ba69bfd2-d20e-4e6b-9e6b-213afe33f0b5,43,Female,West Charles,Medium,2019-08-30
71904c78-c815-499d-8289-88ae7c89883f,65,Male,West Melissa,Low,2024-04-04
c44755dc-2d19-49e1-bf56-b7ca5b41d1c8,56,Female,Lake Alisonport,Medium,2020-10-01
2d1c8d1a-be1f-45a9-82d8-036f5e17d809,36,Female,Cherylborough,Medium,2021-04-22
03d6d674-5310-4a05-ab0b-8cfedc46a1ab,29,Female,Hoganmouth,Medium,2023-02-01
3eb14165-078d-44d3-a0ca-4b3127b810a9,20,Male,Timothyburgh,Medium,2020-10-04
2914da6c-c083-47d2-8e78-f26c44cbc042,57,Female,Jasonview,Medium,2020-01-04
d64b0c8d-1831-4b29-baa2-08c4d5c3a0f9,25,Female,Brittneychester,High,2020-02-15
2385bfff-048b-4777-ac65-789c2848f3c5,37,Male,North Lance,High,2020-03-01
bc2031d8-5a4a-4cfc-98f1-0c1b8cc33934,60,Male,Emilyshire,High,2020-04-27
c41c2c17-1dd7-456e-b30c-13dc5301939c,44,Male,Hollandmouth,Medium,2021-11-21
12ff1360-f3fc-42e3-83b9-33e7b3bb4d70,56,Female,Jonathonbury,High,2024-01-13
c025cb2c-f974-4ce8-8f7a-daa6bad38757,66,Female,Davidview,Low,2023-10-28
bf0a07a9-65c1-43c1-bd8e-2c5628e88d4e,48,Male,South Johnport,Medium,2024-02-23
8b721b25-42d9-48ce-8f1c-c3e43f505df3,61,Male,West Tara,Uncategorized,2022-06-09
ff3f41ad-9dba-4ce4-97fb-022a275ed0d8,25,Male,North Eugene,Low,2020-09-29
9cb537a8-07c4-4bff-82ec-f3eed82e8917,23,Female,Curtisville,Medium,2024-06-13
b46c7ee5-934c-4e73-b1d8-53a9dd65d7cf,42,Male,Jenniferfort,Medium,2022-07-28
948ad644-2c83-4eb1-af0c-c16e76afccfb,69,Female,Steinton,Low,2021-01-19
0865a620-9ff4-46ec-9f14-7efdd071a041,19,Female,West Sandraberg,High,2022-10-19
a095ecee-d75e-448a-b093-0a123e59a133,31,Male,West Ashley,High,2020-06-20
aeaf225f-d2a0-4a65-89cc-332358117295,67,Female,Lake Jeremyfurt,High,2023-06-11
1ed01bef-384d-4c8b-a672-7c292860d7c1,18,Female,Port Adam,High,2020-09-22
cde1e44f-a68f-4667-898e-13f163453d9b,38,Female,Valdezside,High,2020-01-16
8625ce38-0973-4727-8133-b77f37efcff3,30,Male,Hunterville,Low,2021-02-07
50fb6a76-ceff-4446-b79f-059a5dc6fc9f,64,Female,South Elizabethmouth,Medium,2023-10-14
15d4ef39-45ae-443e-866c-ce025234f154,43,Female,New Shaunburgh,High,2022-11-18
4824bfa4-0e82-461c-a6ab-4b79b8b3ee39,63,Male,West Bradleyview,Medium,2023-12-01
3e44871b-f56c-4576-b1ca-d1dc999e2166,40,Female,Porterport,Uncategorized,2020-09-03
abeab0fe-53bc-42d0-98c4-cf2ad557a781,57,Female,New Jay,High,2021-04-20
bbd7722e-a596-4d09-bfc2-444058f373b4,63,Male,Johnsontown,Low,2022-02-11
3aa802b5-f744-4c3a-ba56-d6bad87185b6,69,Female,Port Dustin,Low,2019-09-30
d2bb49df-5fb9-4d03-be43-28b282c45f75,41,Male,Ericaburgh,High,2020-05-05
16325c6a-8153-4be7-ac35-98948ca06479,58,Male,East Trevor,Low,2020-07-12
d8fc115f-73be-487b-bdae-921eee1052bb,49,Female,Ashleyport,High,2024-02-02
5cdc991a-892c-438b-8eb2-36454910a1a8,44,Male,Courtneystad,Low,2020-12-17
291b8d92-ed74-401a-a002-c9663056e74c,18,Male,Rodriguezburgh,Low,2022-07-19
611579fd-8fbf-4d43-9be7-fba6794da5be,20,Female,Joberg,Medium,2021-06-23
b1c1b919-9783-4528-893c-3368d978e622,42,Male,New Sarachester,Low,2019-11-22
d809597e-df4a-45f5-aa75-fbb76b0218aa,46,Male,Annashire,Low,2022-06-27
1938b05f-14b1-4bda-bedf-24863003259e,45,Male,Donnachester,Medium,2022-08-29
e44dbbca-fc42-4ced-9dc2-b08de81441b6,19,Male,Williamtown,High,2024-04-09
09c0c7b1-2af9-4485-a602-d49c6cdcf2d0,31,Female,New Patricktown,Low,2023-06-20
a76ed7fb-f0eb-4927-9cc5-e92294c44403,39,Male,Matthewsport,Medium,2019-11-11
68a34884-ded1-47ee-b1d7-c257bcc70050,67,Male,Ronaldville,Low,2021-12-05
4605103f-9b58-43c8-baf9-73abfb2c0441,37,Female,Hooverport,High,2022-12-18
57ed9f50-dca0-44b5-9d66-807135eccbee,18,Male,North Kylemouth,Uncategorized,2022-01-20
f510a5f0-b4b9-4445-82e8-0157ee2947e1,70,Male,West Scottside,High,2019-12-08
9683330f-de08-43c6-bc90-a11eaf8b5af5,37,Male,Frankfurt,Low,2022-09-05
8d435ee0-fa33-4553-880a-e26511ac3921,48,Female,Wheelerborough,Low,2021-04-11
17b835af-f4c8-414c-a611-0441d5485734,27,Male,East Patriciamouth,Low,2024-02-12
fa4f8603-d65a-46d3-ba33-ec3705fb24f3,68,Female,West Davidchester,High,2021-09-14
74705e26-86f9-4ba5-ab58-f6dd42fa846b,25,Female,New Tim,High,2024-06-17
9c649d2d-4a30-4ae5-865a-044f7f0bb386,54,Female,West David,Low,2022-04-24
d499e291-a5a7-4b2e-9a89-99c0a49da18a,51,Male,East Micheleview,Uncategorized,2022-07-29
9b3cf1b8-e726-466c-b26b-31aa11a13acb,62,Female,South Lauraborough,High,2019-11-02
5bb39dd7-ae2b-4db6-ad9b-d05bc738463e,26,Male,West David,Uncategorized,2020-08-22
03d7aa25-0f9d-40a3-9eb4-baa5a4e14e9f,46,Male,Lisahaven,High,2022-02-07
9456ad0f-9018-482d-989a-323d0a228815,24,Female,North Allison,Low,2021-01-23
a92b56a1-de04-4528-a83e-93a0e59aea4d,46,Male,Vazquezstad,Low,2020-03-09
618bb55c-2c9a-4e5c-ae8d-a79bc0754d75,25,Female,Port Debra,Uncategorized,2024-06-03
5000dc5d-f0c7-456c-9603-e73c6835b085,55,Male,Washingtonmouth,High,2022-02-25
4dc5da78-1e88-45ee-ba6e-c9cade3a0df2,24,Female,Woodshire,Medium,2021-01-06
d45f2c3e-51ee-4f18-b761-b61a73fb8306,62,Male,New Chad,Uncategorized,2023-01-21
835384f5-c976-481d-8961-cc827dc62c6b,60,Male,Stricklandport,High,2019-07-01
b46b45f2-bb07-435e-b5a8-0626db6f7a07,41,Female,Lake Darylton,High,2021-02-07
409c8d3d-63e6-4280-a699-91933c1eee73,63,Female,Jaredberg,High,2023-04-08
ee802844-8070-4699-b60d-3568a7d306b6,66,Male,Wayneside,High,2022-06-14
3828c289-6aa1-41e0-94d4-10d24539c9de,58,Male,Andrewstad,Medium,2024-05-04
4d6201bd-1955-4e6a-adec-a7afe7109977,57,Female,Port Georgeland,Low,2020-06-11
6fa635e0-d171-4413-a101-1b41e4831ce4,39,Male,Lake Lindafort,Medium,2021-05-23
490b5454-a091-450f-9a4d-917c38ccbd32,51,Female,Chentown,High,2020-12-29
2130fd89-6ba4-4f36-bb90-2327cf27d0d6,69,Female,Rossburgh,Low,2023-03-05
3f77788b-c066-4700-845f-bb87269c1d5e,23,Male,New Tiffanyfort,Low,2019-12-02
44351274-c7c0-46f5-9c30-7b1fc22b590e,25,Male,Beckshire,High,2023-06-05
20cf5d25-bcb2-4574-98b8-2f11d28ec2a0,26,Female,Port Jasonstad,Low,2020-07-27
6d8e562b-b51c-47b5-9ff9-18b624030aab,50,Male,Chadburgh,High,2022-05-17
3152d2c4-69d8-4986-9a29-5fecd49149b5,59,Female,New Dianeberg,High,2021-07-04
f119a23a-ea0f-425d-917f-749d48adae57,53,Female,Shariview,Low,2022-12-08
306b1117-5749-4c99-bde1-62b0c65307a6,67,Female,Jacobsville,Medium,2019-08-16
ec6a7281-86ab-4dcb-a131-76b341681c6a,67,Female,West Ashleyhaven,Low,2021-10-11
7544b929-8f47-4c93-98b6-e5748e3b5715,54,Male,Dunnfort,High,2019-07-16
85e0db6e-a0e0-455e-ab04-d8cf6dd6ec88,62,Female,New David,Medium,2021-07-15
648c38d5-0bc0-4236-a9fe-4e8f0ff96fa7,47,Male,Port Kathrynberg,High,2022-06-02
ac538aea-1b99-4e0e-ae5c-1bdc2ce648ef,37,Female,Thomasshire,Low,2020-12-25
6492040d-56f8-4c1a-bbe0-5b62fb39c65d,58,Male,Margarettown,Medium,2020-09-06
4d866e12-9820-413c-a5f9-e3a95d8d82b0,36,Male,Barbarafurt,Low,2021-12-26
9e99f76d-1daa-44b5-89df-85554e334b59,50,Female,South Jaimemouth,Uncategorized,2021-04-21
41515dfb-2748-4294-af0e-530898e03af9,57,Female,Port Jeffrey,Medium,2023-05-11
2d71443b-57dd-4422-89b1-57ade9d5002d,46,Male,Marymouth,High,2021-11-28
7470cc5e-889a-4419-bba8-42853bdcbb59,22,Female,Brownport,Low,2023-04-13
30c2e5ab-f717-40b2-84e8-018ca33b5467,26,Female,East Trevor,Uncategorized,2022-12-10
89a1568b-5c22-46d0-87fb-6ff0ff6ba8aa,21,Female,Port Pamela,High,2023-12-23
3afbecff-d6c3-43a5-8533-b4bf714f51de,28,Male,Dylanside,Medium,2022-04-29
4ce980ee-f71f-4d5f-9fae-d097c78785aa,39,Male,Kempview,Medium,2023-08-06
a3eb47ea-51aa-4e1a-9d5a-48363ff52433,69,Female,Sawyertown,Uncategorized,2021-05-29
937245e3-10c3-446d-ab02-f916fb556395,50,Female,Port Daniel,High,2022-03-01
979bc8f4-1b2a-433e-8ae5-a4932b819a3a,57,Male,Zacharyside,Low,2021-02-23
5956fb3e-5c6e-4c17-ab6a-99d5847768fb,68,Female,New Destiny,High,2024-02-02
26a40f69-7707-465d-8455-583546cd02d4,48,Male,South Veronica,Low,2023-03-04
14f69a78-9c96-4d1c-87cf-cdba59d09e2d,48,Female,East Hannahfort,Medium,2020-05-10
7e3a1e49-a8dc-4164-8f93-041c4b4785e9,55,Male,Lake Alexis,Medium,2022-12-15
95f9b3a5-f108-4cd4-9887-97e9f01e36b0,45,Female,Ayalaborough,Medium,2021-01-03
c1c02927-e338-4f99-8441-7c3edda6850d,37,Female,West Willie,Low,2020-04-22
f9b4b375-c0f6-4225-8419-4c1364fd2ac2,60,Male,Lake Juanview,High,2023-10-29
8036eeba-6f8a-4859-a21e-16f4c29cfa3d,59,Female,Wheelerchester,Medium,2022-12-03
cd6c03d9-6ae2-4bc1-a9aa-1d830fe9389f,24,Male,Michelletown,High,2024-05-26
b01cf495-5ea5-4cb7-acd3-b2c1e6983959,36,Male,Hayesfurt,High,2020-01-08
ff4af2f8-bdeb-4428-bb48-5cfe24faf272,18,Female,Jenniferside,Low,2024-04-28
478f6102-4807-431b-8bc5-c7f535335571,39,Female,Jasonberg,Medium,2021-07-20
43d5ecb1-2850-45a0-b765-cec175e0030a,29,Female,Greenebury,High,2022-10-31
aa5eea4b-c948-41f4-9285-229a470002aa,65,Female,Reidville,Low,2023-12-30
93532115-4bd5-4a6e-b019-c37003555495,46,Female,East Elizabeth,Low,2022-02-13
681db0ac-5b4d-416e-9bfc-dfd83a92f77b,55,Male,Collinsstad,Low,2020-12-20
d73b85a1-9eaf-4141-ab97-d98e418cd938,51,Male,Freychester,High,2024-01-20
aa4cf657-e60d-48c3-83e9-9c8bafd0067e,21,Male,Port Mariaport,Medium,2020-02-27
880c2be8-e89a-4a9c-8222-e809e848067f,36,Female,Millerfurt,Low,2024-02-18
6c004b13-ff57-4693-b720-b72958029b20,24,Female,West Cynthia,Medium,2023-11-13
7ab5cb0d-4284-4b14-9414-dbba3b9c2e89,28,Female,South Steven,Medium,2023-11-03
38d746bd-c227-416a-aa28-610ffd379e58,18,Male,Deannaville,Low,2021-05-13
cd9a1627-ed08-4f4c-b20c-1d0271efda68,67,Female,North Marcusmouth,Uncategorized,2023-03-05
bb275448-8285-40dc-8d02-657918eea20f,23,Male,Mcmahonberg,High,2022-06-02
521d871b-7afc-459e-b79b-9fa07501277d,19,Female,West Stevenmouth,High,2024-06-05
6db13c6e-a2bb-49ad-a464-502b5043aa88,23,Female,North Samuelhaven,Low,2022-12-17
8c30e42c-b170-4826-8bd3-c884b5f0715d,55,Male,New Douglasfurt,Low,2024-01-02
1559b55b-9653-4992-90d5-8819bd5466ef,69,Female,South Madison,Medium,2023-08-17
4225bf5f-e947-40b9-afc6-26d5ae6f114e,58,Female,Alexbury,Medium,2022-04-04
80beb9b6-a0a9-4d5e-9bd3-58e9a85a92a8,26,Male,Stephenfort,Medium,2022-04-15
cca487f5-d4c5-402f-8ddb-1c60afb1b70f,54,Female,Port Matthewshire,Low,2023-11-27
ddd6874c-cdb5-4171-b1be-4a64d7f13246,57,Female,North Ronaldchester,Low,2023-11-13
5fc803f3-f4ce-45dd-a3d4-c79923fac8ac,56,Male,Greenport,High,2020-07-09
e91f7528-96a8-4286-877f-3e8b25000a74,21,Male,Wangport,Medium,2020-02-22
6f27b068-88f5-4889-b7c4-2c78c9003846,48,Male,New Ashleyview,High,2022-07-20
d59cf513-ec9c-40e3-919c-57e7893b0ae6,61,Female,Townsendfurt,Low,2021-10-03
d685efd0-30a4-489f-bdd6-33c8ae37d486,70,Female,East Ryanmouth,Low,2021-11-12
5dadaa1f-e9ec-489b-9fb3-722b7086c116,25,Male,South Ronald,High,2021-09-22
4cd13dc9-b100-4667-a060-3f0f29317233,63,Male,Jeremyshire,High,2022-01-05
045ab4a7-5793-4f93-bb9a-8becd4e20422,22,Female,Arielburgh,Low,2024-06-22
f969ee04-7064-470e-8e2f-b4ed0fc6d140,54,Male,Mendozahaven,Medium,2021-07-01
32ae4542-77b0-4a2c-90c9-63b08e717945,37,Male,Brianshire,High,2022-08-27
012b8b0c-d854-4700-85dc-5d87b1c59133,53,Female,Michelleburgh,Medium,2019-08-11
fb14afde-4087-42b4-9010-ad71aa367602,63,Female,Merrittmouth,High,2022-01-25
f5713ff7-0bcc-41c1-a71b-ac9113ac43a9,54,Male,Cooperstad,Low,2023-10-03
69c0971b-1c85-429a-aa61-496f9c0a4410,56,Male,Brendamouth,Medium,2024-03-12
fa0dc784-a706-4a5f-b6de-f40b3b592312,27,Female,Port Rodney,High,2020-05-13
2c8cfc56-f3f5-4fcc-b351-beca319d89d0,20,Male,North April,High,2021-03-09
5885fad6-6e49-4fe4-8f82-63e3ad6d98bd,57,Female,Lauraberg,Medium,2023-10-29
c5440e19-6474-40f0-9306-f4d590035241,69,Female,Lake Brandon,Uncategorized,2022-08-14
890f10ce-36f6-4993-9a2e-a00dfdf01609,33,Female,Denisehaven,Low,2022-09-04
570259d3-ecc5-4bc2-8154-51134d7944c7,70,Female,New Amandaport,High,2022-02-12
85d20157-cb0f-439a-85af-7172437a91a0,64,Female,North Peterton,Low,2020-06-04
77890bc9-6dae-4364-a538-b68a17959fb6,69,Male,Jonesside,Low,2023-04-09
e5be0323-763b-4ce3-a575-f58313b295d5,59,Female,Trevinoshire,High,2024-05-04
083a0655-df0b-4f0d-8360-4867dbc97219,53,Female,Port Logan,Low,2021-08-27
4df4aaef-d7d8-41db-b568-bbd40073adcf,28,Female,East Tammyfort,Medium,2022-01-19
05e09646-040f-425a-b5b3-d6f113e0c75b,65,Female,Doylehaven,Medium,2024-03-01
8eb5a52b-e337-426c-8005-a95cb7c02e85,65,Male,Lake Vanessa,Medium,2020-08-05
09607bcf-49c0-4079-b620-744d5584bc15,27,Female,Elizabethside,Uncategorized,2021-09-06
3f143ceb-9a9f-4305-90d6-fa7a298ce6de,26,Male,North Edward,High,2021-01-09
ce472105-9aa3-4b0c-b3bc-76cb0660c915,69,Female,Lake Hollyport,Medium,2020-02-02
32cef811-93ec-48b4-9fa5-e1174156e8cc,19,Male,Jimenezhaven,Low,2024-06-20
576fc0ef-5017-4d85-ba43-136e65f10a7f,19,Male,South Gary,Low,2020-03-04
20114fe0-564f-497e-ab8e-81e4a440d2ca,37,Female,North Jasonburgh,High,2021-08-06
4036b75e-c3f6-4de4-893e-3f959f42cca3,53,Male,Michaelmouth,High,2020-05-30
a53c8c2d-9bcf-4812-ab7a-10840de166fb,69,Female,East Amy,Low,2023-11-12
af734530-07b6-48cb-9abc-666657f88a24,18,Male,East Stephanie,Low,2020-03-06
85efcfc8-7afa-44db-95e7-10aee30a5567,67,Female,Samanthaville,High,2023-12-24
922f254e-c6a3-4248-8d71-08e99bb103e3,18,Male,Sylviabury,Low,2023-04-23
4bd40429-64f4-4702-8327-40195f8e362a,47,Female,Calvinton,Uncategorized,2019-10-06
309a0ae4-8bd2-4440-935a-44f504c66431,24,Male,South Mary,Medium,2021-05-08
0954b343-b164-4ddf-bb51-c7c2ae3ce6bc,50,Female,West Lawrencemouth,Medium,2021-12-24
e42f4991-d951-4403-985c-c5633581c34c,24,Male,West Sarahmouth,Low,2019-10-01
7bd046aa-e975-4e90-a602-9d9166b5da32,68,Male,Port Jerrymouth,High,2022-12-31
64d8f1cf-7f71-495f-8ba1-c90332919799,67,Male,Cynthiaborough,Low,2020-10-30
152b0a87-9600-4cb1-b0ae-b43c85433787,20,Female,Howardhaven,Medium,2022-10-20
b82ee981-f4ba-49e3-95de-49084a33db20,20,Male,East Stacymouth,Low,2021-03-28
bb9fe5fc-54eb-40e2-b018-e10336add183,48,Female,Ianfurt,Low,2020-11-06
a5284ac0-f7ab-4894-ad0c-365cf6cb1c12,32,Female,Phillipsmouth,High,2021-09-22
c3547dd4-61cc-495c-a7a2-b103bbae3835,54,Male,Brownshire,Medium,2021-08-09
48549119-da23-41f7-be83-e394412b2e6f,28,Male,East Pamela,Medium,2020-11-21
78ec7e1e-7fe7-4655-9fd9-fbbc633530e0,55,Male,Gabrielaport,High,2022-05-05
5f410d51-be10-4971-9408-38c17e8c74d5,41,Female,East Alec,Medium,2022-10-21
aff6d0b4-099b-42fe-b7e4-ca0622aa4aa2,57,Female,Kylestad,Uncategorized,2022-05-04
6dd8978e-5318-4566-9ffa-57b18aa237b0,52,Female,Lake Melissa,Medium,2023-06-08
95cf4dc5-5521-4559-9b97-5cd62467916e,30,Male,Parkerchester,High,2020-10-02
f6bbcdaa-e3ec-489a-9d20-b2599f57323e,26,Female,Hollandborough,Low,2022-05-12
b098fd09-1bc2-4c6d-9471-e968869aaaa6,43,Male,West Jessicabury,Uncategorized,2019-08-25
428c1b00-d1dc-4d9a-b4e0-60d112f3352b,60,Male,Williammouth,Medium,2019-11-11
af22c4bc-8b3d-4261-9920-fddb8b83607b,55,Male,Port Katie,Medium,2022-05-18
93542fd5-1481-4d68-a22a-21db8ec3ba55,22,Female,Hamiltonville,Medium,2023-02-10
40b91e2f-7da8-48ea-97ec-f623cd22268f,52,Male,New Linda,High,2020-05-18
8f60f9a2-af9f-4d34-9b31-1b572d58b17b,41,Male,Delacruzchester,Low,2020-01-15
510c4dc8-5283-44e1-a4b9-0fce0ada073c,23,Female,Port Jillfort,Low,2021-06-07
8b01dabe-8fbe-46b0-8684-d7cc59a613ba,19,Male,Amandaside,High,2020-09-19
6b33caf2-aa50-406e-bfd4-87286e12ecc9,64,Male,Gabriellaton,Low,2023-11-04
62569bed-8b56-46fb-8325-a8e8c062f34f,25,Female,Staceytown,Medium,2024-04-27
3c0a3687-a1aa-421e-b671-9e4f859c56e4,44,Male,South Barbaramouth,Medium,2020-05-07
ab87783f-5151-4b06-9f4e-324a0f107035,64,Female,North Anthony,Medium,2019-08-27
70ab53ec-988e-4765-a059-e2c9e574c6b5,70,Female,Foxmouth,Medium,2020-10-28
6c5fd8b1-191b-4c4e-9940-63097bed25c5,70,Female,Traciview,Medium,2019-11-21
24883904-8fb6-40fc-b288-1e20291c98c6,47,Male,East Zacharymouth,Low,2020-04-30
850b944b-16e0-4dce-a61f-84cb687b5c05,58,Female,South Victoria,Medium,2021-01-20
7ebb1bd0-ca6b-4090-9351-c4793fdf4bfe,70,Female,New Davidstad,Uncategorized,2021-08-14
a073b8eb-387b-44df-a475-eea590732346,45,Female,East Nicholas,Uncategorized,2024-06-07
c5537a33-a4c2-4e97-b439-a4d59e2baf6b,50,Female,Johnsonland,Low,2023-11-30
7ee0295f-2941-4d94-b649-e782f59f9cbc,36,Female,West Justinburgh,Uncategorized,2020-05-11
a6cdffb1-b3cf-4aa3-af54-e42be3a8c260,60,Male,East Amy,Low,2020-01-30
113460b4-6a4a-4298-b54a-cf639a551f78,60,Female,New Tonya,High,2023-11-05
88efac91-e005-417f-bc9e-57a5deb7f746,59,Female,Hansonburgh,Low,2023-12-10
2cecde18-be4f-443a-9e48-fc7013fce734,43,Female,East Danielle,Low,2021-11-12
83daf4d4-0b79-4938-8936-0237e7de0653,56,Male,Port Michaelstad,Medium,2022-04-30
81d213e6-e289-482d-b2a9-326144b84d2c,24,Female,Johnsonville,Medium,2022-07-12
3086bbcb-41c0-445c-bb8a-9ae2d41a307b,43,Male,New Tammyberg,High,2020-05-04
f9a95810-d0b9-4606-baac-d7240340b329,29,Female,Youngchester,High,2024-02-28
803996fa-5d86-4045-a840-6d4a36ee2ce0,62,Female,Adamsview,Low,2023-10-31
32a6aab3-13d2-482e-ab35-d6bffcee7799,70,Male,Reginaldview,High,2020-09-22
84eb0d99-5f2b-4fad-a39c-8794e94c25e4,40,Female,Jonathanburgh,Uncategorized,2023-11-05
dd326157-b76e-48ca-a375-fd97e1dab6c9,69,Male,Stricklandmouth,Low,2022-02-24
75d369cd-62a5-4edd-b227-57b51e87a2ff,62,Female,Maryville,Medium,2021-02-23
d1819fe7-bcfe-433e-9f59-83aa549cc779,63,Male,Penaville,High,2020-03-02
fa6fd647-df0a-4c45-a6c3-d6354d7249b6,51,Male,Charlotteland,Medium,2022-10-19
ac906dd5-fc1e-4a36-b634-524b38d98142,25,Male,Port Johnville,Low,2022-10-29
ee67e3c2-fae4-41ae-a59c-ad19bb81d78c,36,Male,New Sharon,Uncategorized,2021-11-09
21cf893c-6a1b-4d6b-b7a1-3650ab036955,28,Female,North Melanieburgh,High,2024-02-15
c523a06d-69e9-48ab-9604-a060d44f8aaf,41,Male,East Adam,Low,2022-03-02
4daabb30-a613-4170-bdb6-b79e45d9856b,44,Male,Gutierrezburgh,Low,2021-09-27
70da266d-0532-45f4-b771-dbccb4c66583,37,Male,Banksburgh,Low,2023-09-27
8fc8a8ff-33a1-43e9-91a1-37969a253271,48,Female,Leahfurt,Low,2021-10-25
9b5d531c-c43b-4227-8f62-1fe37743eead,28,Male,Shannonmouth,Low,2021-09-27
b7f316e2-d6dc-4b42-ae5d-429da67a3c64,27,Female,Escobarton,Uncategorized,2020-03-28
78a89caa-958f-4eb6-850c-88f70736f76b,60,Male,Toddside,Medium,2019-11-26
551a4700-bea6-4596-b371-48c0ee1b5bf0,36,Male,Jamesfurt,High,2023-03-04
e06f0e16-8e48-483b-b103-9f105b139ca8,68,Female,New Katherine,Low,2024-01-25
911d5518-9c25-46b2-8c6c-fd0dfae0f9db,18,Female,Mannington,Low,2023-05-29
ab125c81-4129-466b-a8a4-f127fa73e694,26,Male,Port Kathleenville,High,2020-06-12
59e1ccfe-8f67-4f2c-8e4c-f1483df35ae8,42,Male,East Stephanieland,High,2021-01-09
104bf67f-1567-4f5e-b41b-64b230b1e898,45,Male,Smithtown,High,2024-05-31
dd3e83e3-e96e-4b3f-9618-63adc37d3bf7,25,Female,New Catherineville,Low,2022-04-21
d6ed3502-78f1-43f9-8e6e-08036713d30e,27,Female,Josephburgh,Low,2022-04-08
9c3b9b35-fae7-4692-9020-d19431d7162c,68,Female,New Deborahmouth,Uncategorized,2021-09-15
bcc09f71-4f5e-41fc-96c9-787234f3278d,59,Male,Lake Brandiburgh,Medium,2020-08-23
75675707-f167-4964-ae1c-9081f3a8f775,36,Male,East Dakotaborough,Low,2022-08-05
8293800b-3b95-42b6-b9bb-80737109e549,28,Female,New Terrystad,High,2022-09-22
06af0246-5f53-45f4-997e-bf42706b11d7,53,Male,Stevenberg,Uncategorized,2022-11-25
74364a0b-426f-4da9-8cba-d18cf33c6e39,41,Female,Cassandrafurt,Low,2023-02-21
be6d0504-0efd-4ae2-8121-31372c6eefc3,27,Male,New Richard,Low,2020-08-29
ef10b8a1-1014-4edf-a80e-207b7790e894,64,Female,Jamieview,High,2023-03-14
ed585d22-017e-4f05-aa00-858c875646e3,50,Female,East Jason,High,2022-01-24
84d3ab76-1969-481a-a3e2-6ac901725045,31,Male,Lake Joseph,Low,2023-12-24
81686210-68e1-41c0-b77f-7c61e21dab8c,57,Female,Aprilland,Uncategorized,2024-06-08
c95dd000-c041-4a0f-9bb4-1d43d2336aa1,27,Male,Pughhaven,Medium,2024-03-11
092b15d2-2ae3-4db7-a40c-950399b76d08,32,Female,East Tracy,Low,2024-06-08
210a1b9d-b708-4071-b600-46a1df62bfde,44,Female,Kristinmouth,High,2019-07-27
89c577d3-44ff-4129-9169-034642c47cf8,46,Female,Clayshire,High,2024-06-24
f5172879-62d2-429f-8170-e7b96906e7c8,51,Male,Nicoleside,Medium,2021-08-14
60567026-f719-4cd6-849e-137e86d8938f,37,Male,Port Eric,High,2022-03-09
dd2a43cd-bfed-48e5-80c7-a27d7991a6ae,46,Female,Marystad,Medium,2022-01-28
e8378bbb-5280-471b-85ce-7d03ad33528d,31,Female,New Lauren,Low,2024-02-20
66a5402f-681b-485f-8e79-82e647fd97d3,51,Male,Taylorborough,High,2020-08-27
463e4505-d57f-4976-b9d9-20866f01eb0f,69,Male,Lorifurt,High,2020-06-19
f84dbd5b-2a2a-43b9-95e7-79d4c354cf81,64,Male,North Kari,Low,2022-11-05
9ecddfde-5bba-42c0-b4a4-8eb1b8f87c17,38,Male,South Ericport,Medium,2022-10-15
6dfdcd2e-3918-4dcd-b2bc-34cea11060be,25,Male,North Shirley,Low,2023-10-25
648dac00-686c-41c0-8d59-3bee7d3bd390,60,Male,West Anne,Uncategorized,2020-12-19
dd68aaa6-d50a-4b2f-be13-0331ceae7708,53,Male,Pamfort,High,2022-11-03
138bf6a0-6739-4cb5-9b8b-09c2a8c0aba6,27,Male,New Waynetown,Low,2022-08-24
7cd488a8-e53b-4612-9f00-d499387c1d7b,35,Female,East Scott,High,2024-06-02
47bf3bc6-17a6-4b21-82b5-90f78af4c25c,59,Female,Smithburgh,Low,2020-02-25
ae828d06-d474-4ec3-9327-0662508c9e6e,28,Male,Petersonfurt,High,2021-03-27
1a103b87-f903-40de-8615-fdb7a50db074,43,Female,Charlesbury,High,2021-02-07
be4e184b-21d4-40f3-926b-bb3d6504942d,56,Male,East Albertberg,High,2023-06-28
03fadc2e-1b9c-4386-aaa9-315f10e504ce,20,Male,Port Anthonyfort,Uncategorized,2022-04-23
1ee3bb5f-94ab-451d-89bb-9f1180ed009d,25,Female,Wrightfort,High,2020-06-16
c70e2421-314d-4b85-8417-2aa4bb24500b,37,Male,Norrisberg,Low,2022-11-12
9de4e68f-2be5-489d-bbe0-e2dff3d3d24c,59,Male,Longland,High,2022-06-24
34c5a998-e0ec-41b1-a904-5e02e75ce5c2,19,Female,Johnsonmouth,Medium,2019-12-15
ac456140-869e-424c-936b-6ed9db57af18,52,Male,Martinezhaven,High,2019-08-28
0cf298e7-5527-497f-b764-90599766f2a3,25,Female,Hallmouth,Uncategorized,2020-03-30
af4927ba-261a-43f2-93fb-87c102029ebb,65,Male,North Melissaside,Low,2020-06-10
dc9d2470-1bc1-4d74-a449-decd463b89c0,66,Male,Arnoldchester,Low,2020-06-06
6ddbc7a4-d655-4b0f-b6bb-ffc1d0960a1b,54,Female,West Georgeberg,High,2021-10-02
a7e27157-14db-4596-8c76-2e9aaf7b34cd,58,Female,Sheltonport,Medium,2023-07-02
bae0db70-6b65-43bf-8821-1327fce28bc5,69,Female,South Alexanderfort,High,2022-07-26
d5f8626d-9470-4900-81e4-c8c43e132d05,38,Female,South Derrickville,Medium,2023-08-25
c814c7e2-76ee-484d-89ef-8982fcfed5f7,36,Female,Lake Stephanie,Medium,2020-06-10
94af9fb6-cf6b-47ae-94b1-932bc5da0e25,66,Male,Port Destiny,Uncategorized,2023-09-30
f60d8a18-c1e3-4db1-9a6e-892ac22d3c35,30,Female,West Kellyview,Low,2024-01-20
5510c76b-6eaa-49da-b360-10ed930ab330,44,Female,East Jamesland,Medium,2019-08-09
07e5ffc3-0402-45ea-9b53-a75abaec9222,49,Female,Starkfort,Medium,2019-10-25
481bcc62-9dcb-4766-bbdd-79f5554d73f8,31,Male,South Kelly,High,2023-09-24
675a23dc-8d6e-483a-b0ec-4dbcc6812db9,64,Female,West Vincent,Medium,2022-12-11
bf0ab935-f8a4-4d18-894c-bbd1d776a07d,52,Female,Lake Mario,Low,2021-03-13
f603932e-b69c-434a-a986-e317ac9bc0fc,67,Female,Hillhaven,Uncategorized,2022-03-12
4f938bc6-ff34-4b9d-9043-4187a26b9fff,54,Male,Lake Destinyborough,High,2023-02-15
07ea2879-d2f9-49ab-935b-d5d2e21ca816,45,Male,New Brittanyberg,Medium,2019-09-21
6218d1e7-52df-4ed9-a5e4-f2e726babb3d,53,Male,South Elizabethtown,Medium,2020-01-17
5251218b-9e9b-41c5-8956-0a17d71f1165,24,Male,Jenniferland,High,2020-09-17
1f20eccf-664d-4f9b-b7b3-6c7e5ab0a5c6,51,Female,Jamesview,High,2020-04-13
d29b83ca-47c7-416a-8efb-72e8ce777995,68,Male,Austinton,High,2022-11-05
454e8612-79c8-4ef6-96d8-c369d6f50825,64,Female,East Sandraport,Low,2020-03-21
4fb247da-c995-4a46-884f-ca2a93389c8d,24,Male,Lake Kyle,Low,2022-05-17
030c85eb-9872-47e3-83ca-0ac4af613294,66,Male,Alexandriamouth,Low,2021-01-31
9b3834df-9bdb-45fa-a69e-e8ed87f80383,33,Female,Larryfurt,Low,2019-09-22
c4564107-c103-4f5e-bda4-314c9d46af7f,48,Male,Lake Shaun,High,2019-10-20
8a3b08df-5162-4ee5-b1fa-55bd3bedf3e4,47,Female,Michaelville,Medium,2021-07-13
311fda86-bb13-4018-ad0c-7bc594d6148f,30,Female,Zacharymouth,Uncategorized,2023-05-07
4221b3e2-b488-480a-a819-42969646c3fb,23,Male,Port Charles,Medium,2022-03-25
9423d089-86b6-4df7-a231-b9a7d06c43a5,42,Male,Karenshire,Low,2022-06-20
e624cc84-7f12-4030-8abb-b98de06fede3,61,Male,Oliviaburgh,High,2023-09-22
0a9c6bd1-ff15-44cf-99c1-d6006b38d768,45,Female,Martinezchester,Medium,2022-02-22
b01fc0f2-d8a1-47c1-a96f-5a9e8b2870a1,69,Male,Paulshire,High,2020-10-23
064c6d93-5842-49ee-b934-43a9319e9707,65,Male,Herreraburgh,High,2021-08-07
fa7d31de-04f7-4c22-a723-2cdb144c55d7,55,Female,East Christopherburgh,Low,2020-07-05
2b5a0696-93c9-4ae1-b314-ba7060bb6d50,36,Male,South Josephport,Low,2020-09-21
f0ec8904-93cb-40bc-82cd-96ee6c34da9b,70,Female,Natashamouth,Low,2019-11-06
2fa1e05c-4194-449e-b7d8-667e6fe268ea,32,Female,Erikaberg,Medium,2019-11-21
33410797-fbbf-4d7e-ad1b-db2544d1b122,42,Female,Lisaburgh,High,2022-05-29
8a207b98-b880-4780-9919-d9d99d312eea,64,Female,Nicoleport,Medium,2019-11-18
4e0b3ce7-f89f-486b-bbbf-a5f258f661b8,21,Female,Myershaven,Uncategorized,2022-07-17
3b50d972-3484-45ed-9168-99f2767cfffe,61,Female,Smithchester,High,2023-07-31
cd945724-5b93-44bc-8921-ad0c41af8ec1,47,Male,Elliotthaven,Low,2022-10-28
23c9a49a-62de-4659-8a96-8e0313f04cad,65,Female,Martinezshire,Low,2019-09-29
7ec817cc-3080-4355-9022-c58b6d534785,60,Female,Kimberlyberg,High,2024-01-05
e2b61ce8-65cb-437f-a370-4feef6395a80,63,Male,South Tanner,High,2022-11-12
6154b65e-fd07-4aa4-a275-18da9988709c,30,Female,Kellyfort,Medium,2021-08-13
e8d8dccc-96b4-4451-ac1b-c4de6d18c3dd,34,Female,Martinstad,Medium,2022-01-31
e16941c2-b657-443b-b830-79ded3a2b67b,52,Male,Robertsbury,Medium,2021-01-27
75bd1110-ec74-4047-97ac-e0ff36559596,68,Male,Port Kyle,Medium,2020-12-07
4f1e9f9e-55ed-4aaa-a273-8a1a05e80391,59,Female,Patrickland,High,2020-07-28
700a2326-efbc-4774-b564-0fe6ec9eb34b,57,Female,Michaelville,Medium,2020-08-02
a0a6d222-668f-4476-bc29-f2d7b69aa9dd,58,Female,Scottburgh,High,2020-05-06
b84c6729-8e89-4806-92d4-55c7e4da50d9,34,Male,Wagnerton,High,2024-02-01
02dd6be5-0a8a-4efb-9d7e-45d9ad82b1d8,42,Male,Port Aarontown,Uncategorized,2022-08-12
34c73bdb-588c-4674-8c8c-a6f1fac456b0,61,Female,North Carlosmouth,Low,2023-03-21
53408519-26e0-465e-bd85-3da3424c147e,67,Female,Port Shannon,Uncategorized,2019-08-27
a564b20d-5525-4865-8113-20c1800cd39a,54,Male,Crystalfurt,Low,2023-08-30
279160e2-602e-4803-9ab3-050004921a93,33,Female,New Christinaborough,Low,2020-12-19
616e2347-91b4-4a50-8a15-4c65aff20788,47,Female,Allisonberg,High,2023-02-24
d3b37301-dfba-4182-a0be-1da6f2186393,47,Female,New Marcusburgh,High,2023-01-12
bf62da41-16fe-4fc3-8202-22bd3ac47c68,57,Female,Garrisonstad,Medium,2023-01-05
60b4f94b-9fe0-4851-82ea-64d10af847b8,66,Male,Onealberg,Medium,2021-11-03
1fe699a4-99b9-4787-99ec-27d49fe60a14,43,Male,Johnshire,Low,2019-09-15
1e149041-13ca-4147-890c-3dee10c249e8,65,Female,Littleburgh,Low,2021-06-22
a27c9e64-5b69-40df-b523-2359497a0c00,48,Male,Lake Ianland,High,2021-03-18
66987651-e469-4fc4-a5ca-ed23c08959fb,34,Male,Martinezshire,Medium,2022-01-29
1ffded5f-b38d-45b7-943d-4100779c3599,69,Female,Susanton,High,2021-08-01
b6d2e33f-a312-4e2e-95f8-934f62318a2d,26,Male,New Anthony,Medium,2023-11-28
0ebb748b-43c4-4ed2-aae8-1cea699816a8,69,Female,Kimberlyland,High,2021-10-23
f694e1b2-aebe-4cf2-a528-d7a1f9e588bf,40,Male,Olsenfurt,Medium,2023-08-24
1f8140e6-a96b-45d9-ad79-614bd7fb317d,54,Male,Tamaraberg,High,2023-02-12
29bce3fc-ae36-42db-88d0-d9a87542acfa,38,Female,West Deborahbury,Uncategorized,2023-01-15
df64f189-af19-4b72-9997-1fc482ac5d40,37,Female,Collinsview,Low,2024-01-08
ec3f29fb-a953-405c-81f5-397eed71a76f,62,Female,Port Leah,Uncategorized,2023-04-18
f75af46f-9dbe-4565-9adb-b8ca9122b671,24,Male,West Robert,Low,2022-11-18
b65379c5-ac8c-41b6-a93e-62a46b50d0ac,41,Female,Tylerbury,Medium,2021-01-21
92012350-c38f-4911-987b-6c574e4826b7,62,Male,West Elizabeth,Medium,2023-04-12
973945a8-ea5a-4106-b169-fcf330e4e6d2,43,Female,Lake Yolanda,Medium,2020-04-24
6b6cd86a-d0af-48ab-ada5-e596f726cffa,53,Male,Wendyton,Low,2022-03-02
524b6ea2-4194-4af3-bb10-871238f96f77,49,Male,South Shannon,Medium,2020-01-22
60e5552c-51f9-4d7a-b90d-5ac4a5e1756c,62,Male,Jamesside,Low,2022-02-16
928a0274-1a0b-4109-9b59-0303cb1a6837,62,Female,New Laura,Medium,2021-12-20
ca1e90f6-0e5f-492e-ab92-252ff540da18,62,Female,New Nicholestad,High,2024-02-10
fc54824c-9239-4973-8681-fb29caef748e,40,Male,Mccallport,Medium,2021-11-24
3814b8e4-cade-4665-86af-dda3e3628f17,32,Female,Port Bonnieshire,Medium,2021-06-25
0cb9ffd9-da09-4b10-8e1d-60d84889933b,69,Female,West Andrea,High,2023-06-02
2595b6ef-fefb-4725-821d-bf18ef364499,34,Male,Rushchester,Medium,2020-10-02
10a9acc4-a2d1-4211-8e61-07fdd9a9a689,52,Male,New Richard,High,2022-12-14
c18592c2-7f7e-4f3b-bc5b-2210b007a8f5,41,Male,Mariahhaven,Medium,2023-11-12
b7e6da15-7fa4-4b59-a121-b3c6edf7b416,30,Male,Port Justin,High,2023-10-27
be10f9ef-a8e8-4ee2-a296-48c31c209b14,58,Female,North Reginafort,High,2020-01-19
6df49541-947f-4657-8ec6-6a1a5d6f033d,18,Female,Pamelatown,Medium,2020-04-29
fd2ee575-5efb-4aa7-b877-b25e2188ce27,33,Female,Jennifertown,Low,2022-12-10
6fc9f0ec-7c57-48d3-a613-e717798ddf39,26,Female,South Christineton,High,2024-04-01
f0c55dc8-d7f6-481d-8992-af3ce9453a51,70,Male,New George,High,2020-11-25
00e05318-dbc7-4254-b2f1-a0b47af8a2fd,28,Male,Frederickbury,High,2020-07-17
16d0b561-279d-4da9-9aa8-8c5906dff79a,57,Male,West William,High,2022-12-10
df6e97e4-a79a-4429-a4f7-300a2e95ec73,48,Male,Port Jennifer,High,2022-07-14
4d348827-d2bd-4303-99aa-97a2ce15563f,69,Female,Carrberg,High,2020-09-16
165308ea-2fc5-43e5-80ae-d135c2aefe70,52,Female,Jamesfurt,Medium,2023-10-21
ec48d5a4-fb1d-4168-9fff-01a1780d555e,23,Female,Anthonyborough,Medium,2021-01-28
a182297b-e38a-43a7-bc51-572645ba843b,66,Male,East Melissa,High,2020-07-04
1c9ad74b-39e5-4a66-912b-1ec5bd75d9e0,30,Male,Amyview,High,2023-05-09
4f826eca-8187-4f86-bb0b-37338c896d50,31,Female,Claytonburgh,Low,2020-08-22
b27c34a1-416e-4fd0-b5a2-b62dde9ee452,34,Male,Dakotaport,Medium,2020-03-09
46244fc9-7e26-4c15-bf13-c8f8064b2601,40,Male,South Tricia,Uncategorized,2019-08-26
2eb6a3f0-488a-44d3-a260-86da1b289ce0,49,Male,Bryantburgh,High,2022-02-12
eb39e61a-358e-4e5a-9370-1d612cdededd,68,Male,Williamsmouth,Low,2022-09-21
f3387277-5484-4efc-8654-296b842463b9,33,Female,Tiffanymouth,High,2024-01-31
0131ff99-d96e-4ce1-9791-c92f3e39fe83,30,Male,Donaldberg,Medium,2020-01-24
92688eb8-d6ea-4850-90c7-e08cd7e9eb09,24,Male,North Jeffreymouth,Medium,2024-05-10
c448b2f5-80a5-4fde-8144-8bea32bc3618,40,Male,Millermouth,Medium,2021-10-30
8496167f-5a05-4be9-bb1a-eaedcc0d9dc3,56,Male,East Lauren,Medium,2022-12-29
d407a32a-9402-4cb6-9cb3-8200a608566f,54,Male,South Timothy,Low,2019-10-07
3a60c8b8-d136-477a-94e5-f25227cc565f,44,Male,Bonillaport,Low,2020-01-28
ca9a0a22-c7e0-483b-9285-75d43bd2f8a0,57,Male,North Kelly,High,2024-06-04
cb3d62ff-4018-4d7e-886d-cf58d77e0ea1,48,Male,South Jacob,Medium,2023-01-08
7ed42894-97c1-4a15-a85d-e1d40db3dd05,35,Male,Danielmouth,High,2020-01-30
12e07fbe-0ac4-4552-b083-255196ba0854,40,Female,Markville,High,2023-02-09
b0fe2096-efb2-4aeb-b4b0-e8db92bdf4af,70,Female,Brownberg,Low,2023-04-29
cf45e97a-aba1-449e-98b0-9611ec70e68a,21,Male,East Christophermouth,Low,2022-03-18
12662ab0-15a4-4d99-a768-89320307d8fe,55,Male,South Kristinstad,High,2020-12-06
2a36ba73-e710-4a2f-8d90-2cbe1831e30f,25,Female,Tinaville,Low,2020-05-12
da4a5384-df66-4e75-8202-8241b4090e1b,53,Male,Mariashire,Low,2024-03-10
5f235814-26b6-4095-98ed-578a46d31c65,45,Female,Port Brittanyhaven,Low,2019-11-02
778da54b-8f96-4609-a21b-bba3d7f071ea,25,Male,Clarkmouth,Low,2022-03-09
996dc968-4b6e-4dd5-ab98-e69a88eaca15,31,Male,Andrewchester,Low,2020-01-05
86afcf3f-ef6e-462b-84fb-589fddee7d49,59,Female,North Darius,Medium,2024-04-10
29446541-1b01-4302-8c3b-a80763a00580,18,Female,Ryanburgh,Medium,2024-04-16
9b8c33cc-4121-4fad-82ee-fb5fa49b1b74,27,Male,South Bradley,Low,2023-02-20
5310e98b-e14c-4df9-be6e-502b68630a5b,51,Female,Mitchellberg,Medium,2021-01-22
46471751-46b7-42f9-afbf-a02412e647ee,20,Male,East Charlesburgh,Medium,2022-04-23
2e04f5ca-4a8a-4971-b73e-a1699b9777be,21,Female,Angelamouth,Low,2022-11-21
16120901-738d-417e-a271-6aaf0d6caa83,48,Female,Port Jaimestad,Low,2024-05-03
d8e2c905-3d1b-4c83-8ac2-02d8452291bc,60,Female,North Davidmouth,Low,2023-11-04
818e18a9-18f0-4ffc-9cbf-8c447e4bee69,34,Male,Mirandahaven,Medium,2021-11-11
b0ce5c86-420b-4bc6-be06-02814c3feb2f,62,Female,Hunterhaven,Low,2023-07-25
bf193531-a716-4c50-9ebd-c071a6658766,43,Female,North Tracytown,High,2024-05-12
6bdf083a-ab78-4720-8cdd-1adf010ef2ed,49,Female,Morganport,High,2019-07-09
03f87e96-5555-4698-8c2b-5e8f59c1cd76,62,Male,Sophiaberg,Uncategorized,2021-06-01
da98411d-10af-4b6d-ae13-d98e83a98305,42,Male,South Meghan,Medium,2023-10-09
74e1d393-6652-499c-ac7a-0d25d6c6f845,49,Female,Christopherhaven,High,2021-12-06
b3b912ee-bc75-4ba3-aa9c-4be51830ed21,37,Female,Donaldstad,Medium,2020-02-09
56f6bd5d-9a60-4904-a392-dfa4c745c23c,21,Female,East Janestad,Low,2019-07-27
c13169ba-5d3e-4cb8-9ffd-dfd1ade233a8,70,Male,Sheilaborough,High,2022-09-03
7874d078-3021-4170-bc0d-08bff84130ad,22,Male,Abbottside,High,2020-05-09
f3944eae-0876-467a-94ce-5c3b9813b454,18,Female,Port Amy,Low,2019-12-24
77c3b49d-52a7-4559-b53f-0b8e01476e12,34,Female,East Makaylabury,Low,2024-02-26
13c2cba9-a93e-4167-86c4-8326e3cff8be,37,Male,Baileyborough,Low,2020-02-23
f53ca52e-ad0e-49c5-84c4-25c8be29ceff,59,Male,Jenniferstad,Low,2020-04-08
efdfdfc9-5dbb-4478-911a-101a390a0285,50,Male,Deniseborough,Medium,2023-02-02
97bce874-b534-43c8-a49f-563dabc968bf,65,Female,Hallton,High,2021-11-25
a9a3312f-93fd-444d-8480-f3f9568f00c8,64,Male,Michaelville,High,2023-05-31
0b5275cc-0b6c-4451-ac40-469e74c35f00,33,Female,Port Aliceton,High,2024-05-09
662e1733-738d-41ef-8538-645f35333eb3,54,Female,Curtisbury,Low,2021-01-23
020b3cac-9f2f-4d73-b078-c94099d75240,18,Male,Toddtown,Low,2019-12-22
36d99323-1a8b-45ed-bd7d-30b948e29684,68,Male,Russellborough,Medium,2020-03-29
3a5e0a7f-d144-44cb-ae6c-2799cbf8fa94,49,Female,Port Carmenberg,Medium,2022-07-08
f54846a5-1d80-4498-a956-32ed51018f4c,65,Male,East Linda,Low,2023-08-11
ca6727ab-9c8c-4fb7-8b7a-d6f0adf8dfa1,25,Male,South Brandyshire,Uncategorized,2023-06-24
00e3c219-db57-4ed2-bc50-99a18fea33a7,52,Female,Clementsberg,Low,2023-08-26
8fb381a7-f59a-4da7-be95-d61ca40cf83d,49,Male,New Tiffany,Low,2022-02-14
78fec206-bd61-4111-8a5b-6c450b8e4268,26,Female,Christiantown,Medium,2020-08-18
6fa9f01c-09f8-44fd-8e18-51ca4f3921bf,67,Male,West Justin,Medium,2022-05-11
8a365464-16f7-4f07-9695-523ed5e54461,70,Male,Robertton,Medium,2020-03-18
01b59002-9e5d-4e67-bce9-c50430acef3a,26,Female,Georgeburgh,Low,2023-06-30
322d552c-3a57-48dc-bfff-7804e35ab734,61,Male,West Harold,Low,2020-10-10
e5f95782-43ff-40d9-89d2-d7f9bffbe205,32,Male,Lake Crystal,Low,2022-09-15
fc23b4c1-328e-493f-90d6-1fa6619a6dd9,43,Male,Kanechester,High,2022-07-24
88eec86b-65ca-49d4-9f92-55ee41cf25ca,39,Male,Christophertown,Medium,2022-12-02
904ac3b7-e3b8-4462-9357-17721fd3315f,56,Female,Conwaymouth,Medium,2022-07-31
0a21cfa0-fa4d-45f6-8236-4995799bc0cc,38,Female,Donnaport,Medium,2023-10-25
40ff4d4b-1217-4d59-80cf-c63de25c06d4,27,Male,North Kevinhaven,High,2022-05-27
0d6a0c4a-8e36-498c-9695-0e4fcbc19ad5,19,Female,Lake Kristina,High,2019-11-17
b22eb6bb-1742-4cc3-ab63-3b56ad1f8121,27,Female,Grantfort,Uncategorized,2021-11-02
861294ac-c6ac-4860-8fdd-f8e9b1a893a5,23,Female,North Tammy,Medium,2023-12-21
3fc8273c-1793-422e-b1b7-4f1217622e5c,70,Female,Nicholsside,Low,2020-11-04
5d70c85d-45b7-4f0d-bdb2-7945e2350942,36,Male,Sethport,High,2024-01-01
a89a9ca8-afae-4f78-9dfe-514d9d8e5735,23,Female,South Nicole,Medium,2022-08-20
80afb9fd-6751-40b6-b4ff-f3c08e12d4c9,34,Female,Molinaside,Medium,2021-03-29
667b0a6e-53b8-476d-be5b-215bfe49f60b,43,Male,South Justinton,Low,2023-06-17
c16f42a8-3339-49f4-9aea-c1dda8b0701e,70,Male,New Ryan,Medium,2021-08-04
7721656c-56b7-4cbb-bfca-fd38a3b98ad6,37,Female,South Benjaminchester,Low,2020-11-06
b3091754-e6f1-4352-adb9-1f4651c04d2b,38,Male,Smithside,Uncategorized,2019-11-11
2c6e2999-a381-4ad9-9731-e53a746da9f8,67,Male,Port Matthewbury,High,2022-03-16
9d70cc2a-2179-4955-9ab5-f6a8e99b377a,47,Male,South Brenda,Low,2019-10-21
ecca2cc8-1a5e-4fa5-b414-f9d6583e106d,40,Female,Johnsonshire,Medium,2022-05-01
42da3b26-e9c9-4676-938d-4486bfc38ab6,19,Male,Wilsonside,High,2022-03-26
f8e05878-b789-4982-8680-2122ce530848,69,Female,Johnsonberg,Low,2021-04-06
f41fdf51-bf58-4cb8-893d-0ca400e640e5,56,Female,Rodriguezfurt,Low,2021-01-24
1aae80b1-13e4-41df-b430-4a94d5416bd4,55,Female,East Jacob,High,2020-04-15
c9158142-8cc1-452d-9c32-5760943ded3d,46,Female,Racheltown,High,2019-07-12
6ad843a9-9ca3-4835-a20c-6e81665594e6,62,Female,Coxhaven,Medium,2024-02-16
d4d508a7-1fe5-4321-b314-bda3ddb3cdda,32,Female,Turnerland,Low,2019-12-10
c3f015a0-2ec9-4ebf-9edc-3b1190bf9fc7,60,Male,Port Jessica,Medium,2019-09-19
37709633-2fac-4ab7-b420-8420cbdd4bdb,42,Female,Sanchezfort,Medium,2023-03-07
de6daef1-ac70-4533-869e-ccdb5e7a25bd,18,Male,New Allenmouth,High,2022-08-28
940e1d2b-75a3-4eb3-bcfb-94f899c04a35,61,Female,Kellerburgh,Low,2022-01-21
a7937edb-0b78-4642-afd6-50e3b4cf66b3,46,Female,Joneston,Low,2023-12-31
cccb312c-4304-4bd8-a66f-6a39a1129846,67,Female,Port Kevin,Medium,2020-11-12
15b35d8e-1e31-4902-b912-94387a175204,30,Female,New Jason,Low,2022-08-15
e8621a96-7c59-4079-88b1-b6ebd790f1b6,62,Male,Christinatown,Uncategorized,2022-03-03
b6d5b373-c307-44f4-a89c-ac7a56c9b103,70,Female,West Clintonland,Uncategorized,2021-11-04
9423d7e7-2239-478f-9a2a-5ce386882aa2,63,Male,Lake Justinstad,High,2020-07-28
f3607f0a-e99d-435a-8f43-6060f5f03735,62,Female,Lake Jamesmouth,Medium,2021-03-24
dc72a8be-9df4-4223-83ee-50131b249bd3,46,Male,West Sherri,High,2023-02-24
c6789ac7-81c7-469a-a613-fe1fe1487953,25,Female,South Samanthaburgh,Medium,2022-09-24
35434af3-775f-4360-82fb-972481aefd54,28,Female,Davidland,Low,2020-07-31
d0b313e1-147e-424c-a3a2-586f6384c516,53,Female,West Jefferyborough,Low,2020-07-21
91b64546-d5de-4665-834c-4dd0de6f8026,22,Male,Courtneychester,High,2023-04-07
bb07fa4a-8680-4b77-b1ad-5d2f67570252,52,Male,Port Davidtown,High,2019-08-06
d2b307f5-9903-47d3-815f-79ab5283a49c,63,Female,Jeffmouth,High,2021-11-09
00115fc0-f155-42cd-ba68-58aab67b3360,36,Male,Nelsonstad,Low,2022-02-16
0f0df24b-7464-4f5c-a7fc-ebfd112b4b5b,19,Male,Georgeside,Low,2020-10-30
4bd03101-920b-4a3a-a83a-f6f4bb8f468e,67,Female,West Debraport,Low,2024-02-07
f4b519c5-250e-4834-a0c0-c10b1e3eecda,28,Female,Walkerberg,High,2021-12-09
695733df-dac7-4995-b5b0-4ea7aa00d6f8,52,Male,South Dianafort,High,2020-05-28
bd1da171-46de-4ce9-bf3a-34ed34c4d25f,44,Female,Jeremyville,High,2024-05-24
ff481c1e-2398-41e4-a0ab-621985a4a44b,51,Male,South Michael,Medium,2019-08-09
633da32c-9390-4216-bb7d-a7e8b2274777,28,Female,Lake Megantown,Low,2019-07-08
b33cc50a-b96d-4bae-b056-82446c576152,38,Female,Nelsonside,High,2021-09-20
827c8fb0-1d40-43c5-9333-0ea9d52d25a1,27,Female,Lake Charlesshire,Low,2023-05-05
1fc78651-b7b5-4637-b42f-bc2725e27946,23,Male,Port Michael,Low,2019-10-22
f95546c1-e96f-486a-ab84-ebb048198b4e,56,Female,Lake Alecview,Medium,2022-12-01
961ea5d2-d165-46be-9e55-798607bc8177,52,Female,Maryfurt,Medium,2023-10-29
023ed57c-89ac-41ca-bf74-87bc4a8dd42e,29,Male,South Francisfort,Uncategorized,2021-12-30
a7c29c33-e968-4d84-82cd-1269ed1e7c1e,52,Female,Virginiaview,Medium,2023-03-16
edd44c40-873f-4fbd-9ceb-8e9c59254485,69,Male,Lake Terri,High,2024-01-14
2ad0193d-7aa5-4bb6-9da7-05e401230a74,58,Female,Williamborough,Medium,2023-01-13
e8b4797e-90c9-4e6c-a859-c57df6254514,25,Female,Aguilarstad,Low,2023-06-04
02b325b3-f763-47f0-8454-d8cb65fa1832,58,Female,Port Christinahaven,Medium,2021-10-03
5c835bc5-5e5b-48ed-8c68-bc302f06b216,23,Male,South Victorburgh,High,2020-03-24
f787262e-1a58-4b99-a1b4-375453a53412,54,Female,Parkerport,Medium,2021-02-06
a3ceaaae-d389-4f71-801f-182316d6b788,66,Female,Schultztown,Medium,2022-06-04
ad21da52-d3d5-462d-bf3b-841e989ba1be,26,Female,Williamburgh,Medium,2020-03-19
e4316b43-c66b-44e1-8f0e-a0bb4ff9ed26,21,Male,Perezmouth,High,2022-06-11
26731b9b-4666-4a73-9d31-723dc46be09f,55,Female,Schneiderview,High,2021-07-28
6c9ac6d4-1b80-4f5d-a26c-6ba8e19bd59f,38,Male,South Wendy,Uncategorized,2022-12-10
62a9bff7-0a8c-4647-9923-941d7f189c25,34,Male,New Brandonville,Uncategorized,2022-07-05
a60e0cb6-7b43-44f2-956a-16caae372e9f,70,Male,Port Joseph,Low,2021-08-18
9c4eeca5-47b9-422b-88e9-2cc77cf58a20,66,Female,West Jay,High,2021-03-29
4c891c44-2756-4119-bf66-00a767316458,35,Male,West Jeff,Medium,2019-09-11
11b046f0-b091-4bfb-b0f4-df58bfea039a,34,Female,East Antonio,Uncategorized,2021-12-29
e428f752-7388-44dd-8461-13f18101a835,67,Female,Wrightside,Medium,2020-04-09
b89af461-8e4a-44e6-b33d-9ed1746a0d23,20,Female,Zacharyview,Uncategorized,2021-09-27
9ff4729f-7386-448c-8205-ce0995a50c9b,66,Female,West Tonyaport,Medium,2021-09-14
34878e84-afed-4cb1-a969-08a070c6be85,20,Male,Kingbury,High,2022-09-15
00d4fbfe-5ce0-4d87-a307-b15801d1373e,18,Female,Port Howard,High,2022-10-31
28d8cbac-23a2-4953-aa60-f1fec74581b6,68,Female,South Jared,Low,2023-01-20
46402a3a-4a33-4677-9540-3043a4fffe14,21,Female,Williamshaven,Medium,2019-09-22
2ddc8052-fbbe-471c-a43e-54b81467423d,27,Female,Pattersonmouth,High,2019-09-16
bf67d7a6-f689-4aa7-932c-44ed4a0106da,31,Male,Ryanmouth,High,2024-01-22
9223891b-73ff-4d5c-b8ae-13ece82ee28b,46,Female,Sherriburgh,Low,2022-04-22
06d90ad7-f0cd-411b-8dc6-2b3132fe42d8,54,Male,Hardymouth,Medium,2020-05-03
4de89717-0180-4856-9895-30818a271462,47,Female,East Michaelberg,High,2023-08-19
48ba61eb-1ce0-43ae-88ec-82a11872e1f3,21,Female,North Leah,Medium,2019-08-14
7f237eb5-f4a7-403f-a3cc-72748ee810c6,59,Female,South Danielburgh,Low,2024-01-04
2d9ee92e-f200-426c-bea4-ced009f598ec,28,Female,Christopherview,Medium,2024-03-21
3c7fde22-eebd-4669-860a-e4b5574e4158,51,Male,Burnsmouth,Medium,2019-08-18
cd406f95-85b9-4aa4-b550-71136df2534b,55,Male,Lake Matthewside,Low,2019-07-13
efa73de0-f044-49ae-8118-c5607b420e4c,66,Male,Danielside,High,2021-01-19
0829ffb0-ff21-4427-8d2f-ac951aadb25d,39,Male,New Jenniferfort,Medium,2019-08-27
ef43348f-ca24-4768-9ff8-49d61372c266,25,Male,Barnesmouth,Low,2019-10-08
c955772a-d585-4042-9a3c-1409ac7f5a49,25,Male,Fernandezberg,Uncategorized,2019-12-12
9556b64c-756a-4825-8c23-26a54a672a01,64,Female,Johnview,High,2023-12-25
faa2a70d-a748-4349-98fc-faef6ac1ed83,35,Male,West Derrick,Low,2023-10-26
153e984c-d96b-4749-b0b5-ca0f7490a048,65,Female,Lake Christianmouth,High,2020-02-20
13055ed6-bead-43e7-ac2a-faba56cfc647,31,Female,Alexanderberg,Low,2020-11-03
2f06ee05-aa32-4c21-a686-fe74584a6beb,46,Male,East Martinborough,Low,2021-10-31
b4d77e81-1ad8-435d-ad3f-e60c25593417,33,Female,Mannburgh,High,2023-10-25
0cbeab3c-6f56-405a-a3e8-0bd857c6425b,36,Male,East Lorihaven,Low,2020-08-22
fb54e89f-87cc-4b19-9c19-9488273a3a69,31,Male,Lake Stephaniemouth,High,2023-11-01
6f10859f-bc90-47f3-97d8-ca8d1db06bb3,59,Female,Port Melissastad,High,2022-02-24
a8ccf847-c308-496a-b1de-ac4200011cee,46,Female,Anthonyport,Low,2023-08-08
ae78f9bc-e082-49d3-8da4-d158f1313ea9,32,Male,Port Sarahmouth,Medium,2022-03-20
d1c17e57-cbb9-4dc8-b638-ba2f1b1a8cef,24,Male,Charlesville,High,2021-03-29
fe5c7c84-2e6a-4e3d-bf6b-d2b783d13dc1,53,Female,North Davidville,High,2023-06-18
6685f2fb-41e7-48e5-80d0-8da360b791f1,43,Male,South Ryanland,Medium,2021-02-04
29b0d097-a024-4afe-9b54-cce47df42f6c,65,Female,Port Thomas,Low,2024-06-10
ec58ff99-ede4-4b51-8b0c-efdbb61275a7,34,Female,Port Kaylaland,Medium,2024-01-28
93c1396a-90d5-4069-8e2d-255bf651d17f,50,Male,West Kaylaton,Medium,2024-01-18
a64fcda9-e8fa-4568-b514-58b2664a906d,38,Male,Desireestad,Medium,2019-10-29
b94a126b-755e-4ee1-91f6-c5f86ceef780,67,Female,Jillmouth,Medium,2020-05-02
bbf2e93e-1fb9-46f7-8437-61e0bf5051a6,68,Male,Patriciaborough,High,2022-02-07
b94b44eb-30b8-474a-9821-721c096619dd,29,Female,Schultzmouth,Uncategorized,2024-01-20
37fe7939-62de-48d6-bd1a-80ec3bb670aa,26,Female,North Tammiestad,Medium,2023-09-26
00c60c9c-6cb7-4259-84c2-7bbe5da2bf87,20,Male,East Sandra,Low,2023-02-16
1b6db98a-776e-4370-9d8c-f77a5ccc26c6,64,Female,Carterview,High,2021-03-30
80567290-5f57-4298-b5d8-ad7a8d53fb47,37,Female,Carrollstad,High,2020-10-25
799943c7-3b71-4f24-9b16-c2fcaf9b3871,60,Male,Port Deborahside,Uncategorized,2021-12-27
010c57b4-d6aa-44ef-9e92-d00ce9bbc28b,66,Female,Lake Mackenzie,Low,2023-03-19
54b4e6a4-5bcb-4792-9791-2a2aa5e110ab,57,Female,Port James,High,2021-10-14
ba0181c9-c5af-44b3-94af-81bf63fac5df,39,Male,Carsonfurt,Uncategorized,2022-04-21
70007468-df22-45f3-a51a-ada0a1357f88,44,Female,South Brittany,Medium,2023-03-02
b8d1c3f9-ee30-4b0e-9f94-db54abe92aea,49,Male,Yangville,Low,2024-02-29
b7a81804-7f5d-41e9-87e4-1b5be4024c09,19,Male,Berrychester,Medium,2021-06-25
50e95716-c5de-400c-b5cc-2b6566b7c931,27,Male,New Timothy,Low,2022-11-14
ec5770ea-d47e-4872-8e74-3c77c1fe8b3c,38,Male,West Lisabury,Medium,2021-07-14
b779c476-9543-44ef-b23e-72fd407bb706,36,Female,West Emily,High,2022-01-16
5bc17b3d-a703-4861-b0d1-0d3a61e21e0b,49,Female,Brownburgh,Low,2020-06-15
cc0f4949-6e28-4370-9842-d3a1699ba9ab,29,Female,Kimberlyport,Medium,2021-11-08
a87a1b5b-ab0d-48b6-b671-fce5c284fe45,65,Female,Brandiberg,Low,2019-12-20
8cb6b5ff-47d1-4d27-94e4-6a1c91ef3188,54,Female,Brownview,Medium,2020-12-04
35c96390-d425-4eee-83ff-478acb36f7ea,61,Male,North Ralph,Low,2021-02-04
99a03d48-c59f-4d13-90c0-db35331daf2e,50,Female,East Jonathan,Low,2022-08-13
325613bb-4024-4737-902e-cd9faf933cfa,20,Male,Port Anna,High,2023-08-16
879f0689-8c4b-444b-b592-a9c677a3d441,55,Male,North Brandonton,Uncategorized,2021-12-22
a808f346-7e8e-48d8-8d4f-e274f2ef4cbe,62,Male,Claytonburgh,Low,2021-05-04
8a7e010b-b3d2-418a-bc81-bd16f3432366,42,Male,Lake Zachary,Low,2019-11-06
a179e2b9-047b-40ce-b9f8-b13f2a8f969d,56,Male,Lake Edward,Medium,2023-09-02
cd96202c-3c7f-4132-9e13-949b62ca0df5,60,Male,Port Roger,Low,2019-11-27
6233eaa6-2b6e-4dfa-9e68-0bf69d01fbe3,51,Female,Paulview,Low,2022-03-04
697d1b30-060a-43e3-98c6-2a9857faaf7a,48,Female,Stephensberg,High,2022-03-07
8a23320b-45bd-47aa-b929-3287e63d2cc7,35,Male,Fosterton,Medium,2024-06-05
e6905fa6-1d8c-4a97-bf98-587d6ab42f3a,62,Female,West Bryan,High,2021-09-16
0a5270eb-ff97-4072-a9f0-2203be2469a4,44,Female,East Zachary,High,2023-12-10
1f31b312-f00d-46ba-a83b-586ebeabc72c,19,Female,New Elizabethfort,High,2021-01-12
404f9aca-5c0b-484f-a4ec-65ef1b401718,48,Female,Farleyville,Low,2024-01-17
93345558-abde-4687-870d-49dfe412d9d4,53,Female,North Tammyburgh,Medium,2023-11-04
7e280186-770e-4c4a-b330-73dd471f956a,18,Female,Parrishburgh,High,2022-02-20
3641a6cf-cc5f-4ad3-85f7-9d1ea1ad4935,41,Male,Campbellberg,Low,2024-01-06
6cd89d06-a718-4b42-bbd8-91439442bf56,55,Female,Amandashire,Medium,2023-11-10
b2d839ab-012b-4966-90dd-de4311498b7a,39,Male,Lake Samuelchester,Medium,2022-07-04
35cf919d-33b7-4f0e-98f1-47da30e6e6ba,27,Male,New Sandra,Uncategorized,2019-10-12
ea8aa9a1-7a06-4c9d-be6d-e8f856d49e1f,57,Female,North Jenniferhaven,High,2021-05-09
05609335-a647-4691-80a8-82b43518b767,52,Male,Jonesside,Low,2023-10-07
ac6b4d61-3d14-4362-b226-8c0c5786d6df,23,Male,South Cheryl,Medium,2021-09-23
8b1b4742-dff4-4987-87c3-24057d04a94b,45,Male,Juliemouth,High,2021-03-02
4e903b9a-eaaf-484d-a018-da1ea6ab113a,27,Female,Phillipschester,Medium,2023-08-18
3145bbb1-e83c-40eb-9ca0-2e4acbf82050,31,Male,South Sandra,Low,2021-09-26
9d25a4c2-9323-4df8-ab97-dbfdc89c7ee6,65,Female,North Wendyton,Medium,2020-09-04
9a4e883a-10f6-4402-8da0-a210d7a8f7ee,21,Female,Donland,Low,2020-07-06
f6a383d8-8771-491e-8a4f-85e678d46feb,40,Male,South Juanhaven,High,2023-02-08
354b8683-d121-4c16-8cd5-db97afab9d64,23,Male,New Christianborough,High,2022-08-28
458143a9-949a-4dbe-8a73-60764aadb6d2,54,Male,Joshuaton,High,2022-01-04
7a2714b1-ae78-4382-a38c-1723fb5eacdb,61,Female,East Cindy,High,2024-05-21
b9c92d6c-fb4c-4d0b-8c72-7b7c1ae9f79c,19,Male,Lake Adam,Medium,2021-01-10
978c4300-e302-4677-b7f0-7b4a8e2a87b8,45,Female,East Jenniferborough,Low,2024-05-21
aaabc0b2-d98b-442d-8d47-83fd1b4ef84c,56,Female,Joseshire,Uncategorized,2024-06-19
164eae1b-623c-4078-9a06-d3bbb37f55ba,59,Female,Port Antonio,High,2020-02-13
7aca4226-c7c9-4f7c-af5f-ad3120be5f18,53,Male,Port Michael,Low,2023-09-20
f538ad97-1ba6-452b-8d8b-1b4a65f626bc,47,Female,Port Anna,High,2022-10-29
787f8b3b-f311-41be-822e-9fc9e203d945,44,Female,Aguilartown,Medium,2019-08-05
e5a303ab-3074-4c9a-b49c-8ac71ae1c9c2,61,Female,Port Christybury,High,2021-05-13
179561e2-7591-49ee-aa55-8b745c61b857,31,Female,Schwartzmouth,High,2021-04-19
16d7e26d-592b-4fad-8c66-c412bb2b2954,23,Male,New Jill,High,2021-02-07
d4d23018-9ee4-4ab4-b9e7-f13ae2e3e1c7,36,Male,Mendozachester,Medium,2020-01-04
08995799-8d0f-40d6-986b-452074709b5f,61,Male,New Lukeville,Medium,2019-11-15
00a7d9d9-e4f6-4564-8291-a2916b0248b1,45,Female,Carsonville,Low,2021-09-08
29d21a4d-17ed-49ac-a141-71619723bb4f,45,Female,Baileybury,High,2022-06-21
9e48e3cd-839b-46a1-ae48-b47c006073da,52,Male,East Kaylafurt,High,2023-01-25
bbe76a26-234f-4a70-b71f-fa9b183f6353,57,Male,Gregoryfurt,High,2020-06-23
0d5f73b8-7cc5-41ac-87c0-6df5c741ff8f,47,Male,Kimberlyland,High,2021-12-23
805a0997-8b18-4366-b129-93ff2a9c75f0,70,Female,South Aprilton,High,2021-04-24
cb35a4e2-2808-4644-ab5a-8c87a6ced6d4,24,Female,Michaelhaven,Medium,2019-09-23
9a3efbb7-f9ec-447a-905a-748ed06b1a82,41,Female,Richardsonview,Low,2020-02-19
537e91d6-b4d5-4e04-8964-1ec4cf45dcdc,50,Female,Justinview,Medium,2021-01-10
9d8bf85a-a329-4a0b-a46a-4cc840629255,55,Male,Port William,High,2019-09-22
1a5115af-2fa7-4198-b838-be2cdeccb768,68,Female,Taylorberg,High,2021-09-01
14845984-5bef-45d5-9c6a-daf55f287206,56,Female,South Colton,Medium,2022-11-06
dd4e5e8e-d439-498e-bea6-54340350e5b8,33,Male,New Tonya,High,2023-12-18
cde3e4e9-be17-416f-a319-c5adc13896f1,70,Female,Normanton,Medium,2019-08-05
0ab0c624-0a5b-42ad-b862-6a7c2e87ed03,25,Male,New Maryborough,High,2020-08-11
e2879d08-41e4-4d6e-a87e-9be740e2adaa,50,Male,Williamhaven,High,2021-01-25
a5c965ed-42de-42b3-8fe3-87b13502173a,66,Male,Mcgeeton,High,2022-11-13
28a886bd-0c98-4532-bbb3-4ba77a9ee275,27,Female,New Darrenshire,Medium,2020-11-24
b4fc2d7d-62bd-491a-bff5-f32289dc0057,37,Male,Sandovalshire,Low,2023-02-03
b8769321-aa3b-4684-941d-819a58caad05,54,Female,East Matthew,Uncategorized,2024-04-26
94f45a01-6924-4b6d-a71b-2e36f1a9a71c,61,Male,Roweside,High,2021-03-31
79800b63-a83d-4f32-9654-a869ca5b5ca8,38,Female,North Courtney,High,2021-12-01
4231fa1b-073c-4bf2-94d6-22dd9dd33929,24,Male,Port Pamelaton,Low,2023-06-17
bd7adcbd-3b61-4142-8f11-2975f7551279,61,Male,Williamsburgh,Low,2023-03-21
81c75c59-8474-41b9-84fe-ad1840d6ee75,66,Male,Lewisside,Medium,2020-03-21
5dc17b80-c365-4827-963c-6f1e86a9c6fc,43,Male,East Jonathon,Uncategorized,2021-10-07
a3bb452e-6a1c-41ee-a2c1-0c3556751726,18,Male,East Nathanburgh,High,2024-01-16
6cd42d95-7e8b-415c-bb5b-e083adbf74a5,64,Male,West Catherine,High,2020-04-07
4247fb45-3ff2-46c5-9592-e1ad1d4be5b8,63,Male,North Timothyville,Medium,2022-05-14
b2388836-c11b-488a-817d-91bb9132bac5,36,Female,North Ashleyview,Uncategorized,2024-06-18
e65e87c9-0510-45b7-bd6b-9b1cc19f0e3b,49,Male,Mckenziebury,Medium,2023-09-16
5c87390f-f78c-4bd8-8bff-d4acb8600a9d,70,Male,Port Annetteland,High,2020-03-09
e29c9045-3b53-479e-b8f7-4e9da6afc6a2,53,Male,South Jamesburgh,High,2019-09-25
3e3228a0-0d67-4e2a-aa10-7e68395e7fab,18,Male,Port Eric,Medium,2020-11-27
ac6386cf-3044-4ec4-bc57-793052872002,20,Male,Port Jessicahaven,High,2021-11-11
36ad6220-666d-4a38-8fe6-96956bf3b36e,49,Female,Jonathanhaven,Uncategorized,2021-09-10
7eb7f7df-9b0a-416a-829e-bcf4d8bd57dc,55,Male,New Anthonyland,High,2021-01-07
9db13977-dbc4-4752-9d9a-7489edd3e7a8,26,Female,Grahambury,High,2023-04-04
c39b1fb1-7f69-4631-9279-b8051420c444,57,Male,West Christopher,Low,2021-06-14
6284e271-1c7f-4be5-b801-a3a80e08f4b2,49,Female,Jonathanchester,Medium,2021-12-20
61c1b039-2d8b-4b9c-871c-9de253ea9edb,29,Male,Kendrachester,Low,2023-10-13
e9189470-3e2e-4bbd-8fe4-cabc0d75d976,38,Female,East Josephburgh,Medium,2020-10-22
a2f70070-c1b3-4802-a195-3de5441635ae,34,Male,Jeremyville,Medium,2022-06-06
d1c847af-df39-48d3-ad49-9cb659e3638a,20,Male,New Michael,High,2024-05-13
473f3b1f-2e0e-40a6-8917-b3aac5296a01,66,Female,Monicaborough,High,2020-07-01
8077cbd0-1b0b-4717-a5eb-22cb1293e0bc,34,Female,Wilsonshire,Low,2023-06-14
a80de39d-7c88-4853-a380-0493e8a76f05,57,Male,South Michaelside,Uncategorized,2024-06-14
cc2f3ad5-feb0-4b90-a3b6-83cb5d2146eb,45,Female,Tammyshire,Uncategorized,2023-07-10
a0948918-1f97-4707-860f-04598da6e579,67,Female,North Edwardland,High,2019-12-05
9e68d26c-7772-4fa8-a1f7-50c8c9c1db86,18,Male,South Angelamouth,Low,2024-05-12
1cd56853-6499-4d13-a476-40fc45bdf30b,50,Female,Scottton,High,2022-01-25
c3e01fbc-6b50-4d9b-a4bd-fb51a2604b89,25,Female,Tiffanyhaven,Medium,2019-07-27
cb51cbcb-0917-4528-b93b-8f5296ebef01,36,Female,Brownland,Medium,2020-05-03
225bd0e8-25ab-4049-b175-617bd77103db,67,Female,Jennifertown,High,2022-06-05
93367c37-a5c0-4fa5-9c44-61f2c7479f7d,61,Female,Woodsmouth,Low,2022-08-19
a7b667f7-d6c7-4fc6-b6d9-bcdeea32297c,67,Female,East Annaview,Medium,2020-10-03
bd99d298-43f4-42b5-8f53-78c067e69f0c,23,Male,Lake Angela,Low,2022-07-27
0e678ba1-7b5f-46aa-8b5a-6dc1190373be,60,Male,Port Tyler,High,2023-02-05
8d58b37a-8c7a-4359-bc29-50d097b24de1,23,Female,North Reneeborough,Medium,2022-01-04
61434f1c-5389-463a-a76c-b96b2098b7f2,62,Female,West Loganland,Low,2021-04-24
643baf74-7e23-45d9-9cbb-187705c442fd,45,Female,Sandraton,Low,2021-05-22
a0a6e4bc-9637-42b4-875a-7ccc6ebf3b04,53,Female,Gwendolynton,Uncategorized,2022-07-04
81208240-63fd-47b9-8065-dbcbb548abac,70,Male,Mckayfort,Medium,2019-08-06
9800c7eb-9f32-4124-bb91-40c50fe2e85e,33,Female,Crystalport,Low,2021-04-08
92ad692c-6e50-43bd-b47e-b0606ce6e802,29,Male,West Jerryberg,Medium,2022-04-11
3198b460-dcb9-414c-ac7a-efa630f600f7,49,Female,Port Jeffreymouth,Low,2020-03-23
71d8ab24-0827-437d-a3cb-0abf7a81061d,26,Male,North Francesland,High,2024-01-21
890a5374-7eb2-4359-8912-392d250cda7c,61,Male,Laurenborough,High,2020-11-09
a5fe1b34-7c1d-40d7-b156-2124bfadb490,23,Male,Bernardborough,Low,2020-06-23
0f70d4f1-a4ae-46da-ace0-376023462fe3,65,Male,East Johnport,High,2020-02-07
65ebd3e8-3032-46c7-ae26-8fdcca6aae96,37,Female,Chadland,Medium,2024-04-07
b14fcb71-e3f9-4cba-99de-f0e79d7ac5bc,38,Male,East Keithmouth,Medium,2021-09-01
318b3d11-6e23-47e2-a20a-9ec272db6123,30,Female,New Jesse,Medium,2019-09-29
da8ca11e-3b75-42ed-9526-b7d5d6cfdb79,27,Male,Donnaview,High,2019-12-19
ae5de45f-10a2-455c-bb2a-dfdb8564b4d8,58,Female,North Kathleen,High,2023-09-09
7289ad73-9e4b-448c-86f4-04f9583618b8,29,Male,Loweryfurt,High,2021-03-24
f52901c8-b06c-447b-b7e1-ab94047c75c1,51,Female,New Jasonstad,Low,2022-04-11
8c35342c-2f75-482c-bf8f-25a53ac32b21,40,Female,Montesview,Low,2022-05-02
df49d870-e940-4a8d-9c68-4cef4e28d916,40,Male,Ericside,Uncategorized,2019-09-27
557b5b5b-984d-480a-8798-ff441a7028ad,53,Male,West Rachel,Low,2023-09-05
57c3a9f5-e7e1-4972-a466-0cfa75a66dcb,55,Female,Jonathanchester,Low,2023-07-27
c0bac7ce-a529-4c71-912e-fe63f475b8e9,47,Female,New Mauriceborough,High,2020-07-21
0731634f-5209-42eb-9671-8f0cddf22eec,28,Male,South Kristen,High,2021-10-27
4536138b-9ba7-443b-a3b4-ddec587001d4,26,Female,Deckershire,Low,2023-07-19
b9a66691-a8a0-4e8b-a93a-229719e8a36f,27,Male,Hansenside,High,2023-12-22
3c0c363c-54de-4ab9-af96-447dada55479,61,Female,Newmanchester,Medium,2020-08-13
b03edff3-4a64-4e5e-8818-10e37291a8c6,67,Male,Lake Alexandra,High,2024-02-06
fd8b7c0b-06c7-43cf-9e1a-7094f5920ed9,42,Male,Kristinemouth,Medium,2019-09-24
aad9efed-bab8-4873-833a-a6cc86aa49bc,38,Female,Wrightmouth,Medium,2021-08-25
330e4d26-da21-4713-be96-6698554f276a,41,Female,Bellfurt,Medium,2020-11-09
f3dc5fd3-b7ab-4996-ad89-1954cc27849e,67,Male,Garciashire,High,2023-09-27
8895020d-182f-4965-b790-0e11ba1063c9,64,Male,Port Adrian,High,2023-10-28
23dedf37-35f3-4b01-911d-7c7d597cceb6,37,Male,Garcialand,Medium,2023-12-03
f05ec030-ac96-417d-a73c-e3ca3adc1a30,52,Male,North Baileyland,Medium,2019-08-06
6076a9cc-64ea-49d3-8b82-41a846411bf7,33,Male,South Richardhaven,Low,2023-10-04
c00d08be-e282-448f-91ef-7c236e320404,57,Male,Kimberlytown,Uncategorized,2021-08-25
cdaabaa5-aae1-4d4d-8491-994aceea9621,19,Male,Mooremouth,High,2022-09-23
4191897f-b537-46fe-a409-e47fcbafbd5b,31,Female,South Alicia,High,2024-04-26
b8e6ad59-8b84-405d-af66-b0c1bebf7578,66,Female,North Sethburgh,Uncategorized,2021-02-01
0a3c84ac-0979-470f-83b6-adb135f223c4,22,Male,Chenberg,Low,2021-11-02
4fa760ac-73c1-482a-bde4-43ebbf39a958,36,Female,Whiteshire,Medium,2021-07-14
91668c5e-7c72-4df0-b3e0-a2f562780d38,69,Male,South Tiffany,Low,2020-06-21
7660320c-8260-4493-b067-e3d2262ba83c,50,Male,Williamsland,High,2023-01-25
c5dfebb9-5891-4a1d-a50c-a6851dad85cf,30,Male,Lopezstad,Low,2023-01-17
d7eddeb9-90fc-4ea8-920f-a6d9f1489f05,22,Male,Allisonview,Uncategorized,2023-08-12
93f43999-e91e-4e6b-ae65-8514ada12ce0,18,Male,Port Martinview,Uncategorized,2021-02-01
35dc485e-ab21-430b-87b0-b09dab982f99,38,Male,Woodbury,Medium,2021-02-07
9f682ebb-dc68-4d1a-a83a-4b1f74608578,24,Female,Millerville,Low,2024-02-29
99aa2615-17e0-47c8-915d-3ec0250aba6c,44,Female,Port Patricia,Low,2022-09-28
e115a854-25c4-43f7-8154-511957439bb4,30,Male,Stewartview,Uncategorized,2022-11-11
7126d6cd-267a-45ba-abe4-1eb0ec7fc7b4,41,Male,East Amanda,Uncategorized,2023-02-24
ae7378ec-faca-4988-a810-0f5c6afa1388,67,Female,Gardnershire,Low,2023-01-01
63876e8d-32f5-429a-aee2-dc871d3a2a70,36,Male,Banksport,Medium,2020-01-14
0d2ff88f-ea7a-42be-aa32-286c3968f505,58,Female,Lake Jeremy,Low,2020-10-04
083a0272-f1ab-46c6-a612-966ff1837635,35,Female,Villarrealstad,High,2019-11-29
c234d519-1d1c-4822-b812-2d4fb2d7d0d7,43,Female,Port Timothyhaven,High,2021-07-17
1f090f0d-5194-40f3-979c-e7233fcb99ea,29,Male,Zimmermanville,High,2019-08-29
55038679-e6d2-495a-8d92-c85d70eef696,53,Male,Jenniferberg,Medium,2023-05-08
d8128163-77f8-4389-b4d4-2afff0e05e7a,69,Female,Johnville,Medium,2021-09-03
e20c6b8c-25e8-486c-936f-49e2b7b529de,29,Male,Markfort,High,2023-06-02
f8f1d636-5018-424b-8d1d-4e0b0938eb24,45,Male,North Alanshire,Low,2021-10-25
3aa97bf0-e4f2-412e-a669-ad23b5c3a7ec,35,Female,South Jeffrey,High,2024-03-15
663fe6ae-b359-49bc-841e-c3deb4a18083,35,Male,Williamsland,High,2021-08-10
eeb74206-f6c8-4ebf-afa7-69d5bafd37fe,24,Male,Gomezstad,High,2020-01-20
37b7b371-41ce-4cef-aa47-aab2e17d12dc,42,Male,Lake Rachelside,Medium,2019-11-27
cf0aabaf-a877-44a6-b3f7-92f1f6353e6e,32,Male,West Justin,High,2023-07-16
777070f2-0233-43eb-b65a-6c7c95ec1abd,48,Male,Saraton,Uncategorized,2020-07-21
89ca5faa-aba9-4b14-b3cd-cc6bf7fd95a2,55,Female,New Michael,Low,2022-03-03
913dfe6e-4ed1-4a0a-a655-6e2be550593b,37,Female,Harveybury,Uncategorized,2023-04-11
89ae8d7c-cbcd-4117-8a06-d7ddc5fa9132,45,Female,Port Joseph,Low,2020-02-12
2172c7bf-0780-46ea-b512-112eff96c8c9,25,Female,Moniquefort,High,2021-07-25
da1f6038-aa85-4ecb-8bb0-de46a620415d,62,Male,North Andreaberg,Low,2024-04-01
98d7dfaf-a429-48a1-bc52-7369193279f3,42,Male,Monroeville,Medium,2020-08-30
7f7975d9-22a6-40e7-8c89-138558bb469e,35,Female,South Eugene,High,2021-06-06
97ee26b8-320c-4c59-9abb-62380716854f,28,Female,Markburgh,Low,2021-10-01
7636fae0-36fa-46a4-82d3-0cb47d1032f3,42,Female,South Alexandra,Low,2021-04-27
0c68dabb-b818-43bf-96de-e0b384ace943,54,Male,North Samuelborough,High,2024-01-08
2fb8e79a-8243-460a-ac89-27524c8debb3,63,Female,Torreshaven,High,2023-06-15
840c5cf0-3fe7-40ee-8f3b-08c7c0dad3d1,36,Male,Clarktown,Medium,2024-05-15
8a1b714a-0592-42f9-bdc0-e7d67163f3f1,26,Female,South Joelland,High,2023-03-06
a2c21cab-0da7-4273-b2a4-f4b62d2aa701,31,Female,West Christopherberg,Low,2023-07-12
c100b7c6-1742-4247-b5a2-a5182e6ebe82,36,Male,North Kiarashire,Uncategorized,2022-02-24
b64655c3-a06c-4f03-91fe-8dde87a2c547,26,Female,South Christopher,Low,2024-01-02
073c6562-9889-4347-9102-98422192068a,30,Female,West Rebeccamouth,High,2023-02-16
6d6a803c-8aa3-4555-8074-0f7aa01937bf,39,Male,Paulview,Low,2019-08-31
07546534-fcd9-4a32-8a9d-49027e807494,40,Male,Jeffersonbury,Low,2020-05-14
5ff49c7e-70b2-46de-a722-92b0c1edbc17,59,Female,Boonefurt,Low,2024-05-31
1c188e21-9a0a-420e-a39f-e17691fe17a6,53,Female,Earlshire,High,2021-03-22
d2e46fdd-70eb-46dc-8d2b-f23bed09742d,69,Female,New Matthewstad,Low,2021-07-04
f47eec30-d2b2-4ccd-81df-29c26eea2613,32,Male,Shawstad,Low,2024-05-13
d8a36267-ed6b-4880-a1d6-2c33c5e77271,57,Male,Melissamouth,Medium,2021-06-07
c6c2f008-4229-44e7-8b6d-24ba0f5146b7,70,Female,New Chadmouth,Low,2021-10-08
04b0cd53-29ca-48ef-b4b7-9520a2939288,22,Male,Andrewborough,Low,2020-12-27
c509e8bd-b02b-498d-b380-2630a76a5264,56,Male,Sanchezton,Medium,2022-08-14
892666ed-6ac7-475e-a439-be787d456af3,38,Female,Foxville,Low,2023-01-28
daba2f66-e4b2-417c-9f3a-826594a2985f,25,Male,Port John,Medium,2021-12-09
ab87ecef-f7ea-49b0-8c50-c31442ad5c46,18,Male,North Daniel,Medium,2019-08-08
c7795b86-84bb-4da2-a8dd-8433adda3783,64,Female,Smithland,High,2022-05-23
d06373dd-8d92-4e7d-8329-c4ce400b0d42,27,Male,South Shannon,Uncategorized,2023-10-27
eeef2240-3f56-4891-9a2f-8fd4ede5c966,65,Female,Port Susan,High,2021-12-29
8aa6b122-fcd1-42a8-b4ad-d526bf397551,60,Male,West Susantown,High,2021-10-02
99d38969-3c5f-4387-bb49-1ba429f7acae,31,Male,New Walterborough,High,2020-06-15
0cf376d6-ab2a-468b-a290-4b28ffafe6f2,53,Female,Josephside,Medium,2022-10-18
425d34ad-d5f8-45f2-a4c9-02e101348139,36,Female,Fergusonmouth,Low,2022-07-08
7d83304d-2501-4c9f-ba63-a1a14343e51f,62,Male,Gomezville,High,2021-03-21
9f4f2b86-2599-48b6-b75a-fe78e18a3b3d,55,Male,South John,Low,2021-08-03
2931bf86-a79e-4a3d-b79a-4c16d23b7fb8,28,Male,South Sandra,Medium,2019-07-05
181df381-a7e6-4382-9d05-df46b8cd042c,67,Male,Joycechester,Uncategorized,2020-02-16
2532a5d8-e9a3-4ba5-a04c-777fb7f5e9ad,24,Male,Charlesbury,Medium,2020-06-26
05601955-8861-4084-96ca-74cf23ab9399,19,Male,North Jamesmouth,Low,2022-03-09
1019ccad-cf57-45a4-935a-55a717cb0b19,61,Male,Lake Walterfort,Low,2019-11-06
f58c19c7-7b85-4aba-b26a-b90a641e31d2,21,Male,Luisport,High,2023-07-05
411c2202-f939-4b1f-bdd3-7eb0257bd14a,69,Female,Lake Katherine,High,2021-11-07
aadc22e9-8f18-49c0-afb9-5960b08548a0,37,Female,West Robert,Low,2023-05-22
752d0d0f-c234-44cb-b36d-8808b640faae,20,Male,New James,Low,2020-11-28
5c1767f6-1787-4914-8e3e-d2c750789bd4,69,Male,New William,Low,2019-11-17
fd11859d-5449-40e1-9803-5825dd1b9853,58,Female,North Robertport,Low,2023-05-14
7d1f9b99-1d76-4d6c-9f68-8cc0f96bec8f,70,Male,Walshside,Low,2021-08-10
bc3d81a3-8a04-4df0-bec8-ed35408264cc,53,Female,West Kristineborough,Medium,2023-06-14
43e4b223-fb59-418e-af26-d56dfb0d709b,43,Female,Simpsontown,High,2023-08-17
8a4e842f-affe-430d-81a5-15102e10eece,58,Male,North Williamton,Uncategorized,2020-10-12
83dc47eb-0ad1-4c15-91ae-d18f9fd2e6cb,27,Female,North Cody,High,2024-06-18
578f93c3-22af-4aa7-9eeb-35d1e0255e66,27,Male,Johnmouth,Low,2019-09-04
4c1adb6b-6585-4824-aae1-a9e7f95ec785,62,Male,Lindsaystad,Medium,2023-05-30
63737b4e-eb7c-448d-93b1-943a21a33adf,66,Female,East Julie,High,2023-11-30
59ea89e2-a155-4538-8981-9705c6f451ab,37,Male,Victorport,High,2020-07-21
173f209e-2950-4eb7-bcdf-3415c7ed16af,59,Male,Lukefort,Medium,2021-11-17
a8094112-0900-4bad-801d-3ad673b8a229,20,Female,East Vincent,Medium,2022-03-23
461ae1ff-cfe2-4e8d-bda0-e2f2aa7a85e7,35,Male,Guerreroborough,High,2021-02-07
d9896b49-19bb-450e-962c-05e2b4e8443f,52,Female,Joshuaview,High,2020-04-28
7896af42-ad39-42fb-97a4-306df323e008,31,Male,Lake Mitchellborough,Low,2021-12-21
7c31f87f-62b5-465d-aeb5-76d253d559eb,35,Male,Wallsmouth,High,2024-03-01
1d71d8c1-f064-44b2-8c24-49d3a03a1182,27,Female,Peterstad,High,2024-05-03
76be2909-fdde-4580-8f9f-cb0c409a69a3,34,Male,Baileyton,High,2023-11-22
b66e378c-6f1f-405c-a4d9-5da8cdb1faf3,25,Female,Donaldhaven,High,2021-02-08
30df20ea-d25b-4d3e-a14c-d3eab983b377,22,Male,Elliottshire,Low,2020-04-22
511faced-6566-441e-bd99-f8261bf1c079,53,Female,Sanchezton,High,2023-09-06
f8f26365-669b-43fe-8d77-83bc85a13073,47,Male,West Jennifer,Low,2020-08-13
fdb81781-8071-4364-b074-dacc53de5284,26,Female,Olsonton,Low,2020-06-25
a2bc414d-db64-43a9-8456-e0979baddc33,62,Male,Cunninghamfurt,Medium,2023-06-26
9b8179f4-f187-4cfd-b12a-0c182539f178,68,Female,Katrinahaven,Medium,2022-10-26
88d5c11e-3341-4712-837d-eb2a1c7c74fe,23,Male,Williamsland,Medium,2021-12-26
6cc1eaef-8496-4485-af7a-9812ccdac060,65,Male,East Danielview,Low,2023-02-25
4835ba27-59d9-4995-bd62-b56fc9ea0aed,47,Female,Christinashire,Low,2022-09-22
edb3942d-cb00-4942-b93f-3702ec6d6086,56,Male,South Tamifurt,High,2019-10-09
3d0312c8-80bf-4eeb-91fe-cb842be19ca4,42,Female,Huffmanmouth,Uncategorized,2022-09-27
5c93a1f6-6de1-44ff-a2cd-69103c213a50,51,Male,West Markborough,High,2020-10-21
1c77cb4b-2e79-4201-90a2-f9794dd4328e,35,Male,South Brianville,Medium,2021-08-26
6252bbc1-e83b-48d0-8bc3-599aaf3a8a3e,25,Male,Nathanberg,High,2023-07-19
4d99f884-740e-48ee-8d00-6166bee14f02,33,Female,Lake Erinstad,High,2020-01-27
7f073342-0881-484e-a2f1-16c8260f5e3f,63,Female,Shermanmouth,Medium,2021-06-22
8a39b491-7b4a-4319-ba21-ece95b3f2195,50,Male,Perezshire,High,2024-01-07
9b41ee55-1157-453f-934e-e07eeaa9d305,45,Male,Jonesfurt,Medium,2024-03-08
e475ef54-cd9d-4905-9282-ea4799a24af3,18,Female,West Jose,Low,2023-08-22
0171e73f-6860-4888-bf39-b4a64e7dda60,27,Female,North Angel,Low,2022-03-28
faa7e23f-e0c8-4181-b8a5-f1eeb8fa2000,18,Male,Ballstad,High,2022-10-15
d410a161-09fc-4c87-9f5d-73bdeafc0090,19,Female,Lake Jennifermouth,Low,2020-04-03
4702d3fc-a279-41fc-a3e1-9a643f76d8c6,46,Female,East Lori,High,2024-01-17
f59f14b9-16ea-4cf3-b5ff-d8d92c786236,33,Male,Cummingschester,Low,2021-09-13
5014dbd1-4580-427f-a1ef-32f1989687c8,43,Male,New Loretta,High,2021-12-19
5d4c3d12-098f-4672-aa0c-2972d9a84c82,59,Male,North Joel,High,2021-04-22
2e0f5568-729b-4339-923c-434724c2218d,65,Male,Raymondstad,Uncategorized,2023-10-06
44eca02a-cfa5-41ef-aad1-78ed5186ca64,38,Male,North Christopher,High,2024-05-08
d2039527-a85b-4404-9238-91ebb6e0ec94,45,Female,Jaclynmouth,Medium,2020-01-06
a3167bf4-3e37-4b74-b60f-bed399191b75,48,Male,Atkinsside,Uncategorized,2020-09-30
e4d67375-9069-4e23-ab19-35066977a6fc,41,Female,Laneberg,Medium,2024-04-26
8b603757-5985-4f60-b23b-bd869fdc36b5,39,Female,Port Jessicabury,High,2020-09-04
5114cf11-f320-4d3b-a145-73b42d48afb3,22,Male,South Malik,High,2023-05-10
f9067596-65cd-453d-aeae-3ea8ffe791b8,25,Female,Burnettton,High,2021-08-02
5e060e3f-1255-47e2-8a4c-22dc4a414c8c,70,Male,West Kenneth,Medium,2024-06-01
19b49713-09a6-48a7-a032-8c2a0cc3812e,34,Male,New Alexstad,High,2020-04-23
bd4a30a7-6221-45d4-acba-bda2eeea4b17,58,Female,East Jeffreyfurt,High,2023-09-01
22c10765-8b8f-4765-af83-1924d41b84a0,37,Male,Brownbury,High,2020-05-15
38fd9829-78af-41ea-aded-4c0a4cba48e1,37,Female,Dalebury,High,2022-02-08
1585f492-0fa4-4fd3-8027-469b87803293,35,Female,Jenniferstad,High,2022-12-11
11bdcfa1-81f2-4380-a696-2404a30d98eb,35,Female,New Eddiestad,Medium,2019-11-21
e8da7080-5d5c-4082-bb97-87d865a207f3,32,Male,Port Williamtown,Medium,2023-09-17
db686608-4e73-4a34-8018-95f212c2361e,53,Male,Tammyhaven,Low,2020-05-09
b1ae4855-52f8-4136-b380-9be5befecb89,57,Female,Christopherberg,High,2023-12-17
81be7ae8-5f41-4ee9-895e-b001c5c63186,27,Male,Lake Phillipside,High,2023-06-03
246eb688-f74c-4d53-a327-8d444a2fcd62,28,Male,North Billbury,Medium,2023-12-26
856a25cd-56a1-4558-a8ed-6e0e655cdb0d,58,Female,Alvarezborough,Low,2021-06-06
c8436ffe-dcc2-4103-9c12-c5f3c6f17505,56,Male,Joannaport,High,2021-02-26
d4c6ca23-fb3a-4f49-b5e7-9705207c1d59,21,Male,East Davidhaven,High,2022-09-24
bd8d1842-079f-4c42-8121-d8c5b6e0af20,62,Male,North Steventown,Uncategorized,2020-05-29
78eb8c8f-ce31-4585-8c1e-7bc7943f3707,21,Male,Kathleenton,Low,2022-07-25
b8cd2f3f-1d2e-4658-8e68-13dd239f7e26,26,Male,Fordville,Low,2021-09-21
23d490b4-0565-44b6-81d0-8a7d21b63807,45,Male,Fergusonshire,High,2019-10-17
b24820df-3291-4d4a-a057-0ae7025072aa,54,Female,West Melissaside,Medium,2023-05-17
39ce1776-9aac-4b0b-81ca-5a10e9b4c98b,52,Male,Powellport,Medium,2019-11-18
7ff4699d-2b11-4c68-813a-d1ba122089db,26,Female,Weberhaven,Low,2023-12-02
42f52b1e-bedb-4294-8039-7b08c1be1662,23,Female,South Jenniferfurt,High,2022-03-19
3b32ed47-3244-4a99-812d-71a70d88434b,51,Male,Jonesview,Medium,2023-02-23
616aa636-834d-4ec6-853f-8edb30213d81,24,Male,Lake Zachary,High,2022-12-14
fe0cd690-1c34-4ed3-93df-05b9a47d4a21,56,Female,East Max,Medium,2021-05-29
ac066f80-c3b9-41df-8596-a6471d2231af,49,Male,Jonesburgh,Medium,2021-10-21
f3606f64-3f9f-4758-bd59-c9424f0d8028,54,Female,Kruegerstad,Uncategorized,2022-07-06
a95648e1-9b6d-4541-9668-3391b1993a50,64,Female,Williamchester,High,2023-01-12
983068c4-0f6c-4969-96a3-c4de81e494e7,40,Male,Port Donnaview,Low,2024-02-23
c3a5e86e-a74b-420e-b1e7-13bcbe6b71ac,42,Female,Ronaldton,High,2022-07-31
09db9681-6875-42ce-bdf3-b9cc13a8eb54,64,Male,Lake Greg,Uncategorized,2020-10-01
e06413ff-0852-4f6c-99b4-443ac36468e6,19,Female,North Amanda,Low,2023-06-04
79fc606a-c02c-4c39-b065-3e88a59b366c,34,Female,Johnsonburgh,Medium,2019-07-10
65e3bba3-9b31-4b13-8cf4-c995c3b78a87,55,Male,Gilbertberg,Low,2024-05-26
6ed32b2a-887d-4e4e-babd-2d6392fa060e,66,Female,West Lisa,Medium,2019-12-31
4db8c4df-3277-416e-88a2-a8df95163fee,19,Male,West Morgan,High,2024-05-03
da2bcb52-7196-453b-88fa-2566f84fa881,57,Male,Clayhaven,Low,2024-01-18
4d1b148f-cda5-4baf-aa6e-d83d7adb5192,28,Male,North Anthonyburgh,High,2024-03-30
253fa70f-a41b-40c0-8958-37f3b5e204e0,23,Female,Stephenstad,Low,2020-10-29
7c04fa8c-3838-4820-830b-fec86eeb507e,61,Male,Hopkinsburgh,Low,2022-03-16
86c8bcf9-6c61-4615-98c1-2c572d35722d,39,Female,South Douglasfort,Low,2020-09-30
806f26a0-986d-495a-95f0-76805e6d8ce8,36,Female,Danatown,Medium,2021-09-26
acf67b6a-1e28-4800-9f4e-71e803133d8e,59,Male,New Sarahland,Medium,2020-05-06
17136d95-b3c1-425e-b206-778af63ad9d7,27,Male,Norrisstad,Medium,2019-07-03
7d10a376-a72d-4cfc-aafe-9378487151b2,53,Male,Ronaldborough,Low,2023-03-31
68479040-6691-495d-8ca9-122ec5010fb6,19,Female,Port Dawn,High,2020-11-09
8354610e-6fc6-4a5c-bea4-596a86f06236,47,Female,Port Adam,Medium,2023-05-22
9dff89a9-fc39-423e-85d2-144f4e16c981,70,Male,Port Megan,High,2021-07-08
7d2fdd4f-9d53-4f74-a2c1-7d3fef072a53,44,Female,North Debra,Medium,2024-04-07
56648514-9da1-42f1-911f-49b94b7038f6,18,Male,Phillipsmouth,Low,2020-02-21
fd7e416c-1740-490d-b816-d909294eaa21,42,Female,Rebeccashire,High,2023-07-25
7f96f3d6-14ad-4a0b-8dac-a51a205d775a,24,Female,North Sarah,High,2023-07-26
4f502ae7-14f3-44cd-91e3-dfaf5efe724b,48,Male,Port Christophermouth,Medium,2023-02-18
567e8154-f199-4535-b9fe-ce9cdb311901,26,Male,Port Christopherland,High,2023-05-05
1222d9f6-54ea-4077-a362-84a828c4152d,66,Male,Lake Bradley,Medium,2020-04-03
8d47ee55-d382-4fa5-8a9c-b369cc2309b8,26,Female,Briannachester,Medium,2022-06-14
7ad2f808-14ec-407a-9485-a0a140891701,19,Female,East Jose,Uncategorized,2020-01-19
19562c03-096b-48c3-bf01-c04ceedef78c,45,Male,Lake Tracymouth,High,2021-09-24
7b2af615-a5d5-4d6d-9a25-8431c4225edf,40,Male,New Dominique,High,2021-08-27
39ff9fd0-cd8d-4f6d-9ee1-982ffabe382b,33,Female,Englishbury,Low,2020-11-16
a6b32804-271f-49c4-b6e0-6bab25fd7313,66,Female,North Jose,Low,2022-03-31
5be24c07-9b89-479a-ba96-5edb10b65b3d,63,Female,East Samuelland,Medium,2021-03-14
544dda6b-7d2f-445c-90d9-caeccac0e548,58,Female,Robertsfort,Uncategorized,2021-03-10
2b5f6d15-acf4-4c88-8711-6fb1b1ad9334,53,Female,Alanton,High,2021-11-02
328e739a-ddac-4661-97aa-76b8ee47e373,31,Female,Port Calvinbury,High,2022-12-22
2daa9ac8-d5fc-48ea-b380-528bef681cef,24,Male,Jasonside,Low,2020-05-17
168032e3-5e2f-4186-9f59-8d35cf641d56,23,Female,Geraldstad,Medium,2021-07-04
d0874909-2b8a-4921-bec7-610d9452b113,38,Female,Brianshire,High,2021-01-01
e12c37b3-7d4d-472f-9fd8-0df2cb3001aa,60,Female,East Jonathan,Medium,2022-12-13
041ce001-c5db-443e-8269-7ff3412af7fe,41,Female,Brownland,Medium,2024-02-17
5e51120b-310f-42c1-a0ba-6a8f96b44dbd,29,Female,North David,Medium,2023-09-03
6c0120b7-486d-460e-b11e-6c8b6dc4770a,35,Male,Pierceport,High,2023-10-23
9cce68d4-6fd9-41ad-83e6-42f2bb1fd6cd,62,Male,Rubenmouth,Medium,2023-01-02
03fac2e6-f130-4cf6-b8b8-2f147c2fe60a,47,Male,Judithville,Medium,2020-01-15
7d7f14ea-53a3-4bd8-885b-ca6973b32df5,56,Female,East Nathanielton,Uncategorized,2020-01-16
3ff32e3e-b551-46f9-9e3d-469a8a600c0b,59,Female,South Melissa,Uncategorized,2020-04-29
ce3f403f-b955-4364-ae22-bf351381e01f,40,Female,Camposmouth,Medium,2021-09-03
143a7859-5fd2-4331-b520-ffb140afa5bd,46,Female,West Patrickside,Medium,2022-05-28
2b835427-0aa3-4965-b62b-f7f060d26947,64,Female,West Ryanfort,Low,2021-06-06
83b5b874-12ad-4691-a855-a015709d0a88,47,Male,Gonzalezport,Low,2021-04-20
1f8069e9-db38-4b2e-894d-5997b2fd6a37,27,Female,West Lisa,High,2020-05-21
87f8ea44-b883-42e0-8220-4ef3b755c9b5,57,Female,South Timothy,High,2022-01-21
0064a8b2-71d3-41c1-a46a-6eea56fdff91,44,Female,New Wesley,Low,2022-06-18
be854a65-4191-467a-9237-60b4e088df5b,26,Female,New Nicole,Medium,2020-03-20
4622bc80-2db4-4f97-95cd-8f8e4c970f9d,59,Male,Hurstville,Medium,2021-08-05
72d087e6-a4ec-4a4b-b04e-1aa6d5c1ff72,52,Male,Port Christopherhaven,High,2023-06-05
f65c5f30-f126-4e6c-88d4-1883d0da87c1,57,Male,Lake Jose,Medium,2020-06-28
764ab2cd-20c1-4f1b-9082-5e1f9ed9d0b1,63,Female,Rogersberg,Medium,2022-01-27
c46acc0c-c5cd-426e-8955-d4a04d6ba4f7,70,Female,West Robertton,High,2020-04-05
83aed673-23c1-4ba6-85ff-1d9246e03416,20,Male,South Jasmineside,Medium,2022-11-14
3225bbb4-c47c-44b8-aea8-6cca20b50892,50,Female,Lake Gabriel,Low,2020-06-20
9bdf4403-1e6a-4b6c-8556-a58e26591bd2,25,Female,Wagnerfort,High,2020-05-04
82c419c8-4291-4be3-89d6-cdf943ebc734,47,Male,Port Jacobchester,Low,2020-05-25
0245d7a4-69b5-4f4a-9685-7fa4b60bdae6,40,Male,Adamsfort,Medium,2022-12-09
ea9c6ace-9cbb-43fa-a98f-7825fcc7508e,18,Female,New Alexisshire,High,2023-12-06
581657eb-d7c0-478a-8b99-8cb33c01a4d2,50,Male,Lake Lisafurt,Low,2022-08-16
f213d3a3-0a7a-4889-b80d-5bcced6d7201,66,Male,Rubiohaven,Medium,2022-07-02
4090ba85-b111-4f75-a792-c777965f5255,23,Male,West Scotttown,Medium,2021-02-11
725004a6-4b75-44de-b3c9-f0aa4bb14fe2,48,Male,Lake Jennifermouth,High,2024-03-25
2c508c12-75f7-4ec0-a7a3-c48c7297ce9f,37,Female,Roymouth,High,2021-01-12
12dc6fed-c847-4040-93a1-dd00eb7ccbc0,34,Female,South James,High,2021-03-12
0e663785-6555-49a9-ac34-ea04406b1ba5,65,Male,Lake Kristen,Low,2021-02-23
ed5dc22d-7406-40bf-a647-e880e75bdbdd,52,Male,North Tyler,Uncategorized,2020-06-23
113007f8-af2b-4c35-8396-b01ba2f41762,48,Male,Barbaraside,Low,2024-02-06
e2aa2070-2327-4a68-92d6-eb959330b07b,18,Male,Loribury,Medium,2020-07-08
640e1c54-6ef2-45fe-9567-f0edab3c052e,30,Male,Melodytown,Low,2023-04-26
675a8ec7-a86a-4c3d-b75a-5cbe0ceaecf7,48,Female,North Alanchester,Uncategorized,2021-04-12
8bca00a4-2829-49f2-9375-7515df7b6810,29,Female,East Kenneth,Low,2022-11-21
8eb8abc0-7bbf-4083-9164-385086b8aa90,54,Female,East Mathewshire,Medium,2023-02-11
9727ce20-2446-4805-abe4-584d5e8acef0,43,Female,Lake Sabrina,Low,2023-07-30
ad17268e-71e0-4fd2-91c4-0521eb3ffa0b,18,Male,Port Kaylaburgh,Medium,2024-01-02
30c722ab-be73-43a8-80bb-545ce0e564b3,67,Male,New Luischester,Medium,2023-07-29
9eb78179-6de7-4c67-b04b-709c40f5ce01,34,Male,Lake Charlesshire,High,2023-08-05
6f4e2bbf-feb8-41b0-b542-e5d434c8e6d5,52,Male,West Michael,Medium,2023-08-11
99220a1a-25ed-41a2-8156-541ea6ae971f,59,Female,New Stephenshire,Uncategorized,2020-01-18
28430763-928a-4941-998c-366da3d0a74f,20,Male,East Ricky,Low,2019-08-23
64531be0-1043-4a93-84c9-a3fee938661a,50,Female,Whitneyton,Medium,2021-08-05
4d24bcf2-5cbd-4f60-8ba5-4da86c72edf6,55,Male,Jenniferstad,Medium,2021-05-31
8c17d726-a6a2-4b21-b5eb-26b043091255,39,Male,Baxterville,Low,2021-05-14
1defa046-5de2-45b6-bb67-3a6f081edf54,35,Female,North Brittanyland,Low,2024-02-28
ce5437b0-66af-47b2-aa68-423d3b15685d,46,Female,Stuartstad,Low,2021-07-05
0b8b7f09-74ba-439b-9c81-9e4916b7fb3e,35,Male,Justinbury,Medium,2020-10-11
a77e68ea-8cb4-4b08-870b-194dc3331752,61,Male,Port Stevenbury,Uncategorized,2022-12-02
b29ddf39-3a1e-4a11-97fd-a2ec8ccf01c5,34,Female,South Samantha,High,2019-08-15
a309f845-3a66-474a-ae3a-332d3c2e755b,22,Male,East Kristine,High,2024-03-02
31372d93-a5d1-44fa-b6ec-4cbe593281cf,63,Female,Ruizton,Medium,2019-11-17
29a79202-89c7-4fad-972f-fa5706d0bcef,69,Male,New Maria,Uncategorized,2023-05-18
f843cc6e-c50f-439c-a21d-041b211c07a9,18,Female,Hallfort,Uncategorized,2023-07-17
6e59ab74-2fb0-4ed5-9db4-fad5264d0631,54,Female,Sullivanburgh,Low,2021-04-15
7e1c77ea-9219-49f8-ae1e-c443b50a8a03,60,Male,West Christopherfurt,Low,2020-02-09
e173b550-09e9-4e41-a7a6-ed62238a5435,45,Male,Seanburgh,High,2024-03-11
b24bc6e2-5921-4d0a-8f7c-f7a4353444bc,63,Female,North Donaldland,Low,2021-07-23
5727a118-547d-4495-9546-8ce2dbe74242,69,Female,Port Barbaraburgh,Uncategorized,2020-09-24
2ac4368f-2dee-42ae-9b51-0e5a3fd2df32,34,Male,Georgebury,Medium,2023-01-02
ecb9513f-fa9d-432c-996e-87fb80dc8827,54,Male,West Elizabethland,Medium,2024-06-03
60ac9bea-e2cb-4338-9351-0e0aae82f71d,39,Female,Lake Lisastad,Medium,2023-12-14
841fd92c-2c00-4beb-b870-76df175c4398,32,Male,Lake Samanthaberg,High,2019-12-26
0bd8dad3-da33-48bc-9751-29033056b5a8,34,Male,West Daniel,Low,2022-12-02
d1994e4a-365b-49fc-8a99-3bd92ff155e4,34,Male,Port Kevin,Low,2020-09-14
ac5436b6-4dbf-4083-88f5-87e9c9b2064d,62,Female,Carolynland,Medium,2021-08-19
edf30f14-1896-4a6c-b5ba-b208702af318,34,Female,Richardville,Low,2024-05-19
72e6f859-2111-4be3-b0e1-53895f0760bf,63,Male,Grahammouth,Uncategorized,2023-09-24
c812445a-852f-44cc-afdc-20b7bdfbcf11,56,Female,Howardborough,High,2021-03-22
f3d24254-2198-4838-8ef3-494090b9c5de,30,Male,South Taylor,High,2024-06-30
a5087e16-7348-4e69-a8e3-9b9612243cfd,34,Male,Bruceville,High,2021-05-18
246fb860-b424-475a-9321-514da3bb0da9,69,Male,Heatherland,High,2023-03-27
0770e254-efc6-46f6-b0e4-27dec5175da3,51,Male,North Lauraburgh,High,2019-12-24
47ceaec3-7419-4dbe-9206-8452b16bb61e,62,Female,South Aaronshire,High,2021-10-09
f35c22d5-a7ac-4cf0-a06c-5e8370eeb394,19,Female,Penningtonhaven,Low,2023-01-20
8ffcde15-2128-478e-a4c5-a7c74ec5aad7,43,Male,Port Charleston,High,2019-11-25
fa4c97fc-4a9f-4857-969e-ea9528b2792e,57,Male,East Michaelchester,Uncategorized,2022-02-27
389c7152-4e0d-46bb-9d72-d3382177b982,57,Female,North Graceport,Uncategorized,2021-02-09
9c0749f2-1449-4541-8113-7b1696f50c6b,39,Female,Isabellaside,Uncategorized,2021-01-12
2dc4607e-012f-42ce-bcbe-2508d828cf4c,32,Male,Josephside,High,2022-04-19
7283885f-2f32-43e5-b089-97914aead7cb,54,Male,North Jennifer,Uncategorized,2022-12-04
432b84c8-05c8-4609-b8f7-a0c298fb8f23,26,Female,Gregoryton,High,2021-07-14
1fd6c9c2-d7e5-440a-bf43-3b0f9e9b608b,68,Female,South Angelafurt,High,2021-03-29
63ee220c-19ae-4113-b45c-276b22b068e1,46,Male,Lake Traviston,High,2023-10-24
b91543e2-f5b9-42f4-9d0e-3fb4706558c0,46,Male,Knappton,Low,2022-03-16
d66159a9-4fbf-47c0-8e1f-e76049f29307,41,Male,Jeanettemouth,Uncategorized,2023-10-22
b7d129bb-07a0-4c97-8f20-3bb55ab413ee,66,Female,North Collinfort,High,2020-03-25
c8072a41-e366-4235-89eb-5d23b3cc5af8,55,Male,New Michelle,Medium,2023-01-06
e2114d58-4f01-483d-84fe-cd9601cc8be9,21,Male,Lake Kimberlyport,Medium,2022-05-31
9e85fb2e-f7af-4338-9b2e-0b900102405c,68,Female,Johntown,High,2022-06-19
e9064093-cd0c-4797-9e90-d12bd96061c7,23,Male,Coffeymouth,Medium,2023-03-11
fe2f07a4-61db-4cc4-9e3f-7d47dd44fc96,23,Male,Lake Darryl,High,2021-10-28
c80e089a-942c-4503-8e07-5615713a7bc0,58,Male,Tammyhaven,Medium,2020-01-22
fd3a126e-f442-4a57-a6f6-ea4bc6a41f65,62,Male,Callahanport,Low,2021-01-26
b0180e7a-16e4-45bf-a417-0f2f5ca442bd,61,Male,Port Peter,High,2022-05-06
38dc55f7-1245-4348-9082-a08814888989,59,Female,Johnsonmouth,Low,2020-11-09
3341229f-34c8-44d8-9800-6f383b9843ee,51,Female,Port Jamie,Uncategorized,2021-09-02
bcc0e767-8943-4823-8f47-6f5d958039fb,25,Male,Port Anthonymouth,Medium,2021-11-08
9039e86a-28e5-41e0-a907-5602c06daa71,22,Male,Port Matthewtown,High,2021-12-24
76fec26a-efb0-4bd6-9ea7-7edcdd03d080,56,Female,South Christina,High,2021-04-26
6b738cf4-0dab-4184-9198-e0d63e2091f0,29,Male,Gabrielleside,Medium,2021-10-14
decfbb11-2324-4a91-b4a4-da3011046f88,23,Male,Port Amyfurt,Low,2021-06-19
48c379ee-e82e-494c-ab4b-0d813a8b9884,64,Male,South Andrew,High,2021-12-22
5ea0aa5d-040f-49a9-8d9c-d311f9c06e12,68,Male,Sydneyville,Uncategorized,2022-09-23
7e5e582c-3e2d-443e-a06a-05085c8b8759,30,Female,Lake Megan,High,2021-06-03
48beaec3-aa4c-408b-a03d-b8d321b5b153,46,Female,Lake Kristenmouth,High,2021-11-05
c4197591-1c5e-4416-9a01-7d1882f2bc2c,66,Female,South Matthewchester,Low,2023-08-02
c9c2a3f3-cd4f-4b17-ad7c-69fbccc2416e,21,Female,New Angelaburgh,Low,2022-12-15
cffb22a5-2b85-47bb-9423-6802c77b22f1,43,Male,Ronaldland,Uncategorized,2021-10-25
1662e025-dc0e-4ab0-8728-cb90e85bfdeb,18,Female,Rosarioside,Low,2024-04-11
e8a661f3-0982-41a3-b9e0-71e265df25e7,68,Female,West Jimshire,Medium,2020-08-27
0982222d-13bb-408a-8dc4-c5165f18947a,53,Female,Garciaside,Medium,2024-01-12
a44b6ca5-c73e-4f7a-919c-617931e33a29,68,Male,North Brianberg,Medium,2023-12-03
d1604f83-72bc-4c5a-b280-e213dfec9cb5,49,Female,Millerville,High,2022-06-03
130ef83e-ce3d-4b3c-83cd-a2eebddb2289,45,Male,Oconnellmouth,Low,2023-03-09
c3b73fa0-bb97-4c73-b0d5-fc74fcf62ab4,51,Female,Port Carlaview,High,2024-03-04
420a3a2a-1ac8-46ed-9009-30c3a0e75a3b,23,Male,West Chelsea,Medium,2020-08-23
eb8bb3ce-e182-4a9c-8084-c55c738815e1,51,Male,West Pamela,Medium,2022-12-13
556e33c6-0318-4010-bd3a-3117496b47da,38,Male,Bennettburgh,Medium,2023-03-18
a9ad90b8-f6ae-4284-9a95-6749d053e96e,56,Male,New Frederickfurt,Medium,2021-10-25
448245da-3a0b-4f52-a40f-a25ca0a2fb6b,60,Female,Brewerhaven,Medium,2023-09-30
648e2751-83d9-4720-a2cc-2f7ab8db97da,19,Female,East Jacqueline,High,2024-03-22
4c15fab5-9db0-45c1-84e1-ec0829328556,34,Male,Scottville,High,2023-09-22
dc988ef2-c992-48e5-98e3-89ef31861f7a,50,Female,Kendraburgh,Medium,2023-08-26
54a1bbb2-9523-41a7-b8b5-9acd08f46da4,59,Female,South Jasontown,Low,2023-07-18
5713cca9-0ee4-45ef-a550-5edba478b94c,42,Female,East Martin,Low,2023-01-25
b0099c65-5803-4c0e-9747-44f2ea1157cc,67,Male,Tranview,High,2022-03-17
1f5c50db-9c55-4bbc-8a93-c7994a7bb3d3,61,Male,Matthewville,Medium,2021-08-08
76f1f27d-869d-4a4c-9c90-0cfd08917e83,21,Female,South Sherryport,Low,2023-03-20
92328a3e-fe43-4ab7-901e-098d1458da80,34,Female,Jaymouth,Low,2019-09-11
79a5eedf-99cd-4151-9007-8d0904daf592,22,Male,Lake Ryanland,Low,2021-01-28
9f4a20cc-7f33-4195-94db-fdb7a53c779f,62,Male,Adamshire,High,2023-11-01
1637ae53-d076-41d6-a25c-005a89a42ab4,26,Male,East Gregory,Medium,2020-07-02
00c15eff-8bcf-4d12-a5d4-992e45e3309f,31,Male,Lovefurt,Low,2022-03-16
092e5d8c-8e9d-4b41-aefa-a6732816494a,66,Male,East Taylorborough,High,2023-08-21
c7712686-3e9b-49d5-a673-e7d480d04ea8,29,Female,Teresaborough,High,2023-02-13
efd0526d-18c7-43a8-8862-a0713bee8e4f,35,Female,Port Logan,High,2022-11-30
933660db-c295-44b0-854f-5151a3732931,59,Male,West Adamstad,High,2022-10-14
51d9300e-d607-4f32-bf87-5fa39e1ce18b,64,Female,Port Angela,Uncategorized,2021-02-08
a3b96c20-01b8-45de-9498-3ef19433a68f,70,Female,Port Travisland,High,2022-06-16
3971a489-00e0-4673-a9b5-7b411d729996,47,Female,North Elizabeth,Low,2021-09-24
e8d8df85-ee06-4660-be18-4bd0047315ac,61,Female,North Nicoleport,High,2023-12-06
6e820fd4-83e9-41c3-8c2a-4c39b93d9a22,47,Female,West Eric,Low,2020-02-01
7b34c602-a5d2-4cea-ace0-a824300a7bf1,25,Female,East Paul,Medium,2023-08-10
b2859f73-c572-4bb7-90d7-51e5cc6747eb,19,Male,North Zachary,Low,2023-03-19
1d9db6f8-33f1-4b28-87a6-20504dd4ac20,39,Male,New Michaelton,Medium,2021-01-22
ec7ffd31-3c39-4dd4-bdbe-3d1f74912be4,51,Male,South Annette,High,2019-10-18
f5980550-b834-40f1-bef6-9341ca473d08,66,Male,New Ernestton,High,2022-05-20
f2993ee7-a515-46ec-84c4-115ce0e6ac44,28,Male,West Rogerfurt,Uncategorized,2022-05-02
881f6d0d-f2f8-4a42-b075-e4d6b9bab448,60,Male,East Benjaminview,Low,2023-11-10
b209dd08-f3b3-471e-8616-467021121966,19,Female,Port Maureen,Low,2023-09-09
4d20c2b1-2f8a-4066-902c-bd068c2adccc,34,Female,Jenniferburgh,High,2021-10-17
35c92647-8109-4097-a6cd-ae3aca6b16ba,57,Female,West Harryland,Medium,2024-06-30
a931f75c-095b-4678-a3c0-77f48c60fdb0,56,Male,Strongborough,Medium,2022-10-15
38f1470d-a41c-42c6-8e78-9e995692ab52,37,Male,Sandrachester,High,2022-06-09
0c09188e-2df1-441d-b4f6-01b97f70972d,49,Female,Brownview,High,2019-07-07
7f39b2ac-eeb9-4198-8950-4e561f743343,63,Female,Lake Karenborough,Medium,2023-10-03
0b568a94-a069-4bde-b8a9-201fdf3ab299,43,Male,Marcushaven,Low,2020-09-30
ee2d89cd-9813-42ba-bf28-fdad2462d31f,18,Male,West Kristenton,Medium,2022-02-13
b3b31b3c-778e-4086-bda6-72c7bad8a9d6,60,Male,Travisland,Low,2021-10-01
d60227d4-2d7b-48dd-9d91-44365360dd82,20,Female,North Dawn,High,2022-03-12
bb2d7d99-0a7e-495b-8c6a-6812a826e63a,41,Male,Lake Larry,Low,2021-11-20
b6f0bcbc-ca5d-4981-a636-27355554fc85,35,Male,Robinburgh,Medium,2022-02-27
d66cddf9-3b06-4583-8876-d9294f520f4b,63,Female,Deborahville,Medium,2022-11-06
b7d10a25-8fd8-4841-a8dc-f353d530fdaa,32,Male,Wrightmouth,High,2023-08-15
fe2ce21d-9252-4849-913c-22a3e0fe90eb,67,Male,South Sarah,Medium,2023-10-29
dcaa94ed-6696-4caf-8d00-aca84e701e50,42,Female,Robbinsland,Low,2021-06-21
839d63cb-15d2-4fe1-890c-9943028eb8aa,56,Female,Lisaton,High,2023-07-21
0b78455d-7ecd-41c3-953b-4c883ce336f1,26,Male,Lake Crystal,Medium,2022-09-11
1044f1f4-cce8-4bcb-9615-150b05a3cf5e,57,Male,Hallburgh,Medium,2020-02-10
cbfff6f3-c193-4b56-a6ff-92bc84ad3789,46,Male,South Mike,High,2019-10-08
23776c67-3ed1-45bb-a6db-4ee0fa6238c2,65,Female,Craigburgh,High,2022-09-07
c71e53bd-d52e-43c7-853a-bde70ff3cf38,55,Female,Port Austin,High,2021-04-26
710f0b73-da83-47ed-80a1-4a46a836eb67,57,Male,Port Mistyport,Low,2024-03-26
15733149-4d66-49e1-8622-c25c99923852,64,Male,Ramseyhaven,Medium,2024-01-14
83355281-fda3-4776-9f9d-a812243c3b56,31,Female,Ashleychester,Medium,2022-02-23
01264132-b542-471e-ba65-038975091843,56,Male,South Rebecca,Medium,2023-10-30
01bbd379-afb0-4ff4-8197-9dad2ef2fa94,58,Female,South Cathy,High,2022-05-14
32948729-ea9c-4a4b-95b5-e1e840f8dfe6,58,Female,West Christopherborough,Low,2021-12-16
25feddf4-42a5-47b9-8b95-ba74f0c0ea9b,18,Male,Lake Tina,Low,2024-03-28
d1ce2eb4-0552-40d6-b473-73435099202b,49,Male,Brownport,Medium,2021-06-22
86cd3c96-4331-4c00-902e-54a8f37a4db0,59,Female,New Nicolebury,Medium,2022-03-06
f845b247-fa01-47ca-8e06-583f8f0334a1,52,Female,Gonzaleston,Medium,2021-11-16
3d1c05ef-f343-4096-92a7-d06628c422d0,34,Female,Sparkston,High,2022-08-04
acd248d6-abf4-45bb-b5b1-467fe01a7f48,56,Female,Ramireztown,Low,2021-04-13
9fb429e5-f4f2-48a1-b70e-d96ecb93b72c,63,Female,Barneston,Medium,2024-02-25
c8ed5272-be7a-4d76-a4cc-e70330c69ba0,60,Female,Shaneton,Uncategorized,2023-08-08
c542f337-bd14-4d58-8ef4-e609830bf5c1,26,Female,North Eric,Medium,2024-02-27
49f06ea9-4ae5-4ce5-98ce-d2c2f6f15cbd,42,Female,East Elizabeth,Low,2022-01-23
539d2dcf-07c7-45c1-82b9-76b5bd380e8e,20,Male,Blackwelltown,Low,2020-08-24
91564ff4-c8f8-42b3-97d4-b9e15b97dc69,49,Male,New Brian,Low,2024-05-27
59f8afe5-173b-4e52-b641-f98183f1a891,45,Female,New Alexis,High,2019-08-21
9fd04f97-12cd-408c-8de3-7d5d7144055a,26,Female,New Jason,High,2022-06-04
a0d6d267-5374-437e-9d14-2f781c3170c2,53,Male,South Carmenchester,Medium,2020-04-03
310615dd-2cca-4907-8c33-69796d1b1d95,31,Male,Ericbury,Medium,2023-10-15
3d921b43-7411-4048-a294-c1f40ff81a30,21,Female,Melindastad,High,2023-01-31
ccbaf8a3-c12b-46ad-a994-dfbe60858b24,51,Male,Lake Jonathanport,Medium,2020-09-03
ccf4d58b-5087-45c8-a8f8-bb99be9a13d1,62,Male,Andrewstad,Low,2024-03-10
6506a08f-8725-46af-8aaa-1b3c5c913d84,30,Female,Cunninghamstad,Medium,2022-12-27
21098ed8-fac6-4727-8f0c-953365b6c837,30,Female,Petertown,Medium,2020-09-03
ca16b93d-2b74-4c49-b86d-0907438e3c2f,22,Female,East Terri,Uncategorized,2022-09-30
72f4a693-7447-4200-aef8-bb13b0ba474e,67,Male,Villaburgh,Low,2024-04-22
1afc1e60-be41-4f45-9ff1-73f28d0dbdc9,50,Male,Wesleyville,Low,2023-06-19
779e8498-ec27-4741-86f0-1f0d696c7ea8,40,Male,Kimberlychester,Low,2023-05-27
97743282-a9dd-446c-95bd-ba8c44636348,19,Male,Wilkinsside,High,2023-09-10
c655d6d2-58ed-4584-a015-4f280e2c192f,33,Female,Murphystad,High,2022-07-29
8af27e3e-6225-43a1-b3b5-9a838531c97c,27,Female,Haydenberg,High,2023-07-29
4cadaab7-2498-4c00-a5ae-bede8956bf86,57,Female,East Teresa,Low,2021-03-03
56a1a6d5-3e94-4e3f-aa56-2d6c0dcad380,57,Male,North Ashley,High,2021-01-15
40135fcf-ed9d-475b-a435-5b20b108e1f5,38,Male,Lake Charlotteville,Medium,2020-10-04
5ab01e3f-1356-4a51-a50e-028992187cba,46,Female,Victoriahaven,Medium,2021-10-22
ba41e3cf-0903-4454-9c39-2061a5b700f0,67,Female,Rachelborough,High,2022-02-16
dfcf2951-0459-457f-911f-5ebce09c84bf,52,Female,Port Colin,Uncategorized,2024-03-06
42557c76-96c9-4961-9b7b-3e1e8e7857da,18,Male,North Christopher,Medium,2022-05-12
5bd18674-64ae-4977-94c7-b70b61502530,46,Female,North Stacymouth,Medium,2024-01-12
7364802f-db98-43cd-8efa-8695104b4b0d,49,Male,Lake Williamborough,Medium,2023-10-15
2d88fec4-0e4e-40f5-963a-f5ba1af40c31,29,Female,Johnsonfurt,Uncategorized,2023-10-06
c95f94a6-dd94-45ac-b3a8-41e2358c8658,45,Male,East Jacksonberg,High,2023-10-23
ab583b9a-e111-4cd7-98e9-c0fb3091eb74,48,Female,Gibbsfurt,High,2020-01-08
f8b81878-73cb-4468-9601-5242564e8bef,62,Male,Port Michelle,Low,2021-09-10
9c3452ca-e154-4d0b-b683-1aedf13c3cff,45,Male,Silvastad,Medium,2023-03-14
636f22fc-4799-4fb0-8331-88b34e007c71,68,Female,Christineland,High,2019-09-07
f56e56b7-bbde-455c-b570-61cd2005b4e4,54,Female,Popeside,Medium,2019-12-03
bd90f5cb-05a7-40f4-acb1-eedf48b58ffa,31,Female,North Cassandra,Medium,2021-03-19
02bdea9d-2119-461f-8824-227b984d62d8,65,Male,Bateston,Low,2023-08-12
77280a9d-3fc9-4140-bc4e-b85cd5c7a8b1,64,Female,Jasonmouth,Medium,2020-05-12
d2538ad3-f1b3-44ee-ae05-ad7f1dd4e2ed,60,Female,Timothyhaven,Low,2021-03-11
b803eb0b-f143-44c2-b04e-547eb67c4a08,26,Female,Kaitlinburgh,Medium,2019-07-20
2d1b4390-b57f-4b9f-87b9-c32f072a1166,23,Female,Ericburgh,Medium,2022-02-26
02a9f067-33aa-4b23-ac8a-a3ca458ccf65,61,Male,New Peggyfort,High,2021-05-15
62e3a7aa-cc76-4c4f-9e65-9aea8f238f22,65,Male,Jessicafort,Medium,2023-06-17
429afb4b-99cc-4a38-8f43-9187a3e02ecc,61,Male,East Charles,Low,2022-06-10
341dc9d7-59cc-4768-a795-a1e384e5da0f,22,Female,Lake Stevenmouth,High,2022-09-18
e40b7ce6-997c-47ed-b2c3-1bb342cb3eb5,33,Male,North Stephanieland,Medium,2022-07-16
808bfcb0-4e84-4357-8c71-5aca60952a06,18,Female,Williamsberg,Low,2020-07-22
5ada20b3-7201-47cb-b845-5bb258f7d233,20,Female,Brittanyton,Uncategorized,2020-11-09
54f75d68-a8d8-4790-b65b-8937fd8f561b,49,Female,New Christina,Low,2024-04-26
f8573ea3-e775-4d36-8b8a-a4ba6a539eab,64,Male,Port Nicoleville,Medium,2021-08-01
066f3633-6af2-42a0-9678-862f00b57b78,69,Female,Rachelville,High,2022-03-07
6a178ba8-e3a4-4458-8f8e-8e47314d1af2,45,Female,East Christopher,Low,2023-04-30
443b1911-42b7-421d-9e51-4e885e50ab0a,67,Male,Adamshire,Medium,2022-10-06
4dd67ee0-394f-40d4-b3b1-414b7aa575d4,30,Male,Lynchport,High,2023-03-13
71ebc48b-3b38-41a6-8cee-0472e1fab9d4,64,Female,North Mike,Medium,2022-06-27
451f473d-4ebe-4919-9e21-4fd1b45d65be,51,Female,Leslietown,High,2024-04-22
0ad25f2c-6c04-4af7-8672-475375387a4d,62,Male,Lake Victoriaside,Medium,2023-06-21
1efd2bbb-8e56-40c4-a829-f64a1a08e7f4,47,Female,Jonbury,Low,2024-05-21
23b9cd7f-aacb-46b4-b69c-72800cba3f39,62,Female,Lake Heathermouth,Medium,2021-08-08
4a8ebbc3-f442-46ee-ae83-476b6767802c,59,Male,Paulside,High,2022-08-03
6db65a3a-70f8-469b-9583-f804b7c5b0c3,28,Male,East Timothy,Medium,2020-03-03
e7788785-ad3d-4856-b74b-ede4c5d7a407,65,Male,South Destinyville,High,2020-12-10
e580ec3b-fcbc-40d8-9af7-5e0a110d1cb7,61,Female,West Rhonda,Low,2021-06-19
bcdfeb3f-35d1-42e3-b630-602a9fee5214,20,Female,New Lorettatown,Low,2019-10-27
9190bec9-2cbb-4b52-b9e0-263afc6bc0b8,50,Male,Geraldside,High,2020-05-10
2541e488-4232-417e-9032-a9e35370e602,43,Female,East Rachelton,High,2023-11-26
219e545b-8798-45f1-baaf-bc93c690f3d1,59,Male,North Christophermouth,High,2023-11-11
e227d514-7382-422e-adf1-fbf694f7c0d5,32,Female,Jennyborough,Medium,2022-03-08
2b107ca8-df3c-4676-9974-e9c486f7763e,56,Female,North David,Medium,2022-10-24
1baf8a9a-bfe2-45eb-86f4-9fed7c31f201,70,Female,Thorntonfort,Low,2019-08-12
9d437043-e503-4d1d-b1e6-1e66d3457008,48,Male,Joshuashire,High,2019-11-23
4f1d7108-1020-4ed3-99ce-cbf717ad9132,60,Male,Trujilloberg,High,2024-02-06
e12639d6-eeae-4436-a618-8e4b37aa16ac,66,Male,Kevinside,Low,2021-12-31
8f6a81be-9729-49b5-bc93-4ab9d3c5f6b3,22,Male,East Brittany,Medium,2020-11-29
21d65157-1b88-4ac7-a89a-4b938f2eaf97,59,Female,New Timothyborough,High,2021-10-31
2c7c61c3-3657-463a-aab2-a2d355e884f8,50,Male,South Sarah,High,2023-10-30
ce2ece8f-91c3-420a-9d80-8b1f5051dc77,40,Female,Mccoyville,High,2023-01-24
dad5383c-36f9-4dd6-8a63-a3466a8ca819,69,Female,Shorttown,Medium,2022-09-04
86cfcf4a-7f33-4bf6-aee3-4a2a12ac76c0,29,Male,North Michael,Medium,2021-01-11
e9585200-2644-4aa8-9e90-ec9b6281ef1c,18,Male,Tuckermouth,Medium,2021-04-18
f27068a5-23e2-4afe-8cd5-f02f3acb4263,38,Female,North Ruthport,High,2021-08-25
e87d8e1d-5990-4b4c-8654-800f005d3b5a,52,Female,Waltersshire,High,2020-02-14
8ef6a6a9-a258-4948-ac08-e9c96ddf947b,70,Female,South Donnaview,Low,2022-10-31
9c8af065-3c47-4a01-88e4-01cfeffe983d,66,Male,New Matthewmouth,High,2019-10-27
e5717485-07a9-4b9c-8a87-05dc56e94f9c,58,Male,Blanchardborough,High,2023-02-08
f48f4ea8-77e4-49bb-b32b-216e6c278c07,35,Female,Shirleyfurt,Medium,2023-10-13
9b756f15-797c-4adf-b0cc-25d501a7e4fb,18,Female,Edwardsshire,Uncategorized,2019-11-19
9ee03f41-3a02-40a6-ba54-d94f4b3122af,47,Female,Thomasbury,Medium,2024-04-30
78959de9-ab6b-4b1f-9eba-2bc0514fe606,26,Female,Lewismouth,Low,2020-07-20
4bade271-e2de-48e1-9207-006875a7f23f,26,Male,East Douglasside,High,2024-02-26
1953ef33-fafe-4964-bba1-639f45cff748,56,Female,East Marktown,Low,2024-05-08
3d1d35c9-b974-4023-b619-51c4745deddb,66,Male,Walkerton,Medium,2022-01-27
bf5570d2-e655-4cf6-a889-cd3deb01b150,65,Female,Johnsonville,Medium,2021-12-19
71d71a33-628b-4ec1-a3ed-84a3853e3cc5,68,Male,Perezfort,High,2022-07-10
e76d99b7-f95c-416f-8d4e-5fe436a6414c,64,Female,South Angelaburgh,Medium,2020-05-01
64ddd43e-3235-4c30-a6f2-ee0ec01295f8,63,Male,Port Marktown,Medium,2021-09-16
7e3256b2-49d1-419e-a30c-8504f446e64e,54,Female,Port Jesusborough,High,2021-02-16
af603c89-aa51-419e-81ec-7dda033219f3,37,Female,Troychester,Low,2020-11-10
e8de7d84-5ca6-40a2-8b3f-27cda500b8d9,36,Female,Dianahaven,High,2020-04-17
aabb967f-0fac-406a-b5c5-ffb0480b80c5,43,Female,Newmanborough,High,2021-06-14
850477f1-54e9-42b2-aa69-329bdb1198a0,27,Male,Daleside,High,2020-11-28
3d8f2b47-49b7-4ece-bcd9-614437744907,68,Female,Reedshire,High,2021-10-02
d18cda69-56ba-45a8-b3fe-ff52f040377a,63,Male,North Katherine,Low,2021-10-22
d8f8ec8a-1803-494d-8fba-1b7e936abf77,45,Female,East Moniquetown,Low,2024-02-14
6a790a51-5a2e-4f30-b375-00b5ced20d6f,46,Female,Jeffreyburgh,Low,2021-09-14
87861eda-cd76-417d-9519-b5a9d412457e,43,Female,Muellerborough,Uncategorized,2021-12-03
d9c7e8c8-bce5-4e67-a361-5397aa25ae4d,45,Female,South Jessicaland,Low,2024-01-24
f545e364-ba9c-49db-8eda-253569dbf0b7,49,Female,Lake Renee,Low,2021-12-19
8c2a2375-c037-44b5-8ede-a75321dfdd0a,19,Male,Fieldston,Low,2023-04-16
46e97136-3a44-4567-a58c-a434c0b3821f,58,Female,Marcusland,Low,2019-09-08
d2cb1c6b-e8e4-43da-851e-0629ff5bd2f1,19,Male,Jenningston,Low,2022-03-11
9f1b18f0-4604-48f0-a446-9aae406bb584,57,Male,Cameronside,Low,2021-12-20
1e502d97-1e15-4ea4-a2e2-8e84f89f3e05,20,Male,North Margaret,High,2021-10-29
343ef45e-c257-47f1-bbd2-5683734d2fcd,61,Female,Port Sandraside,Medium,2023-09-10
234b9754-ca0d-43ea-93fc-fd65b2be91da,52,Male,Jeremyport,Low,2023-05-27
5e884669-a6cd-476e-ab13-16c86afaa534,34,Female,East Jason,High,2021-02-16
f363c9f4-3b7e-4809-a21c-1d676dc12cc5,48,Male,Joshuaton,Low,2020-08-26
70c48d78-7384-4aae-988f-d59f6de6fb14,30,Female,Lake Jamesland,Low,2024-02-02
47b7bf11-6a78-4e79-b284-a6b8b6cf732a,39,Male,Port Gary,High,2019-12-22
1a132210-8646-4516-b340-f5339ab0064b,34,Male,Harperhaven,High,2022-09-04
b8749ac7-628a-4fc6-81f4-8fd885fcca3c,26,Female,Trevorview,Low,2024-01-09
974c6b6b-56b3-4187-b2a1-84878f891677,55,Male,New Adamland,Medium,2023-12-17
b10dbfea-ac81-4cdf-be3c-62248bbd5838,68,Male,Lake Joel,High,2021-12-14
251a9b00-932d-4e57-adac-d1be9b1ceb46,25,Male,East Paulburgh,Low,2021-02-02
2c3bc4d2-a318-4044-b773-6207486bcc72,20,Male,East Sheila,Low,2020-01-30
08878712-67d0-4938-a4e2-a2d06ce793ae,43,Female,South Deborah,Low,2021-02-14
446c2002-0e68-4461-b7ff-9fc9f7bafa98,55,Female,Birdstad,Medium,2020-01-21
4924293b-cc71-4bbd-bfe1-d291ae35c5b1,48,Female,Port Michael,Low,2024-03-24
ba78abe5-c514-46ca-8feb-95426be7f8a3,36,Male,East Joshuachester,Low,2020-05-18
e7fbdcd7-aac5-4a3c-abeb-672f410dfc99,60,Male,East Christophermouth,High,2019-10-28
67619ae7-5006-4efb-985d-fc76d2bde842,30,Male,Port Alanshire,Medium,2019-11-25
5ebdbaf2-bc96-47b8-beb7-20ff4c0497c3,40,Female,Lake Justintown,Low,2023-07-04
e2df0721-50dd-4f08-8f6b-ab18a0c51b85,29,Female,Port Linda,Uncategorized,2022-06-15
787e95bc-3a62-4528-8ab3-58d4f56b8ac2,60,Male,East Shaunton,Medium,2023-08-04
2bde4c68-1f79-42cf-879c-a2b1a42f87ed,39,Male,Lake Melissa,Medium,2020-01-21
9c1d138d-5310-4088-baf5-d4204ff46bf8,65,Male,North Dianaside,Uncategorized,2022-11-05
4a5db138-8b0c-45dd-b686-0f90edd42c3d,48,Male,Wagnerborough,Uncategorized,2023-12-26
3059a890-f9e7-4973-8f4f-be7e1d8d0634,22,Male,Port Timothyville,Medium,2021-05-21
a1487b99-07e2-4e06-b590-64d85a00c9c3,59,Female,Martinmouth,Uncategorized,2019-11-30
ea7308c9-73f0-4539-8139-b12ecad3575d,54,Female,Alexanderborough,Low,2022-10-11
61566b24-0de9-47bd-aadd-0650b9646191,35,Male,Hernandezshire,Low,2019-09-04
22edbbf4-1eb5-4809-bf75-96d82a60bfb7,45,Female,Cherylfort,Uncategorized,2024-06-28
852cad8e-ef1b-4ed3-9221-4b31bef6af6d,39,Female,West Susan,Low,2023-08-19
371788e8-cf8a-4694-84c9-2d34da4d6f8a,56,Male,Lake Jessicaport,High,2023-01-10
d47219d5-2c28-4f3f-8da9-f9608c45b80f,22,Female,Lake Sarah,High,2020-07-24
e7d625b7-a986-40b5-a265-bd21939d70ae,49,Female,Gonzalezmouth,Low,2023-05-27
3a77bb3c-9134-4ae2-9c40-4776506d00bf,37,Female,West Paula,Low,2022-01-02
c841248d-fa26-4b84-8f1b-3e0dc961cb5e,57,Male,Port Joannafort,Low,2020-08-28
41a70349-bf97-44b7-8d7e-f71d8ba581ef,57,Male,Keithton,Low,2024-03-14
a915dadf-9cb8-4a3a-b913-01130aaceb04,61,Male,East Michelle,High,2021-11-02
cf50d018-07b4-4e98-89ac-090099a0fedd,57,Male,East Lynn,Low,2020-08-10
dff72d74-6b17-4e1e-a904-6b8823b94a06,41,Male,East Ryan,High,2021-04-14
712b4161-ec32-49a0-b09a-54cbe3e12b0f,26,Male,Trevorbury,High,2023-08-09
8240be7d-ef8a-4f51-a5d1-1389e6aa43f2,35,Male,Lake Kathymouth,High,2019-11-23
f3fa82c6-4086-4756-96f8-eff3ea337f59,25,Male,Lake Grace,Low,2020-08-09
a09b0309-43b7-4f6f-b705-93b92fcabf84,61,Male,Berrymouth,High,2023-01-28
5358a222-28b7-4c26-8d76-b9954e44079c,39,Female,Markland,Medium,2019-08-08
140b9269-0f39-4564-b040-d1ecfc5ebd7e,35,Male,East Ryanville,High,2022-01-08
13a4c3f7-8549-4b13-afe0-486f14f86ea4,27,Male,Kimberlyview,High,2023-06-15
812dde02-d36b-4bfe-ac08-d5323d810ac0,21,Female,Kevinchester,High,2022-08-11
9047570a-6d08-4ff0-8e07-9009d87ac90b,30,Female,West Michellebury,Medium,2020-06-21
7c8fb7af-ccb3-44ea-b6d7-b1f2dfecf6b5,62,Male,Reginastad,Uncategorized,2020-08-28
9f1fe17d-17fa-4287-88de-d3f65196023c,68,Male,North Cody,Low,2021-02-03
5056dd25-7171-4f6a-b727-36659bbc5e15,68,Male,Baileybury,Medium,2024-05-06
18b3ff1d-ad70-4064-8d66-743289d65204,37,Male,South Alyssa,Uncategorized,2022-01-23
e6f4ae74-d58d-4770-8ebc-89c1f8778a6d,37,Male,Lake Joanville,Medium,2023-02-02
0cd3b70a-d36f-4a0d-bdef-8d689345b33b,40,Female,Lake Brendamouth,Low,2023-01-01
54c10762-4c2c-4b9a-a602-d0069520ab2b,43,Female,New Megan,Medium,2022-12-14
772896ae-d11f-4bbe-8cca-3e3043b390e6,65,Female,North Josephville,Medium,2023-02-05
752b75e6-82bf-4f8d-9e9f-a46ebf4e7e03,61,Male,South Georgemouth,High,2021-07-24
b3dd869a-9eb6-4625-bb69-f43588ca38ab,32,Male,Vasquezhaven,Medium,2020-04-24
f68d8862-40a5-4ebf-99a7-a799c2f2ced0,56,Female,Chadmouth,High,2021-07-07
bb798529-5f0e-4731-8377-244690335f1a,56,Male,New James,Medium,2022-11-08
915f1138-1700-4b8b-842d-91d7ec4781af,34,Male,Millerton,Low,2020-03-06
c3e262b9-366d-4f16-b14a-575f46bd182d,57,Female,Port Paulatown,High,2023-05-09
c62139ab-d7e5-43a3-9fae-ec29c0d5ae47,21,Male,Garyburgh,Low,2020-08-18
c288b8e0-209a-408b-8135-28f8e81b053b,20,Female,Fletcherburgh,Medium,2023-12-02
f8146100-569d-4cda-9d64-88c6ad98de5f,21,Female,South Davidtown,Medium,2021-08-29
6cd8702b-522a-4a0b-beaa-26356515285b,18,Female,West Erikaland,Medium,2021-02-02
5498ee78-636b-485c-a3eb-af9bd4de4549,62,Female,South Philip,Medium,2022-08-24
1e30c651-0b58-4e94-af1b-91f790c46422,58,Female,East Edwardborough,High,2024-03-29
5614c306-00fb-423e-8212-22c474c891b6,57,Male,North Robert,Medium,2024-04-04
c8a01b2a-9609-45a7-8f50-fa49f6ba25c5,21,Male,Angelaside,Low,2023-05-25
51146712-d132-40f2-aafe-e7483ba0c0a1,41,Male,Tannerton,Low,2022-10-05
f2ae3811-9b1b-42b0-be42-d8b5468ec073,36,Female,Yolandamouth,High,2022-12-15
832fe90b-db19-4a42-aee0-c3feb0f2cc64,53,Male,Traviston,Low,2019-11-19
51198c52-6a0e-4677-ac11-37f1868acaab,18,Male,South Samanthaland,High,2022-07-06
3374b7c6-b390-48a9-bc1a-fd4aaacca0df,68,Female,New Stacey,High,2019-12-03
0779c97d-f4e4-4774-b1a5-deff552434a3,42,Female,Smithberg,Medium,2020-12-24
a1c13177-cc65-4fcd-adc3-db3047ed4611,28,Male,Brownburgh,Medium,2023-05-14
740d0a3a-23f3-4417-9357-f4f26a4c9a62,18,Female,Lake Andreaton,Medium,2023-03-11
c4dc94e9-3c8b-4dc4-b38b-7eb3c9aa9f00,31,Female,South Craigstad,High,2019-07-25
0ef84cc6-0b4c-4c56-bdaa-d6b725ccc08e,40,Male,Lisaside,Medium,2022-07-23
d9ebf03c-6e01-4a50-9db9-58681d604dc0,61,Female,Maddoxfort,Medium,2024-01-23
b758c23f-d8b8-4baa-b8ed-f122f14181f8,63,Female,South Danielberg,Medium,2021-07-16
cf5e534b-1b96-4260-86f5-3bdfa7333ff0,26,Male,South Anitatown,Medium,2020-05-28
a5537b15-92da-427b-bfa6-287f24e8c371,45,Male,Lake Ricky,High,2022-06-02
2da577c9-6b4b-4fd9-aa86-e333ee14c02b,64,Male,Millsberg,Medium,2024-03-12
e1dabc47-5b6e-4e64-ae9d-b3e092a066ed,52,Female,Sandratown,High,2022-11-28
2bab13d7-b642-4ac3-88ba-1c026fce0836,57,Female,East Julieberg,High,2020-12-09
634b25ce-d205-4a1e-b277-b70efc033fc6,48,Female,Port Patricia,Medium,2022-07-24
4657dc86-a2ed-469b-b3f8-44bb3d08ab9c,38,Male,Lake Kaitlin,High,2020-09-28
faebacd0-39ee-4626-bfa5-f6059c95e244,25,Male,Stephanieport,Medium,2022-07-21
f2f29694-e761-4b3d-a260-89c19d8ed831,31,Male,Lorimouth,High,2024-03-25
892d4069-6d8d-492f-b5f9-cfc329ee9e78,31,Female,Arroyohaven,Medium,2023-01-10
49f6055e-b29f-4172-aedb-4b03255f313f,41,Male,Rodgerschester,Low,2023-03-16
498daaca-dd10-4fa0-8dd7-357f8543590c,32,Male,Port Taraborough,High,2022-12-12
059e4737-de23-4d2f-a6ca-0b178977ca2e,54,Female,Port Jamesburgh,Low,2021-06-21
7544489f-ec7e-48af-bec6-b6eab94a6e5c,64,Male,South Jared,High,2024-03-02
1b67cc0b-6aec-4daa-bccc-a5961df1d6e2,65,Male,Mooreport,Medium,2021-06-18
c6747843-6a62-45f4-9cc6-c9cd85a67a81,52,Female,Jamesview,Uncategorized,2022-01-07
39333cba-4f7a-4527-8b1d-5a22e4107a22,59,Female,Stevensville,Uncategorized,2022-02-27
c36a8651-28b5-4f27-afd4-6489f5e0eeb3,32,Male,Carolynhaven,High,2020-09-05
fd0f15b3-44e0-4a2c-8e7f-16887ae8c8d2,62,Male,Millerstad,Medium,2020-08-15
d3493edf-9847-46ef-b400-7063b54bcf63,28,Male,Jasminefort,Low,2019-07-07
0ece51e3-e19f-4a06-8f1a-43d7a4e4cbe9,41,Female,Allenfort,Medium,2023-09-04
4eed01a0-3f24-46c8-b919-432410150ff6,58,Female,Brianville,High,2022-02-24
a3c0fe03-4de6-4e05-becb-c67e93e2b97f,36,Male,East Jonathanfort,Low,2019-10-15
b449a41c-c911-4d86-8125-5d2aca600289,62,Female,Rayview,High,2023-11-12
3daeb50a-a388-44a7-8aa8-0cde8a0c1947,39,Male,West Trevor,Low,2022-11-24
7c3af602-49dc-4416-b471-cb86cb8a378b,47,Female,Port Brittany,Medium,2022-10-13
4db786fb-341d-4ed2-b5d3-0e0b5f6dff9f,34,Female,Lake Laura,Low,2023-10-22
56a5cf77-1afc-4911-8259-9293710ca596,19,Male,North Maria,Medium,2019-09-04
6e3e8eb8-bc0f-4ffe-9f74-5d5efec9502f,41,Female,Nicoleview,Medium,2021-11-15
4338400b-c370-4f98-a00b-3d917bb4f3f5,38,Male,Adamshire,Medium,2020-08-31
29b6f958-4c5f-4a07-86b0-8c7b927597da,40,Female,Pierceport,Low,2023-07-13
698e4937-e831-4bc0-bf5a-404534f76169,51,Male,South William,Uncategorized,2022-12-31
049ce878-f770-49a9-8e4d-24bc86fc2817,24,Female,Kimberlychester,Medium,2022-08-15
bc888183-8dfd-45d0-9bc2-d8584e9b8064,37,Male,Sarahmouth,Low,2023-10-19
02993d34-97b0-4501-bfd7-038d2fa8d2e5,32,Male,Brendafort,Low,2023-10-04
577fcc56-95dc-443a-9289-d12614f5cea3,20,Male,New Andrew,Low,2023-03-28
a808b2b2-0be4-423b-abec-24068d450f73,61,Male,Fisherstad,High,2023-02-08
c410146e-227c-4623-a9b6-9faf5c7e8147,31,Male,South Jenniferberg,Uncategorized,2019-09-14
99299ec1-ba07-442f-b7c9-7b3ec509584d,28,Female,New Debrashire,Uncategorized,2022-04-05
de1c2a79-7a56-4c28-aa2c-bb92b255b031,62,Female,South Robertport,Medium,2022-12-20
f0d87968-72cf-4817-b871-c8812a52c570,47,Female,Natalietown,Uncategorized,2022-10-20
d496fffa-8183-4bae-ab8d-eb4578a11a6a,18,Female,Stevenhaven,Low,2023-09-25
a109f23f-12f0-42f8-a5b0-8b34189ddb98,40,Male,Alexisberg,Medium,2023-05-07
0d27c7ac-346c-454f-b37d-75fddef246ad,43,Male,Webbfurt,Medium,2024-01-12
b016e127-2f32-4151-8aa5-ca74552d34ba,26,Female,Port Mary,Low,2022-06-06
ed668d4d-f166-4051-9ecb-45416d0827c6,37,Female,West Nancyfort,Medium,2023-09-27
d03df71d-b02e-4c1e-a2cc-79ebb353b530,60,Male,Jameston,High,2023-07-20
7a7ebefe-7936-4e6f-9cf2-6e80c7d2d849,28,Male,West Nicole,Low,2022-09-13
e0e7fa30-922d-4ca1-9468-436799db36fd,68,Female,Gregoryport,Low,2022-07-09
0835b6e3-f10e-4a8d-8d11-e64445faed2f,34,Male,Jessicachester,Low,2019-07-24
dad30372-5fe9-40fb-a895-b85af25c2f3c,53,Female,North Davidfort,Low,2021-09-06
484eea6e-2367-42bd-9c83-b3c3783b4bd7,66,Male,Estestown,Medium,2022-12-20
e2fa338d-8332-4ab3-a739-da2eba2f70a0,18,Male,East Latashaside,High,2024-03-22
a71f910e-a780-4535-8a7a-e58f5ec0d660,49,Male,Port Rachel,High,2020-07-11
080ff643-1def-4438-ad98-62cff0ce5b53,69,Male,West Rebeccastad,Medium,2020-09-20
e73230b9-9b46-491f-b5cb-cedd5f1b7c7a,35,Female,Ashleyview,Medium,2020-12-28
257413b6-9a31-4572-a119-64d4fb014017,50,Male,Jenniferchester,Low,2022-02-23
64b89b9e-1cf4-4b42-add8-94b7ec861f1a,66,Female,Mistyborough,High,2019-07-05
3a37d39f-9c74-4ca1-987c-5ac5269b13a3,42,Female,East Vanessa,Medium,2020-04-12
b05ce7b6-2285-4728-8601-6d75030a902f,43,Female,West Alejandroburgh,Uncategorized,2023-04-06
ebccb59b-1792-4a64-a43e-ac942685ec77,53,Female,West Gabrielle,Low,2022-11-04
f9cb178a-b717-4782-91ce-20564e98ee81,23,Female,Glendaberg,Medium,2023-03-19
6839b030-9abe-4bef-acf2-40fd28bef037,33,Male,Medinafurt,Low,2023-05-15
b86a502f-f1c9-4fdb-835e-c38a3471cdd8,55,Female,Carmenshire,High,2023-03-19
0f1eca8b-186d-45c6-8d42-460958fe4fd0,48,Male,Gomezchester,High,2021-04-25
7c78fc31-c578-47d8-a240-32790a5829ce,55,Female,Kellyville,High,2020-07-01
108b24fe-ab06-4eba-b13a-dc2c521b76af,23,Male,Dawnport,Medium,2021-06-12
b836eea2-4914-429c-af83-8f51b24a8a5b,28,Male,Port Darrell,Low,2020-11-08
015006df-480b-4c0d-9a6a-550691817c48,31,Female,Vanessaville,High,2021-08-07
962f1fa4-cd1c-49c4-a5ad-a9a1d9d5ddf4,38,Female,East George,Uncategorized,2024-02-22
353fc984-29a9-4f77-bcbd-fe14b9c1d1dc,38,Female,Port Danielland,Medium,2023-06-21
9b25a2c1-514e-425f-be87-a57533d5503e,19,Male,South Heather,High,2021-01-06
094ee9c9-a553-4e24-b3a0-643ceff051fd,29,Female,New Karenland,Low,2021-05-30
8c0b034d-87b7-4b27-a04c-50ba16d2d705,66,Female,Port Susanchester,Medium,2022-09-14
077936e6-6556-434f-9494-e5d671b6e71c,65,Female,Bryantside,High,2019-11-09
a7cd664c-e55d-4ed7-ab27-d368aa115090,59,Male,West Elizabeth,High,2020-04-12
69dee80e-7843-48e4-9ab3-801d5150c141,29,Female,Markside,Low,2022-09-18
fe33b336-9073-48b5-84d9-99449ee44bf4,44,Female,East Angelamouth,High,2019-09-02
2ff0e505-c81a-4d59-8cb4-0f9fe40c0464,45,Female,East Melanieborough,Low,2021-07-07
6eb52152-bea9-4906-9613-02a2805ff837,66,Male,Port Christopherchester,High,2021-09-11
1e7ce035-2593-485c-8039-02a933537b70,59,Male,Russellmouth,Medium,2024-02-01
43654f02-1a8a-4a68-b462-e9346673d1e1,26,Female,East Jacobshire,Low,2023-07-10
d8ed673b-8d73-49a5-aa5e-ae50b2113777,40,Female,Jenniferbury,Low,2023-08-20
bfa4ab5a-6c02-40b6-bb06-9c3f1be6024d,20,Male,Onealhaven,Low,2020-05-13
a64aa6e2-be56-48bd-87b8-f0c903a77bb1,42,Male,West Kennethstad,High,2019-10-02
93b50fb6-a62c-46e2-a082-7b3c5d02c547,32,Female,New Ashleyborough,Low,2023-11-21
99a198c8-1b8a-48cf-8741-11e3e84e94bd,27,Female,Jamesbury,High,2020-03-11
9eee2b1c-ef39-41e8-b34f-6be7cb9d05a6,41,Female,East Brad,Low,2024-01-09
f8c0198a-5f47-4bbf-b9e4-e8a4dbf4380c,62,Male,Jessicamouth,Low,2020-08-07
4df1a36d-5681-497a-b53b-8729cf2f173d,56,Male,Norrisport,High,2023-08-26
3efe9e3d-863f-4bb6-bc7e-862b28019ed3,60,Female,East Patrickmouth,Medium,2021-01-04
ca71ef08-4778-436e-a973-c717fd1cbe1a,55,Female,Port Vickiebury,Uncategorized,2020-01-14
b6d9ffc7-7d35-4459-962b-f18e7c626ffb,26,Male,New Brenda,Low,2022-03-22
949f8b51-e8e8-466a-8175-f067854e14ee,24,Female,New Barry,High,2022-12-01
6ba4ab30-95f8-4f3d-a867-1150f8f86ab8,69,Male,West Janicemouth,Medium,2019-12-04
76e9df41-7bd5-43bd-b6d5-3869431ffd28,19,Male,Jonesfurt,Low,2024-01-13
43719ae4-97cf-43e8-9702-636e2b44cb40,30,Male,Garciaside,Medium,2024-02-20
7748b9b0-ba11-4fc8-ac2b-c3e94099f748,63,Male,Lake Kendra,High,2020-09-16
cbb41dff-138b-4c5f-9c2e-6ad099a129fd,69,Female,South Gregory,Low,2020-03-23
3cff3ced-315b-413b-9c0b-99bae1c5f85d,20,Female,Markport,High,2023-09-03
654f1dd3-acd2-4297-af49-a68c601db98a,19,Female,Garrettville,Medium,2021-06-25
9fc22cf8-1f95-4bc9-9220-044f9757a473,19,Male,Amandachester,High,2021-06-11
e6f38640-260c-4c82-bb98-1a5ad730365e,45,Female,Leeland,Medium,2020-08-04
76974373-3f92-4d0d-8d36-1ed53deb5e70,67,Female,West Melissa,Medium,2023-08-14
fd67f70a-c429-4aa9-9289-04ced4c80b54,18,Male,Gilberttown,Low,2020-08-20
9f30999e-2fb8-47f8-90df-b669aaaa8fbc,43,Female,West Jamesbury,Medium,2022-01-14
c5c9a893-3bea-4001-846b-ef648f643af6,24,Female,West Ashleyville,Low,2020-11-26
474f9233-0616-431b-b3e9-a6feabe68abb,64,Female,Crystalburgh,High,2021-12-18
f0f8cb8e-e58a-4caa-af9f-beace7eed5d1,37,Female,Stevenville,High,2023-07-21
255b77a8-7dbd-4d7a-a0cc-ad8b8634ea21,36,Male,Charlesland,Low,2021-07-23
089bd09a-4241-4fa4-905d-425bfc36b78a,50,Male,Lake Jake,Medium,2023-03-16
8512b48f-4b69-4852-abdc-b0ca27953ee6,46,Male,Port Amanda,Low,2020-04-01
0928ee67-7a9c-4f75-b73e-4a0e0ef3347f,42,Female,North Brianna,Low,2024-06-06
9b74e9c4-2adc-45b1-a389-ecf83885c1d0,57,Female,Anneton,Low,2021-03-25
f5b15ef5-1301-4e8f-b2c8-9f7bcef998d8,49,Female,Walkerland,Low,2024-03-16
8e81b357-8d07-4125-aa2b-9098736b5eb6,56,Male,North Kenneth,High,2020-08-04
25a6429b-4032-4138-836f-64ff1f189bf7,26,Female,Lake Dustinland,Uncategorized,2022-08-24
c4f6aa80-a70c-44bd-a085-2241bdc87e1c,36,Male,East Emilyhaven,High,2024-03-14
4312264a-0b51-4a9d-867a-5e6f1d974ef6,25,Male,Petersenbury,High,2020-08-17
6dec1421-f6db-421e-851c-a98d5688392e,28,Female,Velazqueztown,Medium,2020-11-01
3cfb573c-539b-4d4b-9aed-e2655df87db5,42,Female,Monicaton,Low,2021-09-01
2bf45bb4-ff28-4e6c-9f90-d749c6b45221,48,Male,Fernandeztown,Medium,2021-01-25
d53a55f4-9c91-4868-98ac-f29628316b5b,18,Female,Nolanmouth,Medium,2021-09-08
f71e72b6-e451-42da-a1d5-6ef629c553f8,31,Female,Leeton,Low,2021-06-09
db967804-54f2-405f-8584-509960b006f8,28,Male,Lake Travis,High,2021-12-08
10aa865b-1440-4be7-82e7-9322d490e50b,27,Female,Alejandramouth,Low,2020-11-05
28b0afc0-0a86-49fa-a9a8-be081b13a34e,32,Female,North Danielborough,High,2023-12-17
815eac55-eb0f-4ded-8f0b-20d0115996f6,48,Female,Ramirezfurt,Uncategorized,2019-07-23
bdb8e28a-44e5-4b20-b4a5-fd345abf6fbe,29,Female,New Patrick,Low,2024-03-26
7b163557-7f81-495c-8d21-7e9e8fab6abf,37,Male,Harrisonfort,Medium,2022-04-11
80065540-0427-4aa7-83d5-b7e24f8d7962,37,Male,Port Nathanland,High,2024-03-25
eb8ff265-d183-472a-8f74-de381b6afb74,50,Female,Port Jonathan,High,2023-08-20
5f539a11-81c1-497a-8df1-b7a6c8989b88,42,Female,Port Nathanstad,Uncategorized,2020-02-29
f9079e65-db29-40ec-bb31-cbcff3446ffc,66,Female,West Donaldton,Medium,2022-02-16
f0f3d785-a479-4101-8a5d-f805766e949d,26,Male,Claytonview,High,2020-06-02
4e47693a-fadf-4e50-bbb1-ff872e5fa46c,69,Male,Lifort,Medium,2022-08-31
e5b86db2-c53a-4804-a021-57846859196f,43,Female,South Gloriamouth,Medium,2024-02-25
cbe0ba17-b550-4e47-b67e-a87bb2882513,21,Female,Holmesview,High,2020-08-21
2da6af33-03ca-4206-9735-eaa16ed458d9,55,Female,South Bethany,Medium,2022-05-14
72409c14-91d0-4d05-aed2-b001458a1007,38,Male,Smithville,Uncategorized,2022-03-01
bac40966-a00e-4fd1-806a-686621f38901,47,Female,New Kristenhaven,High,2019-10-03
d9c53ac7-59a9-4851-ad08-5da4aa8af7a8,29,Male,Angelachester,High,2024-03-03
1d29565d-2123-4b85-b499-92a928a5fd2e,26,Male,East Stephanieton,High,2019-07-27
09b6e44d-dfb5-4215-ae1a-581038886711,38,Male,East Michael,Low,2020-07-29
4ce2b16e-10f6-42e4-8894-d776c80ff961,60,Male,Port Amandamouth,Medium,2019-09-18
e9ea058b-aee3-4dbf-8e02-52efc404b12b,55,Male,Teresachester,Low,2023-02-26
588c9d82-2e86-4652-92ce-35d99355e561,62,Female,Susanfort,Medium,2019-11-15
e3fb51fc-de97-4be6-80f4-7e6341610dd0,46,Male,North Diane,High,2020-07-30
5edfab8a-fdac-4de4-92f0-2ca314b7fd59,53,Female,Peggyhaven,High,2021-11-04
cb92abec-3e14-4c2d-b8a7-265082126081,54,Female,West Mary,High,2023-03-15
36d3fae8-8b8c-4f92-8449-f31f1d1507ba,47,Female,East Anthony,High,2023-05-27
c65eedd2-a238-4c15-a797-a13c8d9ad2fe,51,Female,East Daniel,Uncategorized,2020-11-28
2a686858-9b7d-4ca9-a3c8-edd31753645e,55,Female,North Patricia,High,2021-01-06
e850f663-3f65-4e57-b1ed-11669623b192,19,Female,North Steven,Medium,2020-05-02
ee0d17b8-9535-40ee-985e-8c733c34ca3f,57,Female,Levyport,Uncategorized,2022-07-04
1c139f1f-280b-4c07-8fe0-db50181fe77a,49,Male,Port Jeffrey,High,2020-01-07
3ea377e6-1156-457e-8b4e-71fa6663e6bf,43,Female,Bradyport,Low,2021-10-04
b5c0628b-1e18-48db-b35e-fd3e959dd948,18,Female,Arnoldtown,High,2019-08-23
dae434ac-3ee9-4f08-908c-a30aee292780,19,Male,New Shawnhaven,Medium,2019-10-27
a5563f79-b798-413f-b116-676354b77872,54,Female,Lake Sara,Medium,2022-01-10
56ca89b8-74ea-462b-b686-20e45712bb15,38,Male,Jacksonton,Medium,2020-12-25
92d3a47c-ab00-4c27-8fd4-460a47314db9,38,Female,South Marytown,Low,2022-07-31
b0f6482c-2895-48e5-b17d-76f51f537dec,38,Female,South Stephaniefurt,High,2021-12-01
95b348c9-df6a-49eb-9473-bc798fb8499b,63,Male,Port Rebeccaside,Medium,2021-08-13
538bff02-650a-41fc-b35a-cf48b761b7eb,61,Female,Carolineberg,Medium,2023-07-26
a402018e-e30f-45e7-99db-a7e03ec94dcd,38,Female,Douglasberg,Uncategorized,2021-10-25
f288eca4-19dc-4cb3-87bc-082a146ab029,19,Male,New Rachelville,Low,2022-11-04
42c67723-2085-4d2e-b237-fbfdfbdf9f3f,31,Male,Emilyville,Uncategorized,2020-07-24
2fb8f01f-beeb-4089-a0bf-c6cfdc93c7e4,52,Female,Toddton,Low,2023-07-08
fe12cf9d-7da0-4ef0-a48a-bc3cff545790,36,Male,Thomashaven,Medium,2019-10-13
d16784d1-1c77-46b6-a00a-b6e84a9bec9f,68,Female,East Stephanie,High,2021-12-16
3a204a5c-66e7-44fe-b1b7-6ca40fb677b5,58,Female,Meganville,Low,2021-08-15
11227dc2-7920-428f-93a8-4595cc1fe6ca,64,Female,Rhondafort,Medium,2020-11-09
c510c51e-77c1-4e2e-901c-b24996c6e3f0,22,Female,Lake Cassie,High,2020-07-28
48b0fbc5-7de9-4720-9f39-6e820834dced,24,Male,South Natalie,Low,2023-03-29
b4f6992d-aabc-41d3-818e-16d2e00c1f86,26,Male,Port Joshuamouth,Medium,2023-09-18
b085f94e-216f-4455-a560-f3c1c660869e,58,Male,Lake Stephen,High,2019-12-08
24884bac-7030-408b-b834-203c963e5f30,62,Female,South Angelachester,Medium,2021-05-18
8c9df0fb-cfa1-447f-a85a-7086a6ffee3e,63,Male,Johnsonmouth,High,2020-10-26
52a4dac1-e01b-4d94-bd50-c3643054ed5b,41,Female,Barajasbury,High,2022-02-07
0705b468-0c54-4425-bd26-594d1aefe9b8,58,Male,Michaelfort,Low,2021-08-27
83e67ac8-6dd6-4dc9-b16c-eb05aa77e6e7,38,Male,North Stephanie,High,2021-09-25
51c78964-918f-4a61-a53e-44e5a8dbf5d1,40,Female,Davenportmouth,Medium,2020-09-16
13e694c9-f2e5-4136-ba96-5dec24916524,33,Male,Davidland,Low,2020-05-30
e056ede9-5395-4e30-8074-f8c48894cac3,26,Female,South Donald,High,2022-07-06
1dc5f546-688f-4243-9999-9549cac9068b,59,Female,Jacobsonberg,Medium,2022-04-13
b79db1bf-be94-444a-9c04-0e3a7280f3b5,61,Male,South Adamhaven,Low,2022-08-15
d351a939-0f64-41bb-91d3-5a90b091c928,55,Male,North Ericfurt,Low,2022-04-05
df4e5a8c-c078-4392-b08c-9cf09ed693e7,34,Male,Kevinport,Uncategorized,2021-04-14
1223fb41-781f-4bbe-95ee-cfc4163ff736,70,Female,New Michaelchester,Medium,2019-07-25
eb263c61-e957-4ee6-92e0-b1fbb45b6412,38,Male,Lozanoview,High,2022-01-26
7be6d71b-02f8-4b79-af40-2cfd25692d9f,38,Female,New Keithfort,Uncategorized,2023-05-10
54528df9-215f-4d8c-a1f9-8826c0996108,67,Female,Burgessborough,High,2020-06-05
ed8f14ba-faec-47e1-9024-912204c49535,21,Female,Lake Allison,Low,2024-05-10
270506ea-c72f-4926-a9f4-e29ea53adb9f,48,Female,Dawnfort,Low,2020-03-08
8a679619-e249-4c00-8651-db6a461f177b,28,Female,Robertchester,High,2023-03-23
000c6bbd-533a-432d-922c-ab64197e71c5,25,Male,North Oliviaton,High,2019-11-06
095992d4-56e4-4756-b930-74f701363489,48,Male,Websterhaven,Medium,2024-05-05
4ff95c54-74b0-4b1d-b479-3220626e4782,49,Male,Craigchester,Low,2024-06-02
cc90dc03-ab3f-4c79-b0f4-17bec02f7058,29,Male,Goldentown,Low,2023-09-28
f364d099-7a13-4f0c-a2f4-8ed1078e22ae,52,Female,East Sherryberg,Medium,2020-01-12
9b24f754-cb7e-4601-a95e-a216796c6b82,67,Female,South Amanda,Low,2020-11-09
c2351d11-59fe-4630-a6df-e01bc343de33,68,Female,East Pamela,Uncategorized,2022-06-15
40d70488-aa98-4c83-8e41-b30adb59c2a4,34,Female,New Robert,Medium,2023-08-07
85d41d72-28c3-481d-91e9-4feb42eda376,43,Male,Huntland,Low,2021-05-31
8d1ea7d9-d58f-436c-b802-2ef8423b5eb1,55,Male,Cruztown,Medium,2023-09-06
d2ed05d6-7d58-4b3a-b9d8-4916af54bc85,31,Female,East Michael,Uncategorized,2021-02-13
e8798924-768e-47a2-8141-3fae4ec75096,67,Male,Paulton,Low,2024-05-20
b1a7462b-d9cc-4e1a-b2be-d630eb2b3152,37,Female,Christianview,Low,2019-12-28
0c6c6e4c-ef0a-4dae-a296-8bd4b01b13f7,64,Female,Lake Janet,High,2021-12-18
0047d8ce-a5bb-4db7-860f-6ff66e1cd060,40,Male,Mitchellview,Medium,2021-11-11
896ecf15-219a-4a9d-bbeb-0aeb2d0f7dc9,37,Male,Castillofort,Low,2019-08-27
41a1f2b8-4685-4f0e-a1ac-09fd44234559,53,Male,Port Elizabeth,High,2021-12-24
1f36bdfc-db69-4416-a391-a94c6c088697,40,Male,East Kathy,High,2021-11-19
28dad012-b308-4cd7-b60f-edb22f8a6022,33,Female,New Kylefurt,Medium,2022-12-23
3d1c948c-6af0-43b7-834b-0306f1679928,56,Male,Josephville,Medium,2023-07-12
c8411d2c-93ac-4dde-9e5f-f6a4b444a236,34,Female,Hoffmanfort,High,2021-05-13
58efacc2-449b-43b7-b0b1-eac8fc45e75e,65,Female,Grayberg,Medium,2024-05-31
1f5c5adc-e909-470d-b426-2e128b353d04,47,Female,Port Suzanneborough,Low,2021-02-05
1e061351-11f3-470c-905f-60f244516c43,20,Female,Sarahbury,Low,2023-02-28
da548c02-b512-4343-8819-4a2a6b7f062c,52,Male,Lake Jeffreyberg,High,2022-02-23
0b92f0ea-8d64-4815-9afd-4bbbb0f711b0,49,Male,Danielberg,High,2020-01-24
574f65fb-c9a3-49cd-87c0-c6beed1d13f2,32,Male,Lake Ryan,Low,2022-07-30
c051ca83-cdd9-4a6b-b4c0-c94b11cec250,27,Male,South Cameron,Medium,2020-05-21
181cfca3-5fbc-40fc-b4d6-a1a92a61ea51,53,Male,West Codymouth,Low,2020-04-30
8ecb60d8-2993-4586-b0cd-41309f3e559b,59,Male,Jamesberg,Low,2022-07-23
a767a5c2-a234-4009-91dd-3bd99ced0af9,29,Male,Sosaside,High,2024-05-26
a420497a-653c-4a0f-bdfa-32543a7a94f6,64,Male,Lake Jerryport,Uncategorized,2020-01-26
a7bc85d1-01ff-447e-bf1b-4f6abcccef7b,49,Female,New Peggy,Low,2022-02-15
1ccb073f-2199-4254-833f-db7619187fb8,29,Female,North Racheltown,High,2024-03-20
6eb30284-1e44-4957-951e-7b2d415aca94,69,Female,Howardtown,High,2023-04-09
a5c35109-b63a-4613-9b18-c80d66ca62b8,56,Female,West Judithport,Low,2023-02-14
32c30314-8914-4cdc-8dbf-3101b123784c,33,Male,Williamton,High,2019-10-03
be291608-29a5-4143-a9dc-701f91ea3952,36,Female,Port Jenniferborough,High,2021-04-10
83b8546f-50a6-4b60-8dfc-78004cc0076c,59,Female,New Derekborough,Low,2022-11-30
c0cee417-560d-4fb2-92b1-36f931fc7e93,29,Male,Amandaton,Medium,2022-07-16
dd99eeea-0951-4a90-a235-e3a6cdc19fd7,70,Female,West Kevin,Low,2022-12-22
9da165b9-c803-45de-b8df-1c4fb275aa98,46,Female,Ruizville,Low,2022-03-05
0ba92110-710d-4647-a7bc-529cad2cda6a,42,Female,Jamesport,Medium,2020-02-21
3eccdcf9-e8ce-4e44-9f62-8bef88e70672,45,Female,North Raven,High,2021-03-01
3e9e7b2d-4e16-42b4-a43d-b85fec9fe940,41,Female,Port Jessefort,High,2023-10-13
32ac11aa-a64e-463e-a6f7-37ce1c10f2cf,43,Female,East Matthew,Low,2019-07-01
754c5fea-a425-41d2-b22e-0558edfd8a0f,62,Female,South Tristan,Low,2023-12-15
f5e94932-bd5a-4728-a4ae-731b458831ca,52,Male,Paulton,Low,2024-01-29
4fa0e136-dc82-4b63-b106-51c60fc5d47e,67,Female,Chenhaven,High,2021-05-02
b2b0b6b0-a92a-4c35-a1b8-bff5dc60b1aa,41,Male,South David,High,2019-09-10
ce23272e-6d3d-4dea-88ae-d2f1d95149a1,61,Male,Lake Dustin,Low,2022-06-21
d815c267-68e9-49c7-81b6-0d21a4065042,45,Male,West Kevinview,Medium,2020-07-31
7faf0e1c-69cf-40f8-aac6-2a048bb97b3b,45,Female,Reyesland,High,2020-03-01
0d54a00f-7e0e-45e3-804d-5a43044cfa0b,35,Male,North Mary,Medium,2023-10-18
f770e561-feaf-49f5-8a33-7dae0e80cb43,35,Male,Scottton,Low,2020-12-19
c948b688-1a1c-4d0d-828d-e130777f1fbd,52,Female,North Stephen,Medium,2022-03-29
d8e2fcc9-04bf-451d-9be7-e7ab9bf2bef8,61,Male,South Rhondafurt,Medium,2023-06-16
279f267c-0ce8-4bc5-9cdd-d62c39547afa,39,Female,Rebeccatown,High,2021-05-29
e923df5b-cfb9-4818-a97f-82d498868e91,29,Male,South Robert,Medium,2023-02-25
414ed0b8-6073-4896-8b41-7c94d9f6e953,20,Female,South Andrewview,Low,2021-04-04
4bc30b82-bb7c-4966-90ff-647df299681d,29,Male,North Christopherfort,Low,2023-04-24
5de3badd-ff40-4286-954a-e483b3d32dfe,32,Male,Christophertown,Low,2023-08-15
4cf833f0-9d6b-440b-9846-6d1c0fc613c0,38,Male,New Gailview,High,2020-09-12
b94b3531-591d-445c-b282-dcacb0baca5b,51,Female,Rayberg,Low,2022-07-04
407c3e47-8309-4423-a2bb-e025b3239745,61,Male,Kaylafort,Low,2023-03-18
bf39b441-0b9a-41dd-9578-20ada60f8547,24,Male,West Vanessaton,Uncategorized,2021-08-09
78bee088-4d98-4eaf-ab74-cac78e41e898,63,Male,South Kevinmouth,High,2020-04-08
987867d2-c4a0-4679-9686-b0557c8c22ee,47,Female,South Nancyview,High,2020-07-29
78a56fdd-06de-4fd4-8afa-c2d8043f69fb,42,Female,East Sandratown,Medium,2020-02-10
9de43f63-9e0e-49d2-ab7c-64af1297eadc,42,Female,Michelefort,Low,2024-06-23
73406732-e0cc-4ae6-a03b-aed8ed40dbee,48,Female,North Natasha,High,2023-09-01
d2bf7d5a-7734-4e7d-bbc4-8d0b9c4c883c,48,Female,East Jennifer,Low,2024-03-10
9d2b9207-b815-4e36-9e2c-0fae9e467a8d,57,Male,New Robert,Uncategorized,2019-12-04
bdfb63af-d1a7-412c-8d2d-f80f6a26420f,23,Male,Meganbury,Low,2021-07-31
14a794f8-2099-4aee-97e4-bdd3899994c6,65,Female,Port Kathleen,Medium,2021-10-17
8589dffb-16e7-48e1-b446-d90667e4dff6,21,Male,Lake Michelle,High,2021-08-17
d52df852-29d1-4156-8418-0e73ecb767cf,68,Female,Allenland,Medium,2022-01-31
e39c6523-d929-4d94-a978-ef4ea3e69bbe,60,Male,Warnerfort,Uncategorized,2019-07-25
24fce394-c68e-4c04-b884-393a6662dad7,50,Male,Kimberlyview,High,2020-04-01
cdd1c800-e04b-4df9-8682-c3207861cee4,40,Female,East Brittany,Low,2022-03-15
37c2adef-c273-4da9-a16b-a542116416cf,40,Female,New Christopherside,Medium,2024-01-13
52e263ef-2b36-497b-bc41-da90c9b9c1fa,52,Female,West Danny,Medium,2023-09-01
6804bcfe-0e24-497f-994f-cd37513a45cd,35,Male,Michaelbury,High,2024-01-15
354a6ac6-d9b6-4fe3-be3d-43f121f27aee,55,Male,Clinechester,Low,2024-04-02
ac397697-234e-4286-91d4-9e59a9c1e19c,64,Female,Laurieshire,High,2022-07-03
bafcfabe-cc0f-428a-a10b-090ac9b56933,64,Male,Hollychester,Medium,2023-08-26
b5915b1d-08f4-449d-a4c1-a7786309a084,42,Male,Lake Sara,Medium,2019-09-26
4f8ed517-538a-4c88-9d25-343ec3f8460e,43,Male,New Zacharyville,Low,2020-04-30
ae0b84ca-a55b-424d-a556-40e89db2e099,56,Male,North Tracyport,Low,2020-02-18
86f62a9f-e0c9-4904-a196-65218dc5cea5,57,Female,Flemingbury,Low,2021-09-08
9d6c7c0d-70eb-45cc-ac6d-bbdd88aabeee,62,Female,New Jennifer,Medium,2022-03-20
56fe3f0a-c1fe-4cfc-a986-658ebb6416e8,59,Female,North Joannechester,Low,2023-11-07
a9a3ce5a-1459-428a-b461-2ec4611ffdcd,27,Male,South Carlaport,Uncategorized,2020-06-21
1d26a8ed-88ca-4806-9ec1-7db7ee6a748f,32,Female,East Cindy,Uncategorized,2020-01-25
958b5999-943e-4d80-abeb-5fb285047fc0,34,Male,Zacharyfort,Medium,2020-12-16
f0fa23f8-ad7a-407d-a63f-d4fba28cf6ac,34,Female,Thompsonview,High,2021-09-13
4ae4f4ad-20e3-4f73-9f47-f5473047b289,57,Female,Jeffreyberg,Uncategorized,2019-11-17
330f2d03-b6d1-4f29-a8a9-539c278d6435,66,Female,Josephburgh,High,2023-07-03
7f12330b-8b50-4618-bbeb-b5ca1532ab43,21,Female,East Tommyshire,Low,2023-08-27
1256edb8-f10f-451d-91c5-1e525b23ff5d,32,Female,West Adam,High,2022-01-23
3d8408ab-60f2-465f-a112-d6b7747c4a4a,37,Male,Warrenstad,Low,2020-07-03
56955d9a-88fc-4100-9d6b-1ba2eeca54e5,46,Male,New Granttown,High,2022-09-22
723f4d63-3160-48f6-86f9-768674ceb42f,40,Male,Thomasfurt,Low,2023-05-02
243b28fa-f273-42e7-90c7-7885be2a8b62,50,Female,East Kaitlynton,Uncategorized,2023-02-25
2bf41032-16ea-4915-96f2-894a2cd39765,25,Male,Rebeccamouth,High,2019-07-22
15e129b7-48ba-4b37-8ba4-703745e17019,61,Male,Christopherchester,Medium,2019-09-05
eeebfab7-8917-4eb2-a187-fae698d2978b,57,Female,Joannaville,Low,2023-11-17
9d62293d-b5fd-4efa-b359-2039d2427c59,38,Male,Randolphside,High,2019-12-06
6031484a-676d-4daf-bfcb-a741a8378cbd,22,Female,South Kimberly,Low,2023-05-03
3c6bcaa9-3edb-4114-8a2f-ce624ce186f9,61,Male,East Mary,Low,2022-04-13
885582df-3468-44c9-b92d-ea9d8396b962,54,Male,Angelafurt,High,2021-02-25
afafc055-f6de-427f-8b2d-2f2cc262c0a8,28,Male,Ashleyberg,Uncategorized,2020-03-19
a6b0e1e8-4909-4f59-8c29-ba5f8d294141,62,Female,Williamsville,High,2023-09-03
c51a0615-0139-4cfb-84f7-0c5f12c7d9b8,22,Female,South Ryanbury,Medium,2023-09-22
50b1a4f9-30de-4811-870a-0dbfb8285730,62,Male,Lake Luis,Medium,2020-09-29
a9af986b-d677-421a-81df-3d289ce9e38f,31,Male,New Theresa,High,2022-08-13
a57d8ffb-07d5-4af9-af25-fe178340fbd2,58,Female,North Christine,Medium,2023-02-17
4e1bf893-0c29-49a3-9335-c63c5c6638e2,23,Male,Dennisborough,Low,2023-03-20
5be46961-3dab-4faf-802f-8f0f9414e039,63,Male,South Andrew,High,2021-08-26
1906e365-5d12-448f-89ee-5c1cb9af446d,30,Male,Bradleyland,High,2021-08-23
f61abbed-511c-48c3-bea7-784a7b1f4ef9,67,Female,Ashleybury,Medium,2022-09-29
82f41b29-3a03-4309-8ff4-96465e800a62,20,Female,New Ericside,Medium,2023-08-31
9e879ea8-cb51-4d8d-9e63-0d9464959be4,27,Male,Vanessaberg,Uncategorized,2019-07-15
e2678aa5-6131-49ab-b2b4-fa51e46c7784,35,Male,Robertfort,Medium,2022-04-05
cb0a2640-ca08-4221-a20a-6fa05b58af18,19,Male,Michaelshire,Medium,2019-12-20
b988bc34-74fb-40cb-8d52-d9df313be7f0,68,Male,Kaitlynton,High,2022-01-18
25283b2b-4273-48ea-b92c-fa8866f06d97,32,Female,Marcusburgh,Low,2023-06-25
3072aa43-6c0a-4c09-9ab0-aff70d555e0f,69,Female,South Madisonville,Uncategorized,2022-07-15
7f05422d-2ccf-423b-958f-081f2044dc02,53,Male,East Christopherside,Low,2019-12-18
cddc460b-dd79-40bb-a1c8-b79bf727cc0c,40,Female,South Matthew,Medium,2022-03-06
49aca1de-4637-45a5-ac2c-5c64a9f16b32,63,Female,Jerryfort,Medium,2023-05-21
95af129b-6919-4063-a44a-4bfe9bd668d8,28,Male,New Jamie,High,2023-12-13
0fb0bd8b-df5e-4029-be1f-b861d1ded562,30,Female,Hopkinstown,Low,2020-06-24
6d4afc8d-d844-46b8-b074-32c8c365a575,45,Female,Snyderstad,Uncategorized,2020-07-07
a39d48bf-a98b-4846-924e-cf1c0c65bd63,44,Male,Lindashire,Medium,2023-09-16
88b05a46-db35-4e3c-8d20-fbb899693279,29,Male,Jamesside,Medium,2021-10-26
a9a5ead7-6992-404b-9d33-41e11409d415,30,Male,Veronicabury,Medium,2022-01-06
2082457a-0e0b-41a5-971a-a4896e094663,42,Male,West Matthew,Medium,2022-09-17
fe4eace1-a485-45b5-827f-d8a3dfe9d92d,20,Female,Lake Laurenville,Uncategorized,2019-10-15
37b09c72-123a-4c67-9e52-1c2ec42d101d,47,Male,Lake Sarahmouth,Uncategorized,2020-01-06
5ed01b77-53ad-429b-896c-c563afef0090,67,Male,Mayoburgh,Medium,2023-11-28
63761a52-e454-4701-a01d-6255d2d15895,54,Male,West David,High,2020-05-06
6f6d4ec2-6492-4497-b6db-3c6d36905a7e,18,Female,Samuelville,High,2019-07-05
34e3f558-622e-4d6b-8d5d-07ab632e1b95,51,Male,Port Tiffany,High,2021-05-22
8f7a9b25-42c2-4cdd-8b0c-b66e1ca3e78a,19,Female,North Lisa,Uncategorized,2022-03-20
a8b18a86-6dfc-4bdb-b4df-f9bab44fdf0c,68,Female,Michelletown,Low,2020-09-13
ceaa7320-d177-4067-9582-3811c3929178,52,Male,Lake Philipland,Low,2023-11-22
7703e2f8-1df3-42a6-a181-69522a440dfa,68,Male,West Pamelaberg,Low,2024-02-13
61270da3-0a87-4541-84df-2627bb65c010,46,Female,Chaseview,Low,2022-08-17
ed583d72-569d-44e6-a43a-922d87610bc1,45,Female,Jamesfurt,Uncategorized,2021-07-30
a33b4c6b-8873-48ff-8d29-33f3a3b64251,22,Male,Parkershire,Low,2019-08-11
112236f0-65dd-4cea-9d28-3e322f6e09e5,55,Female,Foxfort,Low,2022-12-15
471c3204-b4bb-4f9b-8b2c-29a2caa9e7da,45,Male,Michaelton,Low,2024-06-25
6a3b7487-1af2-45d6-b7d1-0ed4dbdb80fb,46,Male,Rogersfort,Medium,2023-08-06
a8797e1c-7f5c-4fd5-a149-6056f4a4c764,32,Male,East Janiceton,Medium,2022-10-25
40c2909d-983b-4c95-a737-2022acba98ee,28,Male,Josephborough,High,2020-02-14
86d1b8e8-2777-45fa-83d1-b0d08dbbc476,31,Female,East Stephaniestad,Low,2022-02-15
39105681-5ba7-43e4-99ce-f422294dd26c,25,Female,West Laura,High,2021-05-03
36b20be9-b317-4467-9456-27ce780f76fe,66,Male,Johnstonbury,Medium,2019-12-07
2c35e69c-7e26-46cb-b2fc-02875830b4ab,37,Female,Nancyhaven,Low,2023-01-01
f77576df-bc7a-4f79-b5c3-e2da4eff130e,50,Female,North Jasonview,High,2023-03-08
f7f9e199-7d4e-4bb8-884e-5cd7d260a5ec,40,Female,South Katherine,Medium,2021-12-11
cb656c11-db8b-423a-9b46-bf010b19cf01,32,Male,Lake Walterberg,Medium,2022-07-24
5be78fe8-76f4-4e6f-8f63-551c6a35f380,37,Male,New Markstad,Medium,2023-12-25
1d19d2e1-ba97-4c7f-bef0-5b7d26e234b4,63,Female,New Meganland,Medium,2021-02-04
d8967478-6ce3-4d57-a3e0-e145e4312b55,39,Female,Fullerview,Low,2020-06-12
58ced86b-155c-45b1-96c4-92e39af3751e,53,Female,Sarahburgh,Medium,2024-01-05
e53f840d-c955-4fd0-9527-66b4262c9a2e,43,Male,North Christinefurt,Low,2024-02-03
23cc1249-2b7e-4941-9f5b-9bbcb5b5b7c3,64,Female,Laurenside,High,2022-12-24
af990db3-c5d4-466a-9e2a-f3e9814240d6,62,Female,Cartershire,Low,2023-10-29
36181669-86a6-41d0-a0e7-622915e0bc71,22,Male,Wallerborough,Medium,2023-05-18
603730a2-0f6d-4d3b-a760-39db03ab01f4,68,Male,Port Christinamouth,Low,2022-05-08
fc9f91cc-00f1-4ffa-8016-878c069f3a1b,25,Female,Kathleenshire,Medium,2019-10-08
f6f7400a-0aa5-47dc-bc5a-af3e38d00f30,23,Male,Lake Richard,High,2019-10-30
58c7facb-dcb5-4295-a018-dca349b6ff8f,46,Male,New Aprilport,Low,2022-04-15
f0610c4e-9bae-4a6b-bf8c-c056e1e18eec,68,Male,West Amy,Low,2022-11-01
7cd96f82-4bad-4efd-a6aa-d6098dff001e,25,Male,Salazarstad,High,2021-02-14
7d4f167d-3aad-4f1f-a1a7-0a9cfdb1aa1f,28,Male,Lake Denise,High,2019-11-06
e5be271b-9214-4e9b-b935-711a014c8c3c,18,Male,Reynoldsburgh,Uncategorized,2020-09-06
7df8eecd-76e1-4a54-a926-34a5eaa99ae0,34,Female,Erikberg,High,2020-01-14
152fca0f-9095-4702-a079-a6a39a1ae04c,23,Male,Keithchester,Medium,2021-09-20
f27dad21-87d3-41b7-b93f-1efba28d5819,57,Male,Thomasside,Medium,2023-12-26
19d50522-1f68-4dec-903d-5601e43afeb7,59,Female,Angelatown,Medium,2024-01-29
18ce1aac-657d-46b4-8c46-22f37dec48d7,65,Male,Vanessashire,Medium,2023-01-17
4e50020d-aa1c-46b3-9821-63d7b69f58ba,58,Male,South Whitneymouth,Uncategorized,2021-11-04
d74439c1-90e1-4a46-951e-89fe6e092b9f,70,Female,North Anthony,High,2024-01-29
1a8a0568-f287-49ae-b1e0-3bbba67c15b0,25,Male,North Christinaville,High,2019-10-15
8b017c98-ff3d-43d0-a0c7-6d1a7a2922e7,62,Female,South Kathy,Medium,2022-04-06
418354d2-ebb2-42d4-b789-4bea92bda55f,63,Female,Moranberg,Medium,2024-06-29
c946bcca-f938-4fca-b45a-d8d06efce38a,66,Male,New Maria,High,2022-04-28
96593e2d-ee01-4f95-87cb-b5f45c19f4f0,61,Female,New Elaine,Medium,2022-05-01
f3521369-d217-432d-9364-289de51caa73,49,Female,West George,Medium,2022-07-06
41846ddf-f6d1-40ef-952b-652f8904d6ee,70,Female,Diazmouth,Medium,2021-04-27
6a2653d3-dd1d-4de4-99db-2930e2edc06e,31,Female,West Randallstad,Medium,2023-12-02
68afa4cc-e2d5-4150-b358-2e14e7508721,18,Female,South Zacharystad,Medium,2020-08-03
5dc8fbec-4149-4615-9ba8-d30bfacd7637,58,Male,West Lisa,Medium,2021-01-06
76ae365e-7b45-4763-94ec-3f98ef127fd5,22,Female,Benjaminmouth,Uncategorized,2021-05-16
bd136e0d-1bed-4720-8573-8e62ac1ea02e,61,Male,Erikburgh,High,2020-06-25
2bb89c7f-6cf2-4501-85e4-b881aa0cc217,66,Female,Georgeburgh,High,2024-03-05
0a610e96-95c5-439b-9804-e19af5aad6ff,37,Female,New Amy,Low,2020-12-26
df8efbc2-afb8-4036-b764-ec5d26891ca3,67,Male,North Karen,Medium,2024-02-23
fdd82804-b91c-4adb-837e-88e9b8194b57,49,Female,West Anthonyburgh,High,2022-04-25
dadec79f-9450-483e-b702-53761986def8,62,Male,Belindatown,Medium,2020-01-20
ad2198ca-37db-43c7-9ea7-9c479f2145ee,33,Male,Michelleshire,Uncategorized,2021-09-30
882f2271-7120-4805-a126-849b41837856,33,Female,South Austinside,Medium,2019-07-06
8e5f5e2c-5799-45f4-b5f9-c14dbb9e2db3,45,Male,Andersonton,Low,2022-09-15
c9f5c06f-3503-465f-a5ce-bf93bc975cb0,59,Female,Justinton,Low,2021-03-11
18882dff-81af-47c8-8bc4-a0f21e17e7ed,22,Female,Lake Erika,High,2023-01-22
7d85d3ca-acc9-48bd-aff3-58f3626bdc08,49,Female,Michealside,Medium,2020-01-07
408992a1-f21a-4ebd-a9b2-5e256ef8bf13,57,Female,Richardside,High,2021-07-26
d51a0589-4e54-442b-8505-1b03e6666a0f,42,Female,New Julieborough,Uncategorized,2023-12-14
c072045c-1e5a-4019-9572-612d18ca3318,59,Female,Garciashire,Medium,2021-05-28
2d681a3f-2b41-4425-9f00-bd8231709174,33,Male,East Tracy,Medium,2023-08-23
1dca69a0-6e83-4bbd-a589-fb28890aeadb,62,Male,West Morganchester,Low,2022-11-03
589d1373-ac39-4921-8d2a-c70358313d40,20,Male,Littleberg,High,2022-01-16
57bfa722-7e8f-402d-aaff-ba2b7034150a,27,Male,Hatfieldmouth,Low,2021-07-07
5b926605-fa21-4bd0-aba5-1918d14c6bf8,22,Female,Lake Charles,Low,2023-10-31
b2dd40c0-e0bd-43ef-b0f7-a178faa348cf,63,Female,New Olivia,Low,2023-05-20
ca6c1f4e-b7cf-46a6-abd4-ddf01db1c975,57,Male,Beverlyton,Low,2023-08-31
76d96f89-e423-4468-bd4c-5f20037bb251,68,Female,West David,Uncategorized,2022-04-29
f4b55428-f12b-4cca-9600-d354423635c4,70,Male,Priceville,High,2023-06-19
3c416f98-facf-4483-8f9d-db1816cebfe0,34,Female,Marshallland,High,2023-05-16
c6f3aa4e-9147-4547-b2c9-b1aa7847d304,28,Male,South Leeville,Medium,2021-11-15
43872b6a-ac3f-4119-9531-a148e6893eb3,33,Female,Wisechester,Low,2021-03-02
cc69a111-0b82-4061-98f7-317b2ce823bd,30,Female,East Kimberlyport,High,2020-12-16
aa21621d-ab9a-48fb-bf2d-0f83dcf73cfa,36,Male,West William,Uncategorized,2020-09-07
dc8ac42f-4293-467b-8e8e-84706eba4be4,30,Male,New Travis,Low,2024-02-09
979260bf-0557-470a-af19-5dea2a52bc20,39,Male,Kathybury,High,2020-11-14
5a0cec22-9828-4fa3-88ec-435606899c30,55,Male,Williamsmouth,Low,2019-09-29
02553723-9a52-4fe6-8dfb-bf8a1e7f31a9,23,Female,Brownland,Uncategorized,2022-10-07
0c1f533d-fe58-40b1-acea-fdb78032d456,43,Female,Anthonymouth,Medium,2023-11-27
904401cb-a9dd-47f2-8aa2-e884ae893026,45,Male,South Austinfort,Medium,2021-05-19
f9c1271b-e0e8-4ffb-aa17-b90482df5382,54,Female,Mclaughlinville,Medium,2022-05-14
1dbd5c77-77d7-4a40-a6b5-065e3f7970cf,63,Female,Johnbury,High,2024-04-07
87b396df-5a80-447a-8bb5-4dbcec4f9a07,50,Female,East Howard,Low,2020-11-05
a8636cc2-6df1-45e7-9142-daf1a21618be,31,Female,North Jennifer,High,2023-01-04
daed6e57-46b1-4f52-8c48-ee0a39451370,21,Male,South Brettmouth,High,2022-09-27
6b127843-0695-4af0-9350-bdbd39cf7128,64,Male,South Timothy,High,2022-05-06
7a800872-d324-4cbd-b439-73a90907e19a,42,Male,East Lisa,Medium,2020-01-15
6d34f2f6-7b86-438c-87a9-0d8da1151178,48,Female,Lake Cindyhaven,Medium,2022-02-19
6c0b47c9-e467-433d-a0f1-9a6fe8adcd38,32,Female,South Jakeburgh,Medium,2020-02-18
105cb802-0866-4111-bd51-75f58598eb73,46,Male,Suzanneberg,Medium,2019-10-19
89f41e22-e9c3-496a-9f81-87dfeb5db821,38,Female,West Tamarahaven,Medium,2023-09-24
eb104c87-4b1f-48de-ae0a-6615660b9041,61,Female,Luisville,Medium,2022-01-07
7a63603b-38fb-4733-bb8c-c4faa632ab0d,41,Female,Johnmouth,Medium,2023-03-09
cb5e4e77-f873-413d-9e16-c8922842d051,37,Male,Reidhaven,Low,2022-12-30
1c0a6902-727d-4b3a-9019-ff8a4e6779cf,26,Male,North Rebeccafort,Medium,2024-05-12
9af1e27c-d8ef-446d-a941-3991c0cff209,58,Female,South Randy,Low,2019-12-29
e793093a-6f6d-41c2-afd5-d0b6bb69aa99,44,Male,South Sally,Low,2021-11-03
24b043e8-6fca-4d86-95a8-837e0ca09072,46,Female,New Ann,High,2022-03-01
85c270fd-b671-49cd-afb7-afaa1f66ea38,34,Female,Lake Joshua,Uncategorized,2021-06-18
ac4f15cf-2b72-4696-bb7a-774b524f7cfd,49,Female,Stevenfort,High,2023-03-08
c3534d19-4716-4c97-9c30-fdc33fc749f6,23,Male,North Eric,Medium,2023-03-04
94e58d8c-228b-44a0-b759-2e26941068cc,55,Female,Marshallmouth,Medium,2021-09-06
7df3505b-72cb-488c-8844-2f7f532d4db0,62,Female,New Jeffery,Low,2020-05-29
a98c3096-f68e-4473-932a-a67dd7efd433,22,Female,East Elizabethport,Low,2022-04-12
7fbc5847-a652-4fc8-a7d8-5e85d846e91b,53,Female,Paultown,Low,2020-06-11
0305625f-6264-4666-ad6c-ae34df05d0d8,32,Female,Port Annshire,Medium,2024-06-08
11c5d27b-7d65-4970-9ce0-960fa35a1f5f,67,Female,North Georgemouth,Low,2023-01-24
4e2d8d82-8597-4dcb-85b6-c530f56d708a,59,Male,Reesechester,High,2019-11-15
6ead7849-cb52-448a-9493-794a50e5456e,38,Male,South Markburgh,High,2022-04-04
012ae657-f6e3-4ab1-aaf4-f93ae8962dd9,55,Male,Sarahville,Low,2020-02-25
c579a416-2c8c-46df-ba08-e43e243bd136,58,Male,Alecside,High,2020-04-13
58aa2ad8-c939-4b1f-aef8-27708b775c44,48,Female,New Tracey,Low,2021-08-18
ad34fd46-9220-4aa0-b3d8-857771c915be,44,Female,East Stephanie,Low,2021-04-23
4b489d2f-44a2-4d1c-9792-2e4d392d7d74,56,Female,West Jeffreystad,High,2020-05-09
b69f9ff9-837b-4582-8187-1f2f28c6e2d2,20,Female,West Stevenfurt,Uncategorized,2023-04-01
f3c5ed90-b092-407b-b79d-de8893ed319d,28,Female,East Antonio,High,2020-08-12
a57a6e90-d751-466f-8d73-6f7f800ccc27,51,Male,New Cliffordchester,Uncategorized,2019-08-08
4946e458-8116-457e-9d62-c452df28a1a9,43,Female,Mirandaside,Medium,2022-08-21
bd957d6c-e7f6-4beb-8a2b-48293b432295,58,Female,Port Amanda,Medium,2020-05-21
a94e3f55-2f0e-432e-8706-9815c4371376,41,Male,Obrienton,High,2022-08-15
4631b6c9-4f98-4c82-9a40-21976450d667,67,Female,Darrellland,High,2024-02-10
c39db678-b47a-49d2-b569-2e45050d1e0a,33,Female,Taylorshire,Medium,2020-10-21
491afd61-c952-4837-bda6-12b46015ccfb,31,Male,North Lisaburgh,Low,2022-09-05
8c2a3b88-0071-441b-98ec-b521f10ccdca,52,Male,West Crystalbury,Medium,2020-10-06
3ab99bb9-92d4-45c1-adfc-ec3eec038b87,28,Female,Port Robertland,High,2024-04-06
442035e0-e8f3-4958-b765-00181de92874,45,Male,Lindachester,Uncategorized,2021-03-09
9243eebc-938f-480c-8564-16d503d250de,40,Female,Gomezview,High,2021-08-05
57accb27-703d-4e74-8bf7-83363e7ff1c7,58,Female,West Brandon,Medium,2020-06-25
94c04923-3a33-4e1f-8aba-51ce026d8cc7,40,Male,Alvarezport,Medium,2023-01-03
f64f26c0-38ff-40d2-b22a-fc527d19dec3,68,Female,West Michael,Low,2020-11-21
e2e10428-d74f-4310-b4a6-61fc5249dfa1,58,Female,Mitchellchester,Medium,2020-12-12
bd6137f7-c1cf-4ee2-be20-19982a7ffc8c,36,Female,Bradshawport,Low,2022-01-08
fa34c74f-0db0-4879-9d53-d079f93b924d,29,Male,Timothyshire,Medium,2020-06-29
be43e8db-0b64-425e-b11d-c15f19659bc2,59,Male,Mariastad,Medium,2020-03-06
e61caa35-25d3-4132-8e2a-675d36c3d9d3,30,Male,Hillton,Low,2021-08-15
10030064-23e3-441f-a020-2c1da548d02b,55,Male,Lake Martinburgh,Medium,2023-04-10
7cb2fd7a-621d-454a-92da-556e6021e3e2,21,Male,South Krista,High,2019-12-22
eebeecb0-6a24-488f-8f1b-b9b66e0652fc,37,Female,Randyport,High,2020-08-26
5a746fb9-5a97-4743-b985-ce43d03ef86f,24,Male,Paigestad,Medium,2023-06-28
a1b34f69-42df-4700-b878-f549f5a7f520,34,Female,Martinmouth,Medium,2021-07-13
32ea36b7-323e-451a-8b46-7c3540e03d4d,63,Male,East Traci,Low,2024-06-11
bc7da09a-533a-4209-ad68-c9e9c63cd2dd,57,Female,Reevesborough,Medium,2020-07-13
9cf92a6b-b9da-46ec-bf56-0ea2c9255bda,69,Male,Michelleport,High,2021-04-15
b707539e-7eaf-4c76-8a2f-944b44eee698,65,Female,Wendymouth,Medium,2021-12-29
1d623917-5083-4420-99bf-79b1816e881a,25,Female,Port Jonathan,Medium,2023-01-23
a9658c6f-134f-421b-8b2e-fd4978c7a940,56,Male,Shawville,High,2020-07-01
b83e1cca-2209-4309-b90a-b5b2a04e07e0,63,Female,East Samanthashire,Medium,2021-08-30
1a8b9dc9-5e99-4e67-9333-a2017869f68a,42,Male,Port Jacobside,Low,2020-11-16
52eb500a-0511-4085-8e1b-b823b3fd5522,53,Female,Blankenshipport,High,2021-11-22
18e0f708-ed9b-4902-ad9d-968209ce021b,70,Female,Davidstad,Low,2022-07-28
53576cf2-a4b7-49c4-b114-7914ce0a4837,27,Female,Lake Garyburgh,Low,2023-08-04
fa5c10b5-c09a-4de9-905a-20f880a5a6d5,43,Female,East Sarahshire,High,2020-02-23
ed89b7fb-0b0a-4e28-b086-538479d7cd24,18,Female,Acevedofort,Medium,2021-11-02
9910c552-b134-47d4-b34c-11221dc0d6e0,33,Female,Grahammouth,Low,2023-04-06
f3f8dda4-749f-4890-b326-8d71bc938f73,30,Male,Andersonside,Medium,2022-02-24
13c73f2c-056e-40c6-a61f-97d5790c504a,26,Male,West Joshuaville,Medium,2024-05-22
c74dc709-15bb-4652-9930-1c5f5897bfe3,20,Female,Dawnmouth,High,2021-08-26
157d8d81-ca3d-45fb-8c15-cc19680d123c,30,Female,Millerside,Medium,2022-02-27
ea1d9b0e-9f4a-4105-aa9c-14308856de89,49,Female,West Virginiahaven,Low,2020-09-18
be60acaf-bfb7-46f3-84d6-9441ca18656c,29,Female,Joshuaton,Uncategorized,2023-12-26
262adfc3-44ae-442d-a213-2d3eb9e668a3,18,Female,New Sean,High,2020-03-15
73369b0f-4243-4a6c-8c5d-a57e0a1d8329,67,Female,Beckport,Low,2020-05-10
e16afc7b-fbde-401e-8f45-e3b9169e7bf5,36,Male,West Frankport,Low,2024-01-18
131e14c8-65bb-4559-9016-d0a0c4fc64e9,21,Male,West Tracyburgh,Low,2020-09-22
9ed2792c-bffb-472f-9c11-61bb7203b01f,57,Female,Port Hannahfurt,Uncategorized,2019-08-28
634e5e49-50a3-492e-9482-b2ff4820cd3e,52,Male,Carrieton,Medium,2024-02-29
6d1c4d81-a5b5-49d0-b19b-821b2da6ad21,70,Female,Guerraside,Low,2023-03-02
0319aa2f-f571-4a05-8947-bd9c7e4ac2ee,54,Male,Michaelberg,High,2024-01-17
a3824b0f-b72e-4c29-a242-b79c541895bb,18,Female,Reyesport,Low,2021-07-21
31d9ec99-f02d-4c52-ae2f-eb87b0bbc5e9,63,Male,Huntertown,High,2020-11-03
c3ee84bb-f586-4e4f-9d43-48af820faf03,64,Male,Jaimeland,Medium,2022-04-03
28c29c18-0cbe-40ea-b218-a96430cc4409,31,Female,South Kristen,High,2022-12-10
6e59e098-8292-440c-80b6-2d7bb27d5133,26,Male,Terrenceborough,Low,2020-02-11
c19eaecc-f4b1-4c6b-adcf-d12795814955,28,Female,South Leonstad,Low,2023-07-12
7120aefc-7d84-4981-b4ec-64e036fba72a,45,Female,Brownbury,Uncategorized,2023-10-01
c5706872-5a61-4898-baaa-ec4b8d6b8abe,57,Female,Evansfurt,High,2019-12-14
0ab0e741-f4ad-4d82-92c4-b5055b5c5549,26,Male,South Robertberg,Uncategorized,2019-07-14
f8df7ba1-4e72-441f-b5fb-40b84666e1fd,59,Female,Port Christianshire,Medium,2023-08-01
60978a24-9522-4d96-8eed-a1ddb6cede08,58,Male,New Christopher,Uncategorized,2024-04-25
32a4577b-4dab-4ee7-86d5-4d7599354452,47,Female,Taylorfort,Low,2022-11-02
62a49d2d-8ed5-4096-ad2c-c64135c6d35c,53,Male,Destinyton,High,2020-04-01
9e5a62bf-b2cc-4743-b266-252c16a36f83,38,Male,Glennshire,High,2023-04-06
939cf2d9-6764-404e-8ea8-ea5d283c3b8b,47,Female,East Jessicachester,High,2019-08-30
39eb27d9-ad6e-434c-a065-ad089c6868df,66,Female,Perezside,Low,2021-11-28
7c6ce8db-8f07-4d62-881d-c014dfdbc0d9,66,Female,Johnville,Medium,2022-09-16
167f3b4b-5ad6-4fe0-a51d-8f1c52cbee27,40,Female,South Tinaberg,Low,2021-02-11
f1f6626a-0ed5-4bc8-8a3a-511c3a1611fa,39,Male,Monroeport,Medium,2020-04-06
f26e70b2-0535-4b15-a778-c10c1f0edfab,27,Male,Lake Holly,Medium,2023-08-19
8ee20cff-febe-45d4-a160-adc6cef1e193,43,Male,West Joshua,Medium,2021-04-06
02e7c42a-8322-405c-8fc5-d7728a09a5db,52,Female,Lake Angelaville,Uncategorized,2023-05-07
571620a3-d3b9-461c-8b8d-54ccfdfa1a49,37,Female,Hobbsburgh,High,2020-02-04
4f315837-37bd-49e5-abe7-019dabf585ee,38,Male,West Meredith,Medium,2020-02-09
99462720-beca-4890-852e-79d16990f055,41,Male,Jamesbury,Low,2022-03-27
520cab97-4786-4b65-b40d-92d3e6f79e0d,25,Female,North Andreatown,Medium,2019-09-16
38795c70-655b-40f0-bee1-cfc588d28848,62,Female,Downsport,Medium,2024-04-10
499713c5-04d9-4f79-bd77-0d0e94208cd8,55,Male,Martinezview,High,2020-09-27
d145e194-7272-4dd7-8ad9-2837f4672f8f,66,Female,Mosleystad,High,2020-10-30
ce17823d-388c-4b95-a747-f24fdef0ebe8,21,Female,Nataliemouth,Uncategorized,2020-09-18
e54d1219-b6b3-4b5c-8b75-62f4148c23b6,27,Male,South Leroyberg,Low,2024-06-08
8743ef03-ec99-48dd-83d2-af2e56fd5ea7,36,Male,East Amy,Low,2022-06-19
f30941af-ee3c-4d65-93bf-517f9dc6f0da,24,Male,East Vanessafurt,High,2021-09-16
f4f3f64f-4cb1-439a-b637-c1d0248c9338,32,Female,Reyesstad,High,2020-12-07
babddffd-9064-4f6d-99fa-0ca97adefb69,68,Male,North Donnafurt,High,2020-06-22
f50cdd04-dc3c-4259-aa56-ffbb357e0731,66,Male,Justinview,Medium,2020-11-04
04a4a077-7839-48fb-b33d-50d81f4c1184,35,Female,Lake Steven,Medium,2020-07-12
ed13064a-2580-4ab5-86fa-7d3c76aa0357,46,Female,Victoriafurt,Medium,2023-12-10
d443aa55-3036-4b8b-a38a-5306f05bbe89,24,Male,South Holly,Low,2021-07-07
bf516307-fb1c-4d71-9348-23cbc39d8eae,65,Female,Aliciachester,Low,2023-03-02
5deb572f-01dc-4c1a-8989-e1494df43017,58,Male,New Steven,High,2021-12-18
907c77af-245a-40dc-b8d2-9303993bcd81,31,Female,Gardnerhaven,High,2020-04-21
b5f38234-8e05-4df6-aac3-f95d5ff82b7d,59,Male,Sandraton,Low,2023-05-26
62a5ff3a-beb7-4c13-9c36-b5655a9f05b0,21,Male,North Heathershire,Uncategorized,2020-09-23
321adc94-8a35-4998-bc17-0cacc00988f4,28,Female,West Amyland,Low,2021-03-29
4e5864a3-6386-4d03-a1db-1e24f50e0128,50,Male,South Williammouth,High,2020-06-11
bc75ec72-1e92-4d14-abe8-e47e8330def7,37,Female,Lake Julie,Medium,2021-02-15
e556be3f-49dd-47c3-9bd1-6f2fb1b79d52,34,Male,East Katherinechester,High,2020-12-03
e4785a5c-a70a-4db0-98d5-1d76175c4a94,66,Female,Christopherport,Low,2021-07-01
609434d3-ad06-4c8a-ac6b-ac61f71516e3,19,Male,Sanchezchester,Medium,2020-10-07
da87698d-922c-4830-b232-156f1a1b0f3a,67,Male,North Brandon,Low,2023-05-01
20dc913a-94ba-45ca-8fc1-f47373e115a6,68,Male,New Kenneth,Low,2023-05-20
48dda5f7-bde2-4df3-9493-d13b38f67d6a,47,Female,Ericstad,Medium,2020-10-01
bd03c9f3-3c08-46af-a30c-e6291fa70cb5,40,Male,Port Jessicamouth,Medium,2021-08-25
fdfb3ec4-9113-4b09-b597-19bf7d3cfd21,34,Male,Kirkmouth,High,2021-10-24
c7638863-5d8c-4fa1-8c12-2b715d74cd68,35,Male,New Leahchester,High,2020-07-15
0f3d2119-da2a-435b-8f87-7aa1ef4ffa03,44,Male,New Antonio,Low,2021-02-11
e4fb127d-c996-4947-b967-b53e770ed05f,31,Male,Castillotown,Medium,2023-10-22
43ec68f5-4305-4b40-8ced-a187d00bb3f5,26,Female,Carrilloport,Low,2022-09-26
cfd54725-4901-4a70-862f-2da2113346cd,34,Female,Danielfurt,High,2022-06-09
800ad6ce-e283-4fd1-9974-e07577f1aa82,20,Male,Robinsonview,Uncategorized,2020-07-14
3038055e-55da-4d47-8ca8-19c58b1964a5,62,Male,Jessicaland,High,2021-05-29
89480374-82ec-44e5-ae61-bbed82bfd5b1,36,Female,North Debrastad,Low,2020-11-30
f35c6e3f-2fac-4b7a-b713-863a0a37160c,21,Female,Port Natashaview,Low,2022-08-20
66f2c023-a290-4565-a489-62464894f93e,58,Male,Lake Ashley,Medium,2019-08-18
243494b1-3978-4fad-8bbd-2d1f611fcf96,31,Male,Emilyfort,Low,2021-10-07
fd24b1c5-a6ec-480a-b127-7354bce6e545,47,Male,Jacquelineview,Medium,2021-06-07
2bdd585a-301b-4935-a32d-295b34e81010,43,Male,Lake Austin,Medium,2019-11-15
d386662a-c1e2-4d7b-b6fc-ac6a9fbe4850,23,Male,North Jennifer,Low,2024-04-21
81d08828-f894-4411-ad5f-81c47638d48b,49,Male,East Marc,High,2022-06-22
56c37202-e78e-43ed-b919-ddb5da658d63,30,Female,Keyport,Low,2022-10-21
ed671a87-e26e-4c7b-afcc-e3bee9427708,36,Female,West Robert,High,2022-02-25
5cd1596e-3b34-4bfa-8b07-dd9fb9ea1845,68,Female,New Ronald,Low,2023-10-14
a8a71d73-dbd1-4e77-b954-377417c88952,57,Male,Lake Kathleenmouth,Low,2023-06-20
929e20a0-f1e7-4130-ba19-3a420f2311ac,36,Male,Jasonport,Medium,2022-02-19
06177732-35a3-417b-9377-959d68b958b4,48,Female,Anthonyberg,High,2022-07-31
2be2ab9c-5c01-42ff-a8a5-7ebb49905eb5,36,Male,Marcusberg,High,2022-03-30
e492b3f7-f74b-4ac1-9d04-2cfc9d9afc43,25,Male,West Jessica,Medium,2019-12-16
ea2b290a-2a6a-4b85-8122-6af4345c0503,23,Female,Smithfurt,Medium,2020-02-14
92d8fe98-faee-46c1-9fb3-b860fe226236,52,Female,New Jessicaborough,High,2022-09-15
c98edfc3-4819-4b2b-9af8-281ada990517,34,Male,Francesstad,Low,2020-07-26
3cdced98-055c-4037-a0a5-5f01cbc707b9,58,Female,New Anthony,Medium,2023-12-10
1f0f2c2d-eb0a-4ffb-a21a-684f892bd7fd,59,Female,Vegafort,High,2022-04-28
9eead230-c70b-473b-a234-7002688b42b6,64,Male,North Brian,High,2019-12-28
08995799-8d0f-40d6-986b-452074709b5f,61,Male,New Lukeville,Medium,2020-03-28
50465bde-6a9a-466d-804a-a8f046809a23,35,Male,Harrismouth,High,2023-08-02
9612ee49-09dd-4f55-9524-9eb341efa2b9,28,Male,North Breanna,High,2020-07-30
2cd16dfc-d7b0-47ec-9999-b018daea7f8d,52,Female,Lake Carloshaven,Medium,2024-05-02
83355281-fda3-4776-9f9d-a812243c3b56,31,Female,Ashleychester,Medium,2024-04-15
bb07fa4a-8680-4b77-b1ad-5d2f67570252,52,Male,Port Davidtown,High,2020-11-06
c2351d11-59fe-4630-a6df-e01bc343de33,68,Female,East Pamela,Uncategorized,2022-02-04
29436bcf-d6f8-44d1-a856-0794abb562ab,68,Female,New Fred,Low,2020-03-12
1e9e7dcb-e612-46d3-bae6-0c2f47fa0220,44,Female,Brianmouth,Medium,2019-11-07
835384f5-c976-481d-8961-cc827dc62c6b,60,Male,Stricklandport,High,2023-09-30
89ca5faa-aba9-4b14-b3cd-cc6bf7fd95a2,55,Female,New Michael,Low,2024-01-18
5050eefe-2392-4d18-b4b6-913d42b9f62b,20,Female,Alexanderstad,High,2021-02-20
890f10ce-36f6-4993-9a2e-a00dfdf01609,33,Female,Denisehaven,Low,2021-05-27
76c1d696-0f1c-44b5-b749-8859545658eb,34,Female,South Frankside,High,2020-05-14
b72f2a59-aab0-447d-bb31-9bdc1405cc72,34,Female,West Jason,High,2021-09-19
48313b18-ccdb-4946-b958-1ebfc92dcc2a,59,Male,South Andrea,High,2020-02-26
7eb7f7df-9b0a-416a-829e-bcf4d8bd57dc,55,Male,New Anthonyland,High,2022-07-23
ce5cf079-859b-43fa-9609-c6bb7e12c6b7,41,Female,Adrianhaven,Low,2024-01-10
bbf7c36f-3745-4d3a-9e33-f927c2755f65,45,Female,Roberttown,Medium,2023-02-17
