CustomerID,InteractionID,InteractionDate,Platform,InteractionType,Sentiment
2dcb9523-356b-40b2-a67b-1f27797de261,e5d15761-d0a7-4329-89e3-79a892c56097,2023-07-11,Uncategorized,Comment,Uncategorized
e12c37b3-7d4d-472f-9fd8-0df2cb3001aa,02f9f376-70ae-4fcd-9070-1db977939948,2023-07-06,Twitter,Share,Uncategorized
08a911a3-65e6-4f5d-a6a1-ae7ddcbe28a2,a83fa04c-f109-4f24-8ce1-2078154f6a1c,2024-05-24,Instagram,Comment,Neutral
efdfdfc9-5dbb-4478-911a-101a390a0285,28a69c4b-a2e4-4c74-a130-1132d7733fdf,2023-11-01,Instagram,Like,Neutral
ca1e90f6-0e5f-492e-ab92-252ff540da18,d9d1c6f8-5e15-4738-b52b-13c2982420cc,2023-07-08,Instagram,Like,Uncategorized
3e44871b-f56c-4576-b1ca-d1dc999e2166,0c409883-8396-48e4-83fb-887329848696,2023-12-18,Instagram,Comment,Positive
aa5eea4b-c948-41f4-9285-229a470002aa,4034dadf-6541-40d6-a7f0-16b20a009c04,2023-11-15,Instagram,Share,Positive
7d83304d-2501-4c9f-ba63-a1a14343e51f,bcfc43e7-c5aa-4dbd-9961-0e108784b199,2024-03-29,Instagram,Comment,Uncategorized
bd90f5cb-05a7-40f4-acb1-eedf48b58ffa,d2a06664-703d-4bc1-9401-a06f8c43fda5,2024-05-02,Uncategorized,Like,Neutral
63ee220c-19ae-4113-b45c-276b22b068e1,67cdfb0b-3da6-46b8-a1f4-03b2abc81f58,2023-11-18,Uncategorized,Comment,Positive
481bcc62-9dcb-4766-bbdd-79f5554d73f8,785b7854-4548-4251-83f2-a25da78bfe40,2024-05-28,Twitter,Like,Positive
9c16dd71-a1f0-4801-8f00-860c2ee154a1,be6a0be7-84a8-428e-8526-13c3500e35e9,2024-06-27,Instagram,Comment,Neutral
e8d8dccc-96b4-4451-ac1b-c4de6d18c3dd,26e650e5-a8af-45ea-9c49-3569a7d1a2fe,2023-08-31,Facebook,Comment,Negative
f0c55dc8-d7f6-481d-8992-af3ce9453a51,753ff148-793b-4db5-a3e1-16f6e470dd0a,2023-08-27,Uncategorized,Comment,Uncategorized
aac57e67-f138-426a-8f26-c4620e29f4e6,4fcac03b-1081-49b9-a101-6fb70fa0b7d4,2024-06-10,Instagram,Comment,Neutral
851911c8-6d3f-4a7f-b70c-9b93057d9f94,b25e5bbd-3d24-45a1-bc86-02cd697c1f55,2024-02-12,Instagram,Like,Neutral
0305625f-6264-4666-ad6c-ae34df05d0d8,5e71bb25-c9ed-4362-a9f8-6802cebfc670,2023-08-18,Instagram,Share,Positive
b8e6ad59-8b84-405d-af66-b0c1bebf7578,9edcf60c-599e-4a2f-a723-1fb6776b8cf4,2023-08-17,Facebook,Comment,Positive
616e2347-91b4-4a50-8a15-4c65aff20788,7cdba85b-17cc-4d72-b4aa-14f718a50be6,2024-03-28,Instagram,Comment,Uncategorized
378542a7-dd80-4639-b411-6a2fd45e9852,02b5ca8d-c6f2-4fc1-a3eb-3e5010111e1a,2023-10-08,Instagram,Share,Negative
851911c8-6d3f-4a7f-b70c-9b93057d9f94,f4e35835-e3a6-4dee-a9fd-848603a322e4,2024-01-26,Instagram,Comment,Neutral
6cd5d668-396c-4e82-97ae-a8bb7fa1d010,6ae1f833-cd5d-4513-8675-81cc41ecd28f,2024-01-14,Twitter,Comment,Neutral
348c5ab5-992d-4780-ba71-d1a5e3818191,a3b06362-9ff0-433b-be2f-477c452259c2,2023-08-29,Twitter,Share,Uncategorized
81d213e6-e289-482d-b2a9-326144b84d2c,ef15ee00-2882-4ef5-b1f3-2a004a265d77,2023-10-01,Facebook,Share,Negative
3e9cc599-ba23-4de3-9c18-19a2ce4764e0,acc05b0c-b63b-4f76-b256-8af404f1f9b7,2023-08-19,Facebook,Comment,Neutral
2d1c8d1a-be1f-45a9-82d8-036f5e17d809,b8c326c7-3b35-4cea-875a-013600d7bd64,2024-03-28,Twitter,Like,Neutral
013c4cd9-1d0f-4004-8772-065ab426d105,4b1394bb-49e0-4182-8649-67bb090b995b,2023-08-15,Instagram,Comment,Neutral
1904daec-e2bf-4b0b-854c-baaf9e4df3b7,1490753a-3b6e-4f3a-9617-4eef23d10dd1,2023-07-08,Instagram,Share,Neutral
6fa9f01c-09f8-44fd-8e18-51ca4f3921bf,d59378e6-8b0e-49f9-9d32-f035a850bc37,2023-12-31,Twitter,Comment,Negative
b6f0bcbc-ca5d-4981-a636-27355554fc85,c8ec6e63-10ee-4315-aad6-adac1e72bac1,2023-08-23,Instagram,Share,Positive
eb8bb3ce-e182-4a9c-8084-c55c738815e1,ee2c3d14-248c-48b0-aa80-4ea97e449bf8,2023-12-22,Instagram,Comment,Negative
3a204a5c-66e7-44fe-b1b7-6ca40fb677b5,8951d3fa-3a1e-441c-aa05-097b3119fdee,2024-04-13,Twitter,Comment,Positive
cb92abec-3e14-4c2d-b8a7-265082126081,d1c446d7-ff9e-48f4-8b9f-03a2683a03d1,2024-04-01,Uncategorized,Share,Uncategorized
7ae84dc5-3dee-4566-84a9-1820bdae61e4,673abb07-888a-4598-afc5-d247481cffb3,2023-07-14,Instagram,Comment,Neutral
0773c2a4-9485-40ba-b6a5-645cd15d9837,e357650f-b285-45b9-b258-9d377dab5bc8,2024-02-28,Facebook,Comment,Neutral
cc5da89b-c295-41c3-b27d-c759cca78ba8,5e8467bb-f74e-4fb0-bb31-2de7532072aa,2023-12-19,Instagram,Share,Negative
15e129b7-48ba-4b37-8ba4-703745e17019,dc4100a8-e190-40c0-ac4c-8adae07755ee,2024-03-20,Instagram,Share,Positive
9f6b9ab6-1055-4a20-912e-23adb444695c,c3f47766-8472-44e0-b1af-fafee0015a8a,2023-09-18,Uncategorized,Like,Uncategorized
257413b6-9a31-4572-a119-64d4fb014017,cbd54de1-1297-4257-89ac-d350cff54e14,2024-01-03,Facebook,Like,Negative
148b854a-0393-4c10-9762-be68ee86ae9e,ded49d45-4e99-41d9-9508-d0557e80127e,2023-11-10,Instagram,Like,Negative
f71e72b6-e451-42da-a1d5-6ef629c553f8,b0aa16ce-a4f5-44eb-bd53-887ab7eea93c,2023-10-21,Facebook,Share,Positive
e61caa35-25d3-4132-8e2a-675d36c3d9d3,84952f93-a761-437f-bcbb-5f01032d2ac6,2024-03-14,Facebook,Comment,Positive
d18cda69-56ba-45a8-b3fe-ff52f040377a,8371e3a6-cbd5-4a07-9a7f-b334d046644e,2023-08-20,Instagram,Share,Uncategorized
eee8a7f8-1a5b-4c9f-947c-8511fa6a771d,28862db4-ae30-405d-8c0b-c3fcf01a4366,2023-10-30,Twitter,Comment,Negative
5659a8c6-0397-4396-b561-52ec1c8a760b,d7f6806b-f348-431e-9198-07f0685d8d8e,2024-01-28,Facebook,Share,Very Negative
d1994e4a-365b-49fc-8a99-3bd92ff155e4,c63c466f-8945-42bc-9e35-fa52284f5227,2024-04-16,Uncategorized,Comment,Neutral
be43e8db-0b64-425e-b11d-c15f19659bc2,de2ac7e5-2efd-4fd1-b38f-fb29078743ec,2023-09-07,Uncategorized,Share,Negative
fa5c10b5-c09a-4de9-905a-20f880a5a6d5,af232446-8c20-4bf0-af12-3da5fa60efe5,2023-12-07,Instagram,Like,Neutral
3375b9af-aba4-4db6-9b17-4785756b4287,a95ca26f-845f-4d2f-8c33-c32978756a29,2023-10-04,Instagram,Share,Negative
a420497a-653c-4a0f-bdfa-32543a7a94f6,f5e42ecf-a621-4813-9afc-9d3fec90a6b0,2024-04-29,Instagram,Like,Negative
c6253172-8dc9-4c82-8816-9d2740b0e3b8,0608db08-1256-49fe-ad9f-f5e79cf15c18,2024-06-03,Facebook,Share,Negative
8ecb60d8-2993-4586-b0cd-41309f3e559b,d1cdcc2a-6592-42f8-8bac-018f96d3053f,2024-01-11,Instagram,Like,Negative
818e18a9-18f0-4ffc-9cbf-8c447e4bee69,c8b207b4-adf7-46c2-be6a-e3bad500f98e,2023-11-15,Facebook,Share,Negative
b0180e7a-16e4-45bf-a417-0f2f5ca442bd,b2e1ddbd-a2eb-4c46-8dd9-1a7bc16d4a86,2023-11-08,Facebook,Comment,Positive
b9c92d6c-fb4c-4d0b-8c72-7b7c1ae9f79c,640796d9-6658-4f70-ab31-aac260bba8da,2024-04-01,Facebook,Share,Positive
9c649d2d-4a30-4ae5-865a-044f7f0bb386,3c8e224b-e7ed-41bd-9435-d7fb84da28f8,2024-05-25,Twitter,Share,Neutral
4824bfa4-0e82-461c-a6ab-4b79b8b3ee39,e3c4b48a-b8f0-4867-a36a-3031bf523036,2023-10-15,Facebook,Like,Neutral
c3575491-5c91-4a46-a63b-506bc3395c62,179af99a-d89e-47c4-9249-a89fd6b7f53d,2024-04-14,Twitter,Share,Neutral
3aa802b5-f744-4c3a-ba56-d6bad87185b6,2e4e75cf-10dc-43cb-863d-14c8d8b5c3d9,2023-09-23,Instagram,Like,Positive
348c5ab5-992d-4780-ba71-d1a5e3818191,0265861e-f3f1-4218-bf5a-af624138d56b,2023-11-12,Instagram,Share,Uncategorized
69392978-5c7e-4872-9058-2a4590c9247d,2110b9ac-9dcc-4c24-8845-f550c2322ac6,2024-01-08,Facebook,Share,Neutral
4605103f-9b58-43c8-baf9-73abfb2c0441,d9cde457-464b-4f0f-9d6a-847336052650,2024-01-01,Twitter,Comment,Negative
b12c84ec-8291-4fa9-8688-b3a8e0bfbd1a,34800f80-7e3b-47fc-9c19-a3ab31ede043,2024-01-01,Instagram,Share,Neutral
56f11a95-76f1-4a97-b38f-db1dc95da1ed,68c6b07a-4fe2-40ad-9a89-4cff4dda4903,2023-10-19,Facebook,Like,Uncategorized
58ced86b-155c-45b1-96c4-92e39af3751e,7d7f1f20-150c-491c-9dc3-fe2922a19836,2023-10-10,Instagram,Comment,Negative
43230006-9636-403f-966c-f7e3166e504d,fd97dec8-f44b-45cd-a05b-7cfd8ac32c50,2023-11-28,Twitter,Share,Neutral
527e3928-a848-4f61-a9d9-8c3cf8ce62c4,410e1c8d-6312-402c-8aa6-9b86c1f1d7b0,2023-12-02,Facebook,Comment,Positive
896a48cf-7ab6-41a8-ac94-9d7f6c211c01,cfa69d95-849b-4130-8ef8-c6842a15f08c,2024-03-17,Twitter,Like,Uncategorized
5304fc02-34ca-4162-9284-3b42e90f3bce,8efef4fd-d647-45d7-85c7-24ed287cd722,2023-12-03,Facebook,Share,Positive
b7f316e2-d6dc-4b42-ae5d-429da67a3c64,37522c90-4efc-48f6-b5a3-e222b1e1a54c,2024-04-11,Twitter,Share,Negative
a4a6c9aa-bbbf-4155-9100-4f770078551d,1b4a3127-2256-4f07-a45e-6f27845c9eb3,2024-05-25,Instagram,Share,Positive
a7b667f7-d6c7-4fc6-b6d9-bcdeea32297c,39622755-9e00-4107-8ee1-5defd5a5dbab,2023-10-06,Twitter,Like,Neutral
54a1bbb2-9523-41a7-b8b5-9acd08f46da4,86844e2d-c646-42ae-a169-6e8b4718e9eb,2023-09-26,Instagram,Share,Uncategorized
4b54cb6f-865e-486f-ae13-f963b85c54fb,a9f9f57f-eb3f-48ea-8e52-b7db5d01682f,2023-08-20,Facebook,Share,Neutral
c71e53bd-d52e-43c7-853a-bde70ff3cf38,944c6adf-771e-4d0d-ad9d-468989412691,2024-06-24,Facebook,Like,Positive
14a794f8-2099-4aee-97e4-bdd3899994c6,dcc6b868-950f-4c82-bb57-6981a47dfa6b,2023-09-26,Facebook,Like,Uncategorized
772896ae-d11f-4bbe-8cca-3e3043b390e6,2c8b11e6-4b17-476d-8852-b4a4f13de913,2024-04-04,Twitter,Comment,Neutral
0319aa2f-f571-4a05-8947-bd9c7e4ac2ee,2ea4b9f9-806a-4e52-b63a-2f57cff5ce4c,2024-01-01,Twitter,Share,Negative
7544489f-ec7e-48af-bec6-b6eab94a6e5c,fae8001a-955d-488d-a241-0fb507f300ed,2023-08-12,Uncategorized,Share,Neutral
ecb192f4-a8ed-422c-9f08-712dd8523245,e8e3dd21-73ab-4193-83b9-6ef0a0465b93,2024-06-04,Facebook,Share,Negative
f770e561-feaf-49f5-8a33-7dae0e80cb43,43c4493e-cf22-4dcc-920e-8429e8794e4b,2023-12-27,Facebook,Share,Positive
ee462937-e0c4-42bd-a4ef-7df8946ba9f7,f797a268-81d2-47ea-94da-da1d2d7dd2d9,2023-12-20,Instagram,Comment,Positive
084a89ee-5eee-48c0-b30b-53da89258015,32dd274d-a995-4d6d-90f6-85d6b1f29f57,2024-03-21,Facebook,Share,Positive
979c8237-bae7-4240-9224-b283bc02529e,2adea7eb-2d35-412a-8779-58392d1a4bd0,2024-04-20,Facebook,Comment,Negative
b7a81804-7f5d-41e9-87e4-1b5be4024c09,fd848a95-b4f2-4000-a401-68fb32323dc0,2024-03-29,Facebook,Comment,Neutral
23b3aa96-cec0-4964-8176-98ce984158a8,a77e69e9-a9aa-4b06-8bbb-c123b97f6604,2023-12-06,Instagram,Like,Neutral
e0625caa-2eb9-4b59-873b-f10de1b8ee1d,8ac4b542-3f09-4b3e-a5e6-3fe3ba8a7754,2024-01-16,Twitter,Like,Positive
35cf919d-33b7-4f0e-98f1-47da30e6e6ba,de97f404-c126-4892-9851-4fa91a166985,2023-09-01,Twitter,Share,Neutral
cb35a4e2-2808-4644-ab5a-8c87a6ced6d4,795885dd-41c1-49b4-8285-4b09d32ad998,2023-10-23,Instagram,Like,Positive
3d0312c8-80bf-4eeb-91fe-cb842be19ca4,7b1c3eed-9b0a-4f36-95ae-12e023ef6094,2023-10-16,Twitter,Like,Negative
2bde4c68-1f79-42cf-879c-a2b1a42f87ed,8da3eb6a-d82a-4be1-94eb-855a3a908594,2023-09-20,Facebook,Share,Positive
47bf3bc6-17a6-4b21-82b5-90f78af4c25c,4eac4bf7-b0ff-4eb9-af31-69b5413a99af,2023-10-19,Instagram,Like,Positive
13a4c3f7-8549-4b13-afe0-486f14f86ea4,9184bd9d-3aa6-48eb-9feb-8f383e250461,2023-09-02,Twitter,Comment,Negative
28dad012-b308-4cd7-b60f-edb22f8a6022,789fabd5-bcb4-499b-baf1-8d8fa5547bb9,2023-10-26,Instagram,Like,Neutral
4e903b9a-eaaf-484d-a018-da1ea6ab113a,8fc6616c-ce6d-4e5b-94e2-998e23d6b10d,2023-09-24,Instagram,Like,Negative
fc9f91cc-00f1-4ffa-8016-878c069f3a1b,a25a8aed-28bb-4880-944d-0712f60ae1b8,2023-08-15,Twitter,Like,Negative
6e0b43fc-e01d-46b6-8a25-d21fff7ccbe1,54ee8cea-959a-42c1-96f2-45f72e3f5d55,2024-02-18,Twitter,Like,Positive
c19eaecc-f4b1-4c6b-adcf-d12795814955,b4056d0f-0b62-4819-893a-721da82077cc,2023-09-05,Instagram,Share,Positive
cb968037-1e4a-42c7-8d2f-3eb0b27b5295,922d3f28-3fc9-4086-a5af-4816e9370c58,2024-05-14,Instagram,Comment,Neutral
9ccd2f9d-6d29-4861-b76c-22ef1d53fc26,ac9c2970-3bdb-44c3-9e5b-64cd0fb0c49d,2024-02-28,Facebook,Like,Positive
5dcc04f0-2300-4707-b737-82abb839b428,24bc4157-e0e9-47d4-a415-1bf0f63c4a42,2023-07-10,Facebook,Share,Positive
96a87ecb-2f53-4c22-8507-13c3cfd6d85a,b21a3eed-d0e3-4cad-bb70-a5ad4484cda8,2023-07-17,Facebook,Share,Neutral
551a4700-bea6-4596-b371-48c0ee1b5bf0,574cb151-53b5-40f2-bee3-07e30dd34325,2023-07-04,Facebook,Like,Neutral
210a1b9d-b708-4071-b600-46a1df62bfde,19a9d796-b040-4d2d-9ee6-f52278fa811b,2024-05-14,Twitter,Comment,Positive
1fd6c9c2-d7e5-440a-bf43-3b0f9e9b608b,afdd05cc-8b12-412a-8003-db5e9ba1a05f,2024-05-31,Instagram,Comment,Neutral
648dac00-686c-41c0-8d59-3bee7d3bd390,4b9da0fe-1fd5-4d81-b0e3-26b0088bf5a9,2024-02-16,Instagram,Comment,Negative
23222ac5-f9b0-4eb9-928f-2c17cac9ffbc,9c5585fa-5a08-4acc-becf-7a0eacd37be3,2024-02-21,Uncategorized,Share,Negative
52f2132d-b2bf-4c09-9bdf-2d634ea7ebca,08a4d94b-ef27-4fd0-bcaf-102dc4b99ff6,2023-11-27,Facebook,Share,Negative
911d5518-9c25-46b2-8c6c-fd0dfae0f9db,264703a6-bbe4-49d6-87bb-fa102244b9cd,2024-04-22,Facebook,Share,Uncategorized
d4cb7a18-92f4-4a0d-96f5-584e0c1cab53,30c666d3-52db-404b-9553-f7ebbc72a701,2024-06-06,Instagram,Share,Neutral
df6e97e4-a79a-4429-a4f7-300a2e95ec73,c09c0758-00d2-4a06-9efc-af66fede5733,2023-10-15,Twitter,Share,Positive
d6d22cf1-649a-4b97-9a9b-8ebc1ebe89c9,290306cc-a2db-4430-9269-067536ef3243,2024-01-15,Instagram,Like,Neutral
11c5d27b-7d65-4970-9ce0-960fa35a1f5f,51857e0a-5e6c-42e3-8eb9-595c996fc974,2024-05-10,Facebook,Share,Positive
84db5b8d-acf1-47fb-b3aa-100b30fd99fe,51fd4660-5ebb-4fe6-bf47-fc3a912f10c8,2023-12-04,Instagram,Share,Neutral
16120901-738d-417e-a271-6aaf0d6caa83,49f0ad38-c9e4-43db-9c1c-5344c6b9fbb4,2023-11-02,Instagram,Like,Negative
e4fb127d-c996-4947-b967-b53e770ed05f,3dad4e95-07ca-4897-a261-b97c21faaaeb,2024-01-08,Twitter,Like,Negative
5295b804-fb7e-4dd4-bb76-a0e1a79841c1,bd43fa49-0e8d-4ff6-aec3-68824a1c7526,2023-08-08,Instagram,Share,Negative
4add70a0-9c64-41d8-b32e-f7f1ea06706b,2a7d8fe5-5c96-49e0-85b0-9ccb97bb46be,2023-07-29,Facebook,Like,Uncategorized
084a89ee-5eee-48c0-b30b-53da89258015,30f962aa-3c9b-4f79-8a8b-23549e4f5423,2024-06-28,Twitter,Share,Neutral
0ade20e2-a4ff-40d2-b1b2-b8a04ee94c35,b598bf2d-fd18-4183-8b1b-eda0557851ca,2024-05-30,Instagram,Like,Neutral
b10dbfea-ac81-4cdf-be3c-62248bbd5838,bc2e00be-8793-4a75-a245-b9eea2d3fc6f,2023-12-30,Facebook,Comment,Uncategorized
8f440758-f8ac-44ee-9f83-51d9bde6d101,1e83e078-67f9-4336-a4b3-49c2337f683b,2024-01-22,Facebook,Share,Positive
a3824b0f-b72e-4c29-a242-b79c541895bb,d235326d-bd92-41f2-a2fb-4a918f8c53a7,2024-03-01,Facebook,Like,Neutral
32ac11aa-a64e-463e-a6f7-37ce1c10f2cf,9bbf24f9-cdf7-4920-983e-e93fa177b927,2023-12-08,Twitter,Share,Uncategorized
6e08ae8f-593d-425c-bf3c-542b3bbb1377,6fdec6c5-4279-4f34-9e50-dd3293366981,2023-09-08,Instagram,Comment,Neutral
fc9f91cc-00f1-4ffa-8016-878c069f3a1b,7ff41972-bf87-494d-a47a-fcf97cfa05d4,2024-02-07,Twitter,Comment,Positive
2be2ab9c-5c01-42ff-a8a5-7ebb49905eb5,b2858bdf-84b5-4a6f-98d0-6bf24577dcd9,2023-11-08,Instagram,Like,Neutral
6fc9f0ec-7c57-48d3-a613-e717798ddf39,d71b2b18-6d34-43db-8530-260ac4a768b0,2023-07-17,Instagram,Like,Neutral
5bd18674-64ae-4977-94c7-b70b61502530,25549af1-7528-4ef3-9221-497088f95019,2024-06-14,Twitter,Share,Uncategorized
174eceb1-d609-4140-8d19-e6d29fc4494b,2287b87d-4d81-4f1e-94d0-f6ef14796f0d,2024-03-23,Twitter,Like,Positive
8aa6b122-fcd1-42a8-b4ad-d526bf397551,3f002724-70b8-44c5-bbfe-45b7d1338a6c,2024-04-16,Twitter,Like,Negative
f01b204b-74d4-4c28-8f90-450dcd6b26da,81e62ef0-2050-4e44-af33-3ae9ae25102b,2023-08-20,Facebook,Like,Negative
7a2c7c71-1f0d-4e00-b1e7-821708ec5194,5a302518-07f2-41ce-a2dc-ce83a00060a5,2024-01-26,Twitter,Share,Positive
8eb5a52b-e337-426c-8005-a95cb7c02e85,1dabbeee-8920-477b-9d77-8bfabc5ebe51,2024-01-16,Uncategorized,Comment,Positive
9cb537a8-07c4-4bff-82ec-f3eed82e8917,2fff00c5-0627-4cf0-ad72-18e3505957cd,2023-08-22,Uncategorized,Comment,Positive
dd2a43cd-bfed-48e5-80c7-a27d7991a6ae,c9a8c3f6-204e-4210-8fb8-25da01317013,2023-11-03,Facebook,Like,Positive
ff6d25c2-baeb-46ab-8ce4-4c39bde83c5a,d972c5cf-ae0a-4c7c-936a-e38dd2d21780,2024-06-07,Twitter,Comment,Positive
37d18605-6890-4f11-bb14-23b460734df2,8d1937be-b8f2-437c-8b7a-3e0451fa09a1,2024-04-12,Instagram,Comment,Negative
fe4eace1-a485-45b5-827f-d8a3dfe9d92d,03be50b0-ca8f-4e86-8c12-eb8b184ef3db,2023-08-24,Instagram,Like,Positive
b64655c3-a06c-4f03-91fe-8dde87a2c547,d65bbc38-8339-43f6-b4d4-ec6629674055,2023-08-11,Facebook,Like,Neutral
51668fb4-bf4c-4030-8df0-ddc2263ec6ad,15edb8a0-5789-4330-a998-e5b071f791cc,2023-10-08,Instagram,Comment,Neutral
6a790a51-5a2e-4f30-b375-00b5ced20d6f,ead93600-6cec-491e-9486-1e3f89e3a9d4,2024-04-07,Twitter,Comment,Neutral
f0c55dc8-d7f6-481d-8992-af3ce9453a51,bf58fb8e-6503-4da3-a2fa-eb6f3f833696,2023-11-13,Instagram,Like,Neutral
cb35a4e2-2808-4644-ab5a-8c87a6ced6d4,b8eb70a9-9882-498b-bee1-b30f1ece4dc8,2024-02-11,Facebook,Comment,Negative
251a9b00-932d-4e57-adac-d1be9b1ceb46,a727da2c-556e-4e21-a370-679848581275,2024-02-28,Instagram,Share,Negative
9110b6df-2a4c-4404-aeff-3c8b4c83279f,5bc17a85-1782-4299-9502-8ebe847b1131,2024-05-27,Instagram,Like,Positive
7a63603b-38fb-4733-bb8c-c4faa632ab0d,c88ce6f3-42ed-4c29-a32e-9c9b6a822865,2024-05-11,Instagram,Comment,Neutral
7c04fa8c-3838-4820-830b-fec86eeb507e,f4fab01b-454a-4fa7-ac47-66d2225d048d,2023-10-10,Instagram,Comment,Neutral
6db13c6e-a2bb-49ad-a464-502b5043aa88,f443d650-69a0-4c10-b964-4ba05b306083,2024-05-10,Instagram,Like,Uncategorized
0a610e96-95c5-439b-9804-e19af5aad6ff,64c34fe6-c4ba-40b4-9802-22d51158a230,2023-07-18,Facebook,Like,Positive
2fb831c7-4ce9-435b-959d-3f69e179a6bf,09f972c2-cfbb-4c84-b228-deac3ca509b5,2023-10-22,Instagram,Like,Neutral
51bdd78c-efe1-46e6-8155-fb9677e935aa,fc582e9e-a0be-4439-b08c-25f5b64ba0cc,2023-12-06,Twitter,Share,Neutral
eb4b107b-ae16-4ee6-a079-62149dfc21aa,655af41f-5368-48b8-8164-86e54f24703e,2024-05-03,Twitter,Comment,Negative
9cf92a6b-b9da-46ec-bf56-0ea2c9255bda,fc7a2819-0f5c-4632-8fbb-6057dc56b7d0,2023-08-23,Instagram,Comment,Positive
eb8bb3ce-e182-4a9c-8084-c55c738815e1,5349b4db-84a6-4d48-8c8a-42a8f9bca88e,2023-12-27,Twitter,Comment,Negative
21cf893c-6a1b-4d6b-b7a1-3650ab036955,7f14a66e-272d-417f-ac25-87f65dc7568b,2024-01-06,Twitter,Comment,Positive
404f9aca-5c0b-484f-a4ec-65ef1b401718,20fb41ec-2fe4-4ead-a810-4bb1519b6b9c,2024-06-12,Facebook,Share,Positive
a182297b-e38a-43a7-bc51-572645ba843b,5777da7a-90c0-45ac-91d0-3ea08d067426,2023-12-04,Instagram,Comment,Uncategorized
981deb70-b1e1-4d06-a2b3-489bec80c7e9,8d271390-28ff-4db5-901e-d4a1f797827d,2023-10-09,Instagram,Like,Positive
0f5a8d28-2ddd-497a-a2e0-74a80c165a91,69c19777-4eff-448c-a069-fa6af6a39185,2023-09-29,Instagram,Like,Neutral
98d7dfaf-a429-48a1-bc52-7369193279f3,6db31329-ee48-4328-896f-267850c959ed,2024-06-11,Twitter,Like,Negative
7289ad73-9e4b-448c-86f4-04f9583618b8,da90af6d-c8bb-451c-9a7b-21304f7d3d87,2023-10-01,Facebook,Share,Neutral
eb404291-dab0-4733-b0e2-00676e7678a1,653d1da4-21c1-4b80-a0a1-da569d5053fb,2023-08-31,Instagram,Comment,Negative
cd945724-5b93-44bc-8921-ad0c41af8ec1,550f5981-e99a-4fac-938d-9e4f447de886,2024-05-07,Twitter,Comment,Neutral
c12c8d66-3979-45bc-85fd-780ac87f19d9,5cd0d43d-9442-435d-9fff-54c8eb495bea,2024-06-02,Twitter,Like,Negative
24fce394-c68e-4c04-b884-393a6662dad7,f7e0e3fd-c7a5-46a2-a70e-130d7a2a8153,2023-10-07,Facebook,Comment,Negative
ca6727ab-9c8c-4fb7-8b7a-d6f0adf8dfa1,dcb6e295-b4ac-4121-9c1f-6abb46b5574b,2023-10-02,Instagram,Comment,Positive
32948729-ea9c-4a4b-95b5-e1e840f8dfe6,916d9ea6-8834-4a0c-9c18-d0af3c084b57,2024-06-26,Twitter,Share,Neutral
907c77af-245a-40dc-b8d2-9303993bcd81,5fbd5a02-93e7-41db-b2b9-42c10911b556,2024-06-11,Facebook,Comment,Positive
752b75e6-82bf-4f8d-9e9f-a46ebf4e7e03,19d265e9-b1f1-41d4-9b1d-8682410af437,2024-02-07,Facebook,Like,Uncategorized
d809597e-df4a-45f5-aa75-fbb76b0218aa,fed062e2-f11f-42b5-944a-929f4bba0f3e,2024-01-30,Instagram,Share,Positive
9d25a4c2-9323-4df8-ab97-dbfdc89c7ee6,207005a6-0498-483e-925c-7041f9e415cc,2024-06-14,Uncategorized,Share,Negative
e7ee4a4a-1be7-4b2d-a019-0372f123f611,3cd73cca-1e9b-4c44-8510-64ed251f49d4,2023-11-07,Twitter,Share,Neutral
47ceaec3-7419-4dbe-9206-8452b16bb61e,5815773b-fce6-4b74-8747-6ee9ba9ffb2a,2024-03-19,Twitter,Share,Positive
e39c6523-d929-4d94-a978-ef4ea3e69bbe,ac9f0551-a7a1-4e64-8942-88955bd527b5,2024-04-19,Facebook,Share,Neutral
1fc78651-b7b5-4637-b42f-bc2725e27946,9928f2d8-1906-408c-a7da-ce9e508eb600,2023-11-24,Twitter,Comment,Neutral
9f6760d0-6b6f-4ed5-88da-74787fcfa14b,19288eeb-6660-4815-8dbd-43a072e310e2,2023-10-29,Twitter,Comment,Neutral
1efd2bbb-8e56-40c4-a829-f64a1a08e7f4,910c4462-ea99-41df-98bb-cad4364b7885,2023-08-15,Facebook,Like,Uncategorized
9e85fb2e-f7af-4338-9b2e-0b900102405c,83700ae7-6b30-4953-92d7-8897e1cc3c6f,2023-09-19,Twitter,Share,Very Positive
996dc968-4b6e-4dd5-ab98-e69a88eaca15,fd5d52a8-0eae-4ee9-b356-a5697f181e9e,2024-06-23,Instagram,Like,Neutral
bd03c9f3-3c08-46af-a30c-e6291fa70cb5,1d7435b0-fc55-4d54-b1e1-e610b4adb16b,2023-07-20,Facebook,Like,Negative
8a7e010b-b3d2-418a-bc81-bd16f3432366,9ac99594-3e58-4b1f-a405-a331914de685,2024-05-03,Instagram,Like,Positive
abe35338-baa4-4cd2-8272-e0eb4d05c39c,e28e1ef5-ed17-467c-be0b-b453085674a6,2024-05-20,Instagram,Share,Negative
18e0f708-ed9b-4902-ad9d-968209ce021b,00f73a75-2598-4397-8615-a73eb09e719d,2024-04-22,Twitter,Comment,Neutral
41d08007-2bf4-470f-ad2d-97a972abced6,49e89efa-9c30-4f93-b7ea-4138469ac455,2023-12-23,Facebook,Share,Positive
e7d0e7f4-7335-4b2d-9741-1d6113ec6234,71630c3f-ca34-4b05-af31-772b31f64649,2024-01-14,Facebook,Comment,Positive
54c10762-4c2c-4b9a-a602-d0069520ab2b,1c28fcb7-81fc-462c-a0a3-785f00070cd7,2024-05-03,Facebook,Like,Positive
c2c93273-8204-4385-8dd5-a277dc51989f,5e48a056-c6e1-480b-9afe-4a90ac1f687b,2023-11-02,Twitter,Comment,Neutral
ef341627-301c-4502-9ebc-a7d1ea8bf37b,ae0978fd-346d-4341-8efc-0fef11fa09f0,2023-08-24,Instagram,Share,Negative
9c52add6-d6da-42b9-be78-9a5d2d771aec,78fcd0e1-3a25-4c39-94e4-071f13eebedd,2023-08-27,Facebook,Comment,Negative
51c78964-918f-4a61-a53e-44e5a8dbf5d1,6f91738e-2b71-4c7c-81f3-608a76c44ccf,2023-10-27,Facebook,Like,Negative
eee4c0b3-21d6-47ae-8631-718341d97a86,41fc8a19-98e1-418f-a250-a41c4b2d2568,2024-06-05,Twitter,Share,Positive
db354959-55a3-4dbd-aa69-2c0885adb268,152d62f3-48b4-446d-89b5-4d3c8901c199,2023-08-03,Twitter,Share,Uncategorized
885582df-3468-44c9-b92d-ea9d8396b962,433aeba5-746b-4ccd-8bae-42eb80203955,2023-07-11,Facebook,Share,Uncategorized
8af27e3e-6225-43a1-b3b5-9a838531c97c,dd79b1f9-00ec-4e49-94f2-dacc6b5fdf19,2024-06-12,Instagram,Share,Positive
473f3b1f-2e0e-40a6-8917-b3aac5296a01,c7c6fd17-1255-48fb-8c11-3697606c0296,2023-10-24,Twitter,Like,Uncategorized
c6747843-6a62-45f4-9cc6-c9cd85a67a81,3b7a3729-9dbd-4ab3-9f9b-fafca703b7cd,2023-12-17,Facebook,Share,Neutral
e8b4797e-90c9-4e6c-a859-c57df6254514,ad0dbd00-07d8-46f6-9f6a-5d9bd69b8eee,2024-01-27,Uncategorized,Share,Neutral
33410797-fbbf-4d7e-ad1b-db2544d1b122,ca8bb92d-bc8a-4be0-bfef-306e4dee4f39,2024-02-26,Twitter,Like,Negative
4c15fab5-9db0-45c1-84e1-ec0829328556,727b0c20-14be-47fd-bda2-576a19adcd0c,2024-04-10,Facebook,Comment,Positive
913dfe6e-4ed1-4a0a-a655-6e2be550593b,1ce0a641-bacd-4f6b-b3aa-68ee1ec71204,2024-03-26,Twitter,Comment,Negative
3641a6cf-cc5f-4ad3-85f7-9d1ea1ad4935,ada64e49-5d86-423d-b962-695d95aa0c48,2023-10-15,Facebook,Like,Negative
4045223b-67b5-44b7-a1fd-81f5c181ffd1,3c9f281c-19a2-4ea3-ae0a-0205b892d3f6,2023-08-12,Facebook,Like,Positive
740d0a3a-23f3-4417-9357-f4f26a4c9a62,afed45b2-ebe6-486e-84db-55d806a063c1,2023-12-29,Twitter,Comment,Positive
353fc984-29a9-4f77-bcbd-fe14b9c1d1dc,5c6f4a9e-b37a-49e7-9ce3-03d10a604340,2023-10-24,Uncategorized,Share,Neutral
999ad741-dfd2-46fe-afcb-7d1a3347c5c1,f23b6e7a-69c4-456a-9fec-2d8ecc97a655,2024-03-16,Twitter,Comment,Negative
643baf74-7e23-45d9-9cbb-187705c442fd,c0b3737c-a785-42f2-8afc-10194647ea04,2024-02-22,Facebook,Comment,Negative
b24820df-3291-4d4a-a057-0ae7025072aa,d488ef9b-98ae-4bb2-8de5-44dd74ff8fab,2024-01-06,Twitter,Comment,Positive
a1487b99-07e2-4e06-b590-64d85a00c9c3,b8a5e5f0-5b22-4cc5-97aa-52e3cc037cc6,2023-12-22,Facebook,Share,Negative
f3860788-84c6-42c7-8431-02cefd4dfb93,0601b176-120b-4009-9d98-e47a850cbf70,2023-10-29,Facebook,Share,Neutral
1019ccad-cf57-45a4-935a-55a717cb0b19,6fb52d22-b1e7-4892-a031-e71a7d4aa56c,2023-07-11,Uncategorized,Share,Negative
1256edb8-f10f-451d-91c5-1e525b23ff5d,5503f682-921b-4f72-bf23-5e0a7b424ee8,2024-03-18,Twitter,Like,Negative
6c5fd8b1-191b-4c4e-9940-63097bed25c5,c3db5e0d-ad17-4d5a-b011-435d197a8614,2024-01-05,Uncategorized,Share,Negative
498daaca-dd10-4fa0-8dd7-357f8543590c,78c61be5-c516-4ee0-b26b-71ff0d9060de,2023-09-01,Twitter,Share,Positive
08995799-8d0f-40d6-986b-452074709b5f,59b5776e-47c7-4478-aaab-f5c80d0017be,2024-01-05,Twitter,Share,Negative
ed5dc22d-7406-40bf-a647-e880e75bdbdd,63ef7c3a-f3c3-4be3-ae83-df1189269fb5,2024-06-10,Instagram,Share,Very Positive
3fbd3807-6610-4588-aa7f-fba7baaf308e,037a59e0-b6ce-4509-9ae9-34abed6b4aca,2024-04-06,Twitter,Comment,Positive
9243eebc-938f-480c-8564-16d503d250de,dcbde36b-7cfb-4220-93da-86427662206f,2023-10-18,Instagram,Share,Neutral
5be24c07-9b89-479a-ba96-5edb10b65b3d,0ca5b2b5-2c7f-4ecf-88d7-30f7857efde7,2023-12-04,Twitter,Like,Positive
060cfd42-8d99-4264-aa27-e8d0b537e207,faefffa4-3e33-4bcb-ae95-d4bf1fea4dea,2023-08-28,Facebook,Comment,Positive
38d9b383-17dc-41b5-886b-f318487d67a4,df0d3cc2-3565-4c64-a44b-7737655dc65e,2024-06-25,Facebook,Like,Neutral
113007f8-af2b-4c35-8396-b01ba2f41762,6bdb07c9-088a-48bd-aaa0-fd4aeabd1e64,2023-08-22,Instagram,Comment,Positive
ef341627-301c-4502-9ebc-a7d1ea8bf37b,cc9da885-489c-4bc5-a6be-8a904fa61c70,2023-11-18,Instagram,Comment,Neutral
59e1ccfe-8f67-4f2c-8e4c-f1483df35ae8,b386be23-0455-4bda-a834-8b8cec80b5c8,2024-02-13,Uncategorized,Share,Very Positive
6fc9f0ec-7c57-48d3-a613-e717798ddf39,a0ce16bb-c57d-45ca-9c59-4bfdd24e0cf4,2023-10-17,Twitter,Comment,Positive
0319aa2f-f571-4a05-8947-bd9c7e4ac2ee,d3a83304-4a0a-4b84-a924-8fc6aa050682,2024-01-30,Instagram,Share,Positive
9866b7ec-4394-4a83-b3d2-b56182c0758b,a122f279-ce4d-43fd-8b26-c8287c314518,2024-03-01,Facebook,Share,Positive
4ce980ee-f71f-4d5f-9fae-d097c78785aa,804b5ef1-646d-44c2-a27e-b4ee4ee2c397,2023-09-25,Instagram,Comment,Positive
4622bc80-2db4-4f97-95cd-8f8e4c970f9d,3bdc8813-8e11-48f8-9d4e-1a14e84b0ca5,2024-03-28,Uncategorized,Comment,Neutral
52aafd4c-f409-4dac-a4d3-92d3d40b2f06,8c80b1c4-379e-4491-8c32-85f55dc0193e,2023-07-22,Facebook,Share,Uncategorized
2a61ddd6-e8be-4d46-923e-3a7bc0bf905c,1e415723-938f-4672-ab06-db20d2eaacf5,2023-07-31,Instagram,Comment,Positive
9e99f76d-1daa-44b5-89df-85554e334b59,562d0806-43d5-4826-b12b-7a2f41eb895c,2024-05-20,Instagram,Share,Positive
7d7f14ea-53a3-4bd8-885b-ca6973b32df5,2f0fb501-92d6-4c45-a49a-1076e16fa86b,2024-03-12,Facebook,Comment,Negative
e8a5fdb8-fcd9-450c-9635-e376266c8bcf,07269016-cf56-465c-aaef-2412210455a2,2024-01-01,Twitter,Share,Neutral
60043349-aca0-4f92-987b-8888e8985f78,4e0f4ede-19dd-444f-afce-37aebf8a09ca,2024-06-27,Facebook,Share,Positive
d8c44a32-d7c1-4ede-aaaa-2ae1c1c65534,0d218d7a-98a5-4bde-bc53-26777dcbe496,2024-02-05,Twitter,Like,Negative
0d5f73b8-7cc5-41ac-87c0-6df5c741ff8f,a8cfee79-a3c4-4829-9c03-1109b21630a5,2023-12-31,Facebook,Comment,Negative
e6905fa6-1d8c-4a97-bf98-587d6ab42f3a,344cfe90-efa3-42ca-9941-9a5e85f11108,2024-05-09,Instagram,Comment,Positive
d45f2c3e-51ee-4f18-b761-b61a73fb8306,e4a19f19-9a4e-4981-82ba-e7a3b4216a44,2023-08-15,Facebook,Like,Negative
c523a06d-69e9-48ab-9604-a060d44f8aaf,0a0e169f-c64e-446b-a1c6-a9bb82c44e53,2023-08-12,Twitter,Comment,Negative
d06373dd-8d92-4e7d-8329-c4ce400b0d42,297c9a08-b7bf-4514-834e-b1bc756157de,2024-05-29,Twitter,Share,Very Negative
6a4fcf07-d4f6-44cf-9d47-ddae1917f808,855c3a18-2315-4c97-ad4c-fa7a33aed88f,2024-04-15,Instagram,Comment,Positive
3828c289-6aa1-41e0-94d4-10d24539c9de,4b01bcdf-e1da-4a61-a02a-9bb5393e4d65,2023-08-10,Instagram,Share,Neutral
89432125-8fd0-4b2a-a3c6-4f2e6f8ddc64,ceeb87a6-10fb-4613-9e26-2c3ef6bcbc46,2024-01-25,Uncategorized,Comment,Neutral
f295375f-e649-4961-9cd1-6104411c00c8,3b515be4-06ae-4b6a-bbad-aff31696bc5e,2023-10-24,Uncategorized,Like,Positive
b0099c65-5803-4c0e-9747-44f2ea1157cc,151763b2-1bc7-4d1b-8e57-54353cc35865,2024-03-03,Twitter,Share,Negative
b0f6482c-2895-48e5-b17d-76f51f537dec,154c9dd4-5148-4b44-904d-dddf96ae02f4,2024-03-28,Instagram,Share,Neutral
e9cae5d3-0e6e-4f3d-95db-26bb00753913,ef05f196-ed47-4f5c-b0df-5a54dbf8363d,2024-06-26,Twitter,Share,Neutral
142d2fe3-3958-433b-a163-3899040ab178,4382e34f-f221-4710-887a-36089ce8aa1a,2024-03-12,Facebook,Share,Neutral
ba0181c9-c5af-44b3-94af-81bf63fac5df,48c2fed8-e621-4d00-ad1c-e6956cb9c926,2023-12-23,Twitter,Share,Neutral
79fc606a-c02c-4c39-b065-3e88a59b366c,7e336d96-2cf3-4110-8ff0-41821a9fe835,2024-06-03,Instagram,Share,Negative
b8749ac7-628a-4fc6-81f4-8fd885fcca3c,030050e9-dfa0-4cb2-bfd7-bc19cdc46dc1,2023-11-14,Facebook,Like,Negative
70a64f68-8300-40b7-9d3e-932bf73ba7e1,dc38f6e1-0737-4583-a471-8f614ea836dc,2024-03-07,Instagram,Like,Positive
577fcc56-95dc-443a-9289-d12614f5cea3,9102f40b-b129-443a-93ae-84173b5d2a6d,2024-04-30,Facebook,Comment,Negative
2e0c9398-4399-4363-b1c6-d8bcde053c2c,cc8da5d0-a8e6-4c22-b70b-90788daf719d,2024-06-19,Facebook,Like,Negative
c510c51e-77c1-4e2e-901c-b24996c6e3f0,c28a9163-eb07-40ec-804f-79c21506efb9,2023-07-25,Instagram,Like,Positive
b0180e7a-16e4-45bf-a417-0f2f5ca442bd,4100beb8-81a4-4da2-b006-ddedb08de01b,2023-11-20,Facebook,Like,Neutral
da210b8b-9cc5-4076-8f5f-597c046ac00b,19c7bb3b-f0a2-49ed-8903-e292e5bb81db,2023-07-31,Instagram,Share,Uncategorized
58efacc2-449b-43b7-b0b1-eac8fc45e75e,8dcb2d3b-cd58-44b7-889e-15fda85a20b7,2023-10-25,Twitter,Comment,Negative
a64aa6e2-be56-48bd-87b8-f0c903a77bb1,9f358b3f-27d1-4e78-b6b7-f0b8e13a810d,2024-02-27,Instagram,Share,Positive
8036eeba-6f8a-4859-a21e-16f4c29cfa3d,63f5e220-5dc2-47ad-bd19-88ef8ab21b24,2023-12-27,Twitter,Share,Neutral
dd1f3738-50b7-49a3-b369-8944f15ecba0,3894f3b7-4902-47c0-a6bf-3cac72bf784b,2023-12-10,Facebook,Comment,Neutral
fe652a6b-df5d-4a14-99e1-3d1bc3d4aba9,b00d34fa-80c7-4f3b-b214-597046a92908,2024-03-30,Twitter,Like,Neutral
b779c476-9543-44ef-b23e-72fd407bb706,eb6770aa-020c-43ab-a61d-5991cef71a51,2024-04-27,Twitter,Like,Negative
c2cd346d-faf1-45eb-a8d4-bf9db1d19c9d,3a12f545-edeb-4c51-b925-518744f7fee6,2024-02-16,Uncategorized,Comment,Negative
86d1b8e8-2777-45fa-83d1-b0d08dbbc476,da5768ad-8cb3-404d-9d6d-ff2192495a4d,2023-07-31,Facebook,Share,Neutral
be291608-29a5-4143-a9dc-701f91ea3952,3d1483ce-f88d-4de3-85a4-547bd7e096c8,2023-07-11,Instagram,Share,Positive
4824bfa4-0e82-461c-a6ab-4b79b8b3ee39,64890204-ab87-4b68-89f6-e41c78f394d4,2023-10-11,Uncategorized,Share,Positive
78959de9-ab6b-4b1f-9eba-2bc0514fe606,0c0d19c8-2e83-4597-a1ae-886a3919ee7d,2024-05-10,Facebook,Like,Positive
59ea89e2-a155-4538-8981-9705c6f451ab,04255677-2960-486c-b67f-1aed25fd125a,2024-04-25,Twitter,Share,Neutral
389c7152-4e0d-46bb-9d72-d3382177b982,afefbe46-6b1d-41b1-9684-8255dfbab523,2023-10-14,Instagram,Like,Positive
3b32ed47-3244-4a99-812d-71a70d88434b,c110f628-1791-4cd1-9916-3377bd8249f0,2024-01-25,Twitter,Share,Neutral
5956fb3e-5c6e-4c17-ab6a-99d5847768fb,9222b0b0-1cea-4d37-b6ba-c1d7c5a9d58b,2024-04-18,Facebook,Comment,Negative
5295b804-fb7e-4dd4-bb76-a0e1a79841c1,40e1f817-d6b7-47e7-be91-d475dbedd6b0,2023-12-01,Instagram,Like,Uncategorized
f95546c1-e96f-486a-ab84-ebb048198b4e,fbefe509-2379-4b99-89e4-5fc1f4fdafb9,2024-01-30,Instagram,Like,Negative
5df6565b-75c4-4064-b0ce-cd524980b947,69c07b84-e586-4451-b567-d3e2ac3e7ab7,2023-10-17,Twitter,Comment,Positive
59f8afe5-173b-4e52-b641-f98183f1a891,294b5e29-e0c8-46fe-bae3-c63e81c26a15,2024-02-01,Facebook,Like,Negative
43d5ecb1-2850-45a0-b765-cec175e0030a,bc6222f1-8d57-4af1-b434-941d2d6c01c0,2023-09-06,Twitter,Comment,Neutral
6a2653d3-dd1d-4de4-99db-2930e2edc06e,1b664834-a366-4bdf-9b84-06b53a1451b0,2024-03-08,Twitter,Like,Positive
a64f3f8a-fcf3-4c3f-a8df-0abfbb05ac11,221f2480-0087-4f08-9b57-da10488857cc,2023-07-05,Instagram,Share,Negative
12dc6fed-c847-4040-93a1-dd00eb7ccbc0,9c56ffce-209f-48fc-b3ac-1c3840c83029,2023-09-18,Facebook,Share,Negative
6b2f8f03-ab9e-48a6-a07e-10e794b04fe0,c2a24e20-e5ca-4034-a8a0-49a2e42aab9b,2023-10-06,Instagram,Share,Neutral
1662e025-dc0e-4ab0-8728-cb90e85bfdeb,454b7683-6a8f-4372-849d-c0494cb82c8b,2024-03-16,Twitter,Comment,Positive
1b6db98a-776e-4370-9d8c-f77a5ccc26c6,84d761c9-d058-44c8-b298-bd0365f781bf,2024-04-07,Instagram,Like,Uncategorized
17bf453d-4dd4-4055-b398-940a4b52edfa,11a6765e-33f8-42cf-a9fd-ea3a0f40655d,2023-08-25,Twitter,Share,Negative
860003c0-809c-439e-b704-f8648809e396,86642d8e-4495-4fe6-9601-000a32e5c19a,2023-10-15,Twitter,Comment,Positive
c2dfeabe-5bc4-4013-838b-3a34ec97efad,3d8a627c-843b-4e98-bd07-ffcb365ffeca,2023-12-01,Facebook,Like,Negative
87b396df-5a80-447a-8bb5-4dbcec4f9a07,284f6b6e-5b18-4171-bb04-6e316a99efdc,2023-08-13,Facebook,Share,Positive
6fa9f01c-09f8-44fd-8e18-51ca4f3921bf,3c3e5355-bd9f-4b69-b44f-5410f7e7c8cf,2023-12-19,Facebook,Like,Negative
39c6e7d2-6c4b-44c0-8961-ddc1ecbdb0c6,8ecb5e35-5841-4510-9e95-cc45caeafc79,2024-01-07,Instagram,Share,Neutral
4c95e2ed-ec52-41cd-8258-01910de21d71,94c05bbe-671f-4105-a3f3-7f8987248636,2023-09-20,Twitter,Like,Positive
4e2d8d82-8597-4dcb-85b6-c530f56d708a,52b0669b-3b49-4b08-b3a7-5659661f1bc0,2024-03-29,Facebook,Comment,Negative
f2fa85fd-89ce-488e-bbdf-4535ae78da25,34044a0e-67d3-4f86-94da-3bf7d50b2a4a,2023-10-23,Uncategorized,Comment,Neutral
ae5de45f-10a2-455c-bb2a-dfdb8564b4d8,f95e04c7-89e8-4505-9007-1a798fdff25a,2024-03-21,Instagram,Comment,Positive
ca645b4d-28a4-42ec-99a7-8000d38bf2e0,a101cb0a-55c9-4e57-9067-ca69c30c0403,2024-01-18,Facebook,Comment,Uncategorized
e0e7fa30-922d-4ca1-9468-436799db36fd,dab1d2d6-d5c8-4b5d-b2f6-1633b3b4ef89,2023-12-03,Twitter,Like,Neutral
d2e3d880-ad46-4673-a37b-53e0a6c436bf,e994097c-a7be-47de-8341-17883645b630,2024-03-16,Uncategorized,Share,Negative
39ff9fd0-cd8d-4f6d-9ee1-982ffabe382b,713fdc59-21f8-46bb-80c0-d099125518bc,2023-07-15,Uncategorized,Share,Neutral
9c0749f2-1449-4541-8113-7b1696f50c6b,c708be5c-2b5b-4afc-9f44-89325c3a2ec6,2023-12-21,Facebook,Share,Neutral
418354d2-ebb2-42d4-b789-4bea92bda55f,cec08aa8-408a-45b4-a9ce-123812157ca1,2024-01-20,Twitter,Like,Negative
885582df-3468-44c9-b92d-ea9d8396b962,4b721af0-7ce9-4b94-8182-2b70048d7436,2024-02-16,Instagram,Comment,Positive
9b756f15-797c-4adf-b0cc-25d501a7e4fb,db2b69bd-6d29-4049-9e6c-17efa3fb8999,2024-03-24,Instagram,Like,Uncategorized
8a5849f2-1fcb-44c7-a90f-e16023c0465e,96c68063-04c2-4ce6-9048-3878726c3d13,2024-03-25,Facebook,Share,Uncategorized
8f60f9a2-af9f-4d34-9b31-1b572d58b17b,dbbee982-601d-4a1b-ba62-83b4be9c204a,2024-01-01,Facebook,Like,Neutral
697d1b30-060a-43e3-98c6-2a9857faaf7a,7ab20c76-349e-42d0-9ebb-d49f22cee525,2023-10-04,Twitter,Like,Positive
5b926605-fa21-4bd0-aba5-1918d14c6bf8,da41979f-a906-4705-8d2f-51d792de078b,2023-09-10,Facebook,Share,Negative
8d435ee0-fa33-4553-880a-e26511ac3921,3d5572e8-d113-4df2-85b1-0798a67194dd,2023-07-19,Twitter,Share,Negative
06d90ad7-f0cd-411b-8dc6-2b3132fe42d8,8f2b1141-212f-4295-82dc-9c5963c10be5,2024-05-04,Twitter,Share,Neutral
22e1b1a5-34cf-4022-9313-484145b714ab,939d85fa-a998-49e2-a556-d4bed570d0ee,2023-07-27,Instagram,Share,Neutral
144c5526-0f5c-4898-a22d-6c53ea6be509,9c8b50a8-52d4-4f19-910f-06f6ea187967,2024-05-27,Facebook,Comment,Positive
c5214293-3313-4a25-96b2-625af9e94e49,5ba09863-639e-48e8-bbc0-d0f0c89c17d7,2023-10-18,Twitter,Comment,Negative
56955d9a-88fc-4100-9d6b-1ba2eeca54e5,1d2d2ece-f0da-4b99-b357-2b9406c1a2fc,2023-12-17,Facebook,Share,Positive
9f1b18f0-4604-48f0-a446-9aae406bb584,f1507756-d586-4180-ad7f-f391567a39d5,2023-09-24,Twitter,Like,Neutral
38d746bd-c227-416a-aa28-610ffd379e58,67ee1a82-1860-46f3-bec9-e7b7e5462d9e,2024-04-07,Uncategorized,Comment,Positive
48ba61eb-1ce0-43ae-88ec-82a11872e1f3,ddb0c29b-8bf0-439a-9a1d-f0077c525b5c,2024-05-29,Twitter,Like,Neutral
ee972091-d003-40cf-a3db-0e629d3c316e,f5217724-76cf-41f0-83c3-804880010fab,2023-11-14,Facebook,Like,Negative
1662e025-dc0e-4ab0-8728-cb90e85bfdeb,f80a84a6-a477-408d-ac1c-811fc5d04eb0,2023-09-15,Uncategorized,Comment,Positive
6c004b13-ff57-4693-b720-b72958029b20,dff9b5c4-0e20-40b8-935b-cb12f7d5680b,2023-08-20,Twitter,Comment,Negative
20bfca97-9a3c-4e4d-894b-ba1870281072,1b8186ce-9262-43bf-adee-e3030b9aeb5a,2024-01-30,Twitter,Like,Neutral
14ae708b-187e-4848-8371-b452194722af,aad82a8f-9068-4a02-af7d-cbf94ac9bb11,2024-01-07,Instagram,Share,Negative
7eb7f7df-9b0a-416a-829e-bcf4d8bd57dc,79fb3f40-e027-43be-97b4-aca32e27b7c4,2024-06-01,Twitter,Share,Neutral
306b1117-5749-4c99-bde1-62b0c65307a6,84ed105e-7c56-4fdf-8cc6-e236bf515cfd,2024-02-27,Facebook,Comment,Positive
1c0a6902-727d-4b3a-9019-ff8a4e6779cf,2b7e6bcc-6817-47a8-a930-e2e17ccd0c97,2023-12-17,Instagram,Like,Negative
0d5f73b8-7cc5-41ac-87c0-6df5c741ff8f,d41720e4-b0ad-409e-be85-00214eb84d28,2024-06-13,Twitter,Like,Negative
4d20c2b1-2f8a-4066-902c-bd068c2adccc,31a67661-5cfb-46e7-b533-8b9dcce95bac,2024-04-07,Uncategorized,Comment,Positive
d8ed673b-8d73-49a5-aa5e-ae50b2113777,bb964f28-81c6-4b7d-a0fe-0595f78681cb,2023-11-29,Twitter,Comment,Positive
240b78f9-8532-4b9b-800a-14a47b658404,4f67c98e-d612-49d1-8531-00814544d1ec,2023-10-07,Facebook,Share,Neutral
71d8ab24-0827-437d-a3cb-0abf7a81061d,6af1d8a5-e536-43e4-b5c0-bbc366cfb9ac,2023-08-28,Twitter,Share,Positive
a3efade0-9841-40a8-9c00-0968581d608a,b877617a-0309-47d8-a70e-d587d6a6720f,2023-09-02,Facebook,Share,Negative
6534afd4-bd7d-4e8c-a2e2-2986fc764bed,fb98c344-067d-48b8-b200-f5ebf6871244,2024-01-15,Facebook,Like,Positive
059e4737-de23-4d2f-a6ca-0b178977ca2e,ebdd04e9-2ef6-4c60-82c9-15779db3909f,2023-11-28,Uncategorized,Share,Negative
a194ec8f-3ff6-4c4c-a9ab-bad2c4c4871a,4f89d0f7-8ba8-4298-a54b-8033a326b38c,2023-09-25,Instagram,Share,Negative
e5a303ab-3074-4c9a-b49c-8ac71ae1c9c2,b02ab924-cec1-4b1d-9910-bfbb1fc050ec,2023-11-08,Instagram,Share,Negative
cb968037-1e4a-42c7-8d2f-3eb0b27b5295,f710e518-865a-48f4-bf9a-b8d6fc701d67,2024-05-18,Facebook,Comment,Negative
8aa6b122-fcd1-42a8-b4ad-d526bf397551,ec9c30be-9f13-46b9-878a-6c49afb57c6c,2023-12-30,Instagram,Share,Uncategorized
cc2f3ad5-feb0-4b90-a3b6-83cb5d2146eb,646b579d-16bf-407d-ba4c-86fd9127e88a,2024-05-15,Facebook,Like,Neutral
a4a6c9aa-bbbf-4155-9100-4f770078551d,d12bc0ba-161b-4cfe-bf85-d1a881952194,2024-05-18,Instagram,Like,Uncategorized
520cab97-4786-4b65-b40d-92d3e6f79e0d,016a701b-11cc-49f2-961c-6211391f3ac5,2024-04-20,Facebook,Like,Negative
bee79853-c1ce-4da8-89d0-e36c93828c1c,711161bc-f228-44a9-bedf-3c2df2b423c6,2023-09-20,Instagram,Comment,Negative
6f4e2bbf-feb8-41b0-b542-e5d434c8e6d5,aa6e8460-92b2-4e59-9bd2-2b54dbdb0805,2024-06-21,Twitter,Like,Negative
077936e6-6556-434f-9494-e5d671b6e71c,57245b5e-d9ae-459e-a488-e53a66106389,2024-03-04,Instagram,Like,Positive
60e5552c-51f9-4d7a-b90d-5ac4a5e1756c,ec1945ce-31ce-4fb7-aff8-510b6381925f,2023-11-04,Facebook,Comment,Neutral
b0ce5c86-420b-4bc6-be06-02814c3feb2f,5acd1950-9ef0-4e7c-9717-f4efee0a6eba,2023-07-19,Uncategorized,Comment,Neutral
19b49713-09a6-48a7-a032-8c2a0cc3812e,3a0849f6-b2b7-4b51-8c0d-2c8c43241add,2024-03-03,Facebook,Like,Neutral
0ad25f2c-6c04-4af7-8672-475375387a4d,60fbb99b-bc99-4f6d-9a68-ea80a0746ac5,2024-03-21,Uncategorized,Comment,Positive
a39d48bf-a98b-4846-924e-cf1c0c65bd63,254267e5-e790-4218-953e-c150b9eb82a3,2023-08-22,Facebook,Like,Negative
b66935bc-453f-4947-86e6-92d2e1d52872,d9d2429a-d5c6-410a-81e1-e028e0895639,2024-03-11,Facebook,Share,Neutral
066b48b0-e451-4a6b-9f1a-c4c8e6ce3c0b,458bb689-2e55-41a8-bb95-6575805ef46f,2023-07-21,Instagram,Like,Positive
939cf2d9-6764-404e-8ea8-ea5d283c3b8b,390468a7-089d-4a85-921b-a27cc573a804,2024-05-05,Twitter,Share,Neutral
2b5a0696-93c9-4ae1-b314-ba7060bb6d50,84b963e4-6373-4aa6-9f8c-71f3609d1ee6,2024-05-02,Uncategorized,Like,Neutral
1dc5f546-688f-4243-9999-9549cac9068b,36113542-2d34-4e07-8fe0-df3e176ffd12,2023-07-26,Uncategorized,Share,Negative
c0bac7ce-a529-4c71-912e-fe63f475b8e9,e2861583-62b6-415d-9f90-e3762a0b2afb,2024-05-17,Facebook,Comment,Neutral
454e8612-79c8-4ef6-96d8-c369d6f50825,c73dd283-66eb-4cfb-ae01-46411f5a7a1c,2023-11-30,Instagram,Comment,Negative
505f098c-bcd0-492a-b421-032dd423e894,3c702d94-c8f5-4f8c-aecd-0b4bffe9e08b,2023-07-07,Instagram,Share,Uncategorized
fa7d31de-04f7-4c22-a723-2cdb144c55d7,e8879f9a-5c26-4651-87ca-189f139016c7,2024-02-19,Instagram,Share,Positive
835384f5-c976-481d-8961-cc827dc62c6b,c4445be6-3fc8-45b3-8647-011b6cd06c1f,2024-06-18,Facebook,Share,Neutral
fa4c97fc-4a9f-4857-969e-ea9528b2792e,590dea0e-f58c-4887-adc0-ea0a668222e9,2024-03-01,Instagram,Comment,Positive
95f9b3a5-f108-4cd4-9887-97e9f01e36b0,da749d93-2239-4a32-a4bf-4a2f53b2453e,2023-10-23,Uncategorized,Like,Neutral
9047570a-6d08-4ff0-8e07-9009d87ac90b,58a3eb9d-5127-412a-9db5-b582661d91b9,2024-04-05,Facebook,Comment,Positive
f603932e-b69c-434a-a986-e317ac9bc0fc,00885b23-78a5-49d6-864b-25862fc48c6c,2023-09-26,Instagram,Comment,Positive
7617f0d0-1006-4e72-8d8f-8135611236b1,2b2171e6-453a-41a1-9a0c-5a430524e318,2024-01-31,Twitter,Like,Positive
f3606f64-3f9f-4758-bd59-c9424f0d8028,0d6a98ec-7595-4e8c-8d9d-8a94d7c513f3,2023-08-17,Twitter,Like,Positive
9223891b-73ff-4d5c-b8ae-13ece82ee28b,df9b66ed-008c-4484-9e9a-83ab83206287,2024-06-29,Twitter,Like,Neutral
f60d8a18-c1e3-4db1-9a6e-892ac22d3c35,a82bef7c-ed90-428c-8e65-cdea9a62c2be,2023-12-02,Twitter,Comment,Negative
6e3501d7-cca4-414b-9ae0-c02140179fbe,1380828b-02f0-46d2-820d-561b241e0364,2024-06-01,Twitter,Share,Positive
03d6d674-5310-4a05-ab0b-8cfedc46a1ab,c852216a-3857-4fba-ad6d-325a12a7ddcc,2023-07-28,Instagram,Like,Negative
ce5cf079-859b-43fa-9609-c6bb7e12c6b7,0c3ed7aa-7938-4363-b278-88ceccf756ca,2023-11-05,Instagram,Like,Neutral
f0c55dc8-d7f6-481d-8992-af3ce9453a51,6f0b3d62-2b76-407e-9b24-e63c5a2eeda3,2023-07-02,Twitter,Comment,Neutral
2f61e9ec-bd83-49dd-a0c4-2eae5f4ef41d,c741958f-ee36-49b5-9c1b-0b2f1d59d3fb,2024-04-14,Instagram,Comment,Neutral
09c0c7b1-2af9-4485-a602-d49c6cdcf2d0,0224f6f0-228e-444b-a109-6f78475ed3a2,2023-07-15,Facebook,Comment,Negative
68a177b8-97d6-4f8e-b9c3-d328f99ae6bc,cf5e5461-88e3-4449-b984-694748f98043,2024-05-07,Twitter,Like,Positive
ff6d25c2-baeb-46ab-8ce4-4c39bde83c5a,0810f167-8168-42c4-8cc5-d51e4bc8226a,2023-09-27,Instagram,Comment,Negative
168032e3-5e2f-4186-9f59-8d35cf641d56,9d061bbe-5443-4e63-8ed1-9a63f6ab085a,2023-12-18,Twitter,Like,Positive
165308ea-2fc5-43e5-80ae-d135c2aefe70,5e7bd575-cf65-425f-a0c5-caaecd64dd1b,2023-07-15,Instagram,Share,Uncategorized
11b046f0-b091-4bfb-b0f4-df58bfea039a,01f1c8c8-df21-4d75-adbb-feb6d4c84317,2024-04-29,Instagram,Like,Positive
a3824b0f-b72e-4c29-a242-b79c541895bb,63daebd8-821b-45e7-b115-45c8bd4db96f,2023-11-04,Facebook,Share,Uncategorized
3d8f2b47-49b7-4ece-bcd9-614437744907,49112cac-2344-4d28-a4f7-12fb044c822e,2023-07-19,Instagram,Comment,Negative
c9158142-8cc1-452d-9c32-5760943ded3d,d1bbd182-825e-47bf-9402-a37110335b7a,2024-05-12,Facebook,Comment,Uncategorized
ac4f15cf-2b72-4696-bb7a-774b524f7cfd,909748f5-d0f9-400a-bc52-73af0bfb0aef,2024-05-08,Uncategorized,Like,Neutral
0340d565-36b4-4d28-9619-7899512b31b8,0bdbacca-93f2-4947-b34e-05d9802af827,2024-05-13,Twitter,Like,Negative
210a1b9d-b708-4071-b600-46a1df62bfde,d5b9eb39-3755-4239-bfb1-391a20db8903,2024-03-30,Twitter,Like,Negative
66a5402f-681b-485f-8e79-82e647fd97d3,e216f9ec-5b94-43d3-b292-d537dde092ae,2023-07-23,Instagram,Comment,Negative
603730a2-0f6d-4d3b-a760-39db03ab01f4,e7d4b89f-78a9-4ebf-9e0e-987195688089,2024-06-20,Uncategorized,Comment,Positive
5bd18674-64ae-4977-94c7-b70b61502530,6498faeb-5cb0-4aca-973a-9337582fa8f7,2023-10-03,Uncategorized,Share,Negative
2bb89c7f-6cf2-4501-85e4-b881aa0cc217,a0057900-fe06-47ea-a2be-17f193230051,2023-11-18,Facebook,Share,Positive
d0a25859-306b-4fe5-9a19-f150ce43fa2b,f996b92e-9cb1-4d70-9486-7e495a9b9dde,2024-03-02,Facebook,Like,Neutral
9aa1e60e-df4c-4987-9ee8-70b4e6edbca6,8ead114b-9c5b-4b64-822e-8ca48e1bda5d,2024-03-16,Twitter,Share,Neutral
0e663785-6555-49a9-ac34-ea04406b1ba5,b8a2a43c-cf7f-470e-954a-7226ba4a5c6c,2024-05-21,Uncategorized,Like,Positive
c95dd000-c041-4a0f-9bb4-1d43d2336aa1,59afe20f-88d4-4ec1-acf2-967fc41f1d87,2023-08-06,Instagram,Share,Negative
8ddf315b-2c2b-4768-a1b8-2836d9f9546b,2a3533e2-4b7c-4ade-a76d-36bbe3cd0618,2024-01-22,Uncategorized,Comment,Positive
233e284b-8e25-4950-b216-7f71e2bb3efa,584c1029-eb90-49d6-a60f-88b4cd7d6a48,2024-04-25,Twitter,Comment,Negative
3d8f2b47-49b7-4ece-bcd9-614437744907,b6313216-91fd-4136-9b99-a1e9fae6522a,2024-03-27,Twitter,Share,Uncategorized
8c30e42c-b170-4826-8bd3-c884b5f0715d,efff6a7d-c063-4973-8f69-ba640142c633,2024-04-05,Twitter,Like,Neutral
4f8ed517-538a-4c88-9d25-343ec3f8460e,1e16c1a1-08ca-4a8a-a48f-e903474e081d,2024-04-09,Twitter,Comment,Positive
5f410d51-be10-4971-9408-38c17e8c74d5,5f23d21b-4191-4a34-a805-b48978778604,2024-06-03,Facebook,Like,Neutral
b84c6729-8e89-4806-92d4-55c7e4da50d9,ce9f5cde-7693-4f52-b7b3-0b332ce430c6,2024-05-02,Instagram,Like,Positive
9eee2b1c-ef39-41e8-b34f-6be7cb9d05a6,647e1020-25a5-4a79-b82c-c90a06843576,2024-06-30,Facebook,Comment,Positive
c16f42a8-3339-49f4-9aea-c1dda8b0701e,cfc6d05b-124e-432a-9978-7b029006f8cd,2023-12-18,Instagram,Share,Neutral
b8749ac7-628a-4fc6-81f4-8fd885fcca3c,6d5c56db-47ee-4dfc-87ce-8efca4285fe0,2024-02-14,Instagram,Share,Very Positive
66e01489-30f2-4461-bd51-1a6713c7634b,853efe2f-d882-4384-910c-5dd5967c69e7,2024-02-15,Instagram,Share,Positive
240b78f9-8532-4b9b-800a-14a47b658404,56908996-bf23-4b6d-9bf5-d968b1ff877c,2023-12-26,Instagram,Comment,Neutral
7f237eb5-f4a7-403f-a3cc-72748ee810c6,28fe15c0-ab85-45ff-b00f-647460eb07f0,2024-06-23,Uncategorized,Comment,Very Negative
e850f663-3f65-4e57-b1ed-11669623b192,b9828593-ebaf-49dd-a44b-c8e5d68c9913,2023-11-03,Instagram,Share,Negative
697d1b30-060a-43e3-98c6-2a9857faaf7a,7b08c42a-f437-4908-b3d4-fbc812466730,2023-09-15,Twitter,Like,Neutral
f845b247-fa01-47ca-8e06-583f8f0334a1,a21f58db-8d9b-449a-a953-a1a5fdfaa62c,2023-10-29,Twitter,Comment,Uncategorized
c71e53bd-d52e-43c7-853a-bde70ff3cf38,e51cec4f-f170-4187-962a-22250ed39f27,2024-04-08,Facebook,Like,Positive
56f11a95-76f1-4a97-b38f-db1dc95da1ed,193c2897-e674-46da-a389-c68e45b6a68b,2024-01-13,Facebook,Comment,Negative
5be78fe8-76f4-4e6f-8f63-551c6a35f380,eb125586-1c06-4ada-8a05-c3aff8924214,2024-03-19,Facebook,Like,Uncategorized
e29c9045-3b53-479e-b8f7-4e9da6afc6a2,4c88d035-61cb-4c67-bbdc-9ca0fe9d0d4b,2023-09-12,Facebook,Share,Negative
700a2326-efbc-4774-b564-0fe6ec9eb34b,0e449d52-eacb-4452-89c6-9241addce681,2024-06-25,Facebook,Like,Positive
7689da74-95f4-4977-a528-968d6e64235c,dc9d6c78-8772-44ed-8a7a-48e2eb968040,2023-11-14,Uncategorized,Like,Very Positive
51668fb4-bf4c-4030-8df0-ddc2263ec6ad,5d375f33-fb4a-4bc9-b226-31871f5bce13,2023-08-01,Instagram,Comment,Positive
d8967478-6ce3-4d57-a3e0-e145e4312b55,f34f03c9-70da-4dbd-a6df-d89aa252e4a1,2023-08-25,Twitter,Comment,Positive
6596f49d-5c9f-4bcd-84a0-82d866b98314,823d7c4d-6604-4be9-a164-fe1ffb1af61c,2024-01-27,Twitter,Share,Neutral
7f12330b-8b50-4618-bbeb-b5ca1532ab43,b77a8981-3894-4706-902a-e04f609bc102,2023-07-28,Facebook,Comment,Negative
fdb81781-8071-4364-b074-dacc53de5284,542fee52-076f-4697-bbe6-895c324135b5,2023-10-28,Facebook,Like,Neutral
8602d631-457c-49c1-8b59-8efb2a4448d4,834d9cb9-2465-4a36-a77e-1e47c7cf8673,2023-08-26,Twitter,Share,Positive
03d5404d-aa72-4d9d-b49b-562036780b34,2fe3992b-9f25-46ae-b18c-83059614764d,2024-05-18,Facebook,Comment,Positive
210a1b9d-b708-4071-b600-46a1df62bfde,bd7755ad-b6dd-4374-902c-a0e799a2c021,2023-09-10,Twitter,Like,Neutral
65ebd3e8-3032-46c7-ae26-8fdcca6aae96,8bc765fa-1879-4ba5-ada2-765b52c12d36,2024-06-07,Twitter,Share,Positive
648dac00-686c-41c0-8d59-3bee7d3bd390,ff459f1d-2c27-4696-a295-5a187d9c1f73,2024-01-24,Facebook,Like,Neutral
a76ed7fb-f0eb-4927-9cc5-e92294c44403,7fe40e4d-f93d-4b38-92a6-667ea7c5b7d4,2024-05-12,Facebook,Like,Neutral
958b5999-943e-4d80-abeb-5fb285047fc0,808b6de8-f90d-4ef1-85be-9469d2eb73b2,2024-01-16,Facebook,Like,Uncategorized
0773c2a4-9485-40ba-b6a5-645cd15d9837,a351da68-23a6-4d16-9a73-6335932bd3ea,2023-11-23,Instagram,Like,Negative
7364802f-db98-43cd-8efa-8695104b4b0d,0723e4fe-cef8-4df2-a1f8-5806f6d44849,2023-09-21,Uncategorized,Like,Neutral
fd35b6b4-ad1c-49cc-9c34-8c2d696f38e2,b302be93-fb06-4ca1-882c-1960807f0e46,2024-04-08,Twitter,Like,Neutral
7315305d-90e4-43bb-867b-d8d077229147,e60b69fe-8bc9-465c-83d8-016c83c19479,2023-07-06,Twitter,Comment,Negative
67619ae7-5006-4efb-985d-fc76d2bde842,a90cf0eb-b4ef-40bb-ba2c-e1201ac3378f,2024-01-08,Uncategorized,Share,Positive
a9ad90b8-f6ae-4284-9a95-6749d053e96e,1d3df25a-c2ad-45d4-bb21-0d59893ebe1c,2024-04-27,Instagram,Comment,Neutral
61c1b039-2d8b-4b9c-871c-9de253ea9edb,364b0b13-8d8a-4703-b1d0-aea2ce10f6b2,2023-10-25,Twitter,Like,Negative
409c8d3d-63e6-4280-a699-91933c1eee73,dcecd08b-e5d5-4fae-a6a8-d04f478e5ce9,2024-03-03,Facebook,Like,Very Positive
710f0b73-da83-47ed-80a1-4a46a836eb67,48b04d2b-c534-4403-b5f3-60104ede1df2,2023-09-07,Twitter,Like,Very Positive
803996fa-5d86-4045-a840-6d4a36ee2ce0,57949755-7abb-4b7d-92c3-d2fe2d305a4b,2023-12-21,Instagram,Comment,Neutral
ccb5b16c-60f2-413c-9d6d-e5aa0091df54,bb3e3363-3d8a-4f3e-abd3-df96e05cfe10,2023-07-01,Twitter,Comment,Negative
95cf4dc5-5521-4559-9b97-5cd62467916e,f841b83f-87b3-4a36-86a3-9bca1ec5a4ea,2024-03-23,Uncategorized,Comment,Negative
08a911a3-65e6-4f5d-a6a1-ae7ddcbe28a2,fd1ad3a6-8b43-49c3-b528-4eaa41629bc1,2024-03-25,Instagram,Like,Neutral
973945a8-ea5a-4106-b169-fcf330e4e6d2,8442ed2d-9c26-4198-9171-154a5bf42b5e,2024-03-13,Facebook,Like,Positive
39ce1776-9aac-4b0b-81ca-5a10e9b4c98b,7e08398f-7a4a-4f81-a243-c25f96168f7f,2023-07-11,Twitter,Like,Positive
010c57b4-d6aa-44ef-9e92-d00ce9bbc28b,97dea98c-4e98-402e-acca-bbe580ad408f,2023-09-16,Instagram,Like,Positive
ae015f1f-3f42-4cba-96ce-13e797004986,3c2956b9-b91a-4252-85e0-04021b4b90b2,2023-08-09,Twitter,Comment,Negative
ed89b7fb-0b0a-4e28-b086-538479d7cd24,16ac7a2a-8d11-411b-bad5-9542e2ed7720,2023-10-22,Twitter,Share,Uncategorized
1cc636ba-e6ea-44c6-a056-0de95dce9831,a3192f50-cff7-447e-b499-8fa5a65911c4,2023-11-25,Twitter,Comment,Neutral
f510a5f0-b4b9-4445-82e8-0157ee2947e1,8e2b7c6c-e11b-494b-a17b-484954526bf0,2024-04-11,Facebook,Share,Neutral
4add70a0-9c64-41d8-b32e-f7f1ea06706b,50d30498-bc07-401f-91aa-ee034a174f9b,2023-12-19,Instagram,Like,Positive
851911c8-6d3f-4a7f-b70c-9b93057d9f94,3ab8558f-03fc-450f-9959-e900bb3068b0,2023-10-07,Instagram,Like,Neutral
ba78abe5-c514-46ca-8feb-95426be7f8a3,541225d0-2731-42ab-ae6b-23a7a7b2315f,2023-11-02,Instagram,Comment,Positive
675a23dc-8d6e-483a-b0ec-4dbcc6812db9,8f3c1f72-84a9-43cb-b011-08e49411ec9e,2023-10-09,Instagram,Comment,Positive
5624f059-b5dd-4734-879c-7fe8a0169e9c,4a7e64c1-91ce-43db-9d60-9a07797a1e31,2024-04-20,Instagram,Like,Positive
c2dfeabe-5bc4-4013-838b-3a34ec97efad,0aa3b014-62e5-402d-985f-49ae3656bdba,2023-08-29,Instagram,Share,Negative
41846ddf-f6d1-40ef-952b-652f8904d6ee,8967c4be-a779-445d-b3ea-7bee587bd1d5,2023-12-02,Facebook,Share,Positive
6631a889-65d2-4588-9ed7-850c8b216f6d,5e9cb70c-7fee-48fa-a3a2-31cb8a021198,2024-02-16,Twitter,Like,Neutral
8a3b08df-5162-4ee5-b1fa-55bd3bedf3e4,dbcc989c-2707-42af-9789-fc2cc8125502,2023-10-15,Uncategorized,Like,Neutral
725004a6-4b75-44de-b3c9-f0aa4bb14fe2,e42b7ec0-28d6-4dc9-a5f2-38d2f5882158,2024-03-13,Instagram,Comment,Negative
ac6386cf-3044-4ec4-bc57-793052872002,0aa9b282-491c-4ef3-a24a-bda0b5c3572c,2024-04-01,Facebook,Share,Negative
00145374-004a-4685-af4d-c8a8967b969e,0fae155a-181d-47e2-a294-cac0dc9035c9,2024-01-14,Facebook,Like,Negative
cb35a4e2-2808-4644-ab5a-8c87a6ced6d4,55a85391-f61a-4886-a9c9-3477746c7bb8,2023-08-09,Facebook,Share,Negative
fd8b7c0b-06c7-43cf-9e1a-7094f5920ed9,14fb074e-320c-4ef5-a187-8e128cdcde60,2024-05-08,Instagram,Like,Positive
ea4f48c7-7862-4f92-9a6f-1c2778adfe56,f3e553f7-42ca-4efb-aae5-bb5db7513232,2023-07-08,Facebook,Like,Negative
752d0d0f-c234-44cb-b36d-8808b640faae,8e7e04d0-8041-4986-a0b4-f111a261565a,2023-11-14,Twitter,Comment,Positive
a420497a-653c-4a0f-bdfa-32543a7a94f6,817185ff-ebfe-47fa-83bc-87d7c7d1cf95,2023-12-23,Instagram,Comment,Negative
f2fa85fd-89ce-488e-bbdf-4535ae78da25,b48f3da6-e53a-4b02-b610-26f3d0b28b80,2024-06-21,Instagram,Comment,Positive
696ce056-c101-4cd0-b18c-b36573530ce9,d44ed229-f24e-4d88-9714-10d25bfec409,2023-10-17,Instagram,Comment,Positive
f65c5f30-f126-4e6c-88d4-1883d0da87c1,404b4b3e-c489-47b4-b616-110518507288,2023-11-10,Twitter,Like,Neutral
bd8ab2a4-b629-48e1-be7c-79608d4cce8b,2a6e68f2-0741-468d-ad14-7ced572b7918,2023-07-02,Uncategorized,Comment,Neutral
d1c847af-df39-48d3-ad49-9cb659e3638a,67a152b4-7476-42d8-8044-18414b7cedc4,2023-07-16,Twitter,Like,Uncategorized
42c67723-2085-4d2e-b237-fbfdfbdf9f3f,c431474b-d5b2-4877-9d25-cac342f606f0,2023-08-21,Instagram,Like,Positive
3641a6cf-cc5f-4ad3-85f7-9d1ea1ad4935,6340f79a-8949-4e5d-af4a-b1bcbd1cf877,2023-07-21,Instagram,Share,Neutral
9bfa682d-c94e-4a68-878e-a0e02c3d2238,182b3c63-d2bf-4f3b-b271-6ef34841938c,2024-01-25,Twitter,Comment,Neutral
3b32ed47-3244-4a99-812d-71a70d88434b,a08f2af8-04cd-4c4c-8601-ceab21cd05d3,2023-07-19,Instagram,Share,Positive
904ac3b7-e3b8-4462-9357-17721fd3315f,7234333a-fa24-4c6f-8d1d-ef30ae07f2a7,2024-05-11,Facebook,Share,Positive
f3606f64-3f9f-4758-bd59-c9424f0d8028,2066db61-cab8-4957-a922-dc5a93fddcb0,2023-11-26,Instagram,Comment,Neutral
da2bcb52-7196-453b-88fa-2566f84fa881,991d84c9-a966-4779-b9a6-8ce2545f0d0e,2023-09-22,Instagram,Comment,Uncategorized
e765708f-a16d-48fe-a26b-72146bc740f4,0240606f-33b9-43e5-8b75-3810745126f4,2023-10-30,Instagram,Like,Uncategorized
0773c2a4-9485-40ba-b6a5-645cd15d9837,395e4441-c14a-44ec-8d79-d5e90dcf7f40,2023-10-20,Twitter,Comment,Negative
a5fe1b34-7c1d-40d7-b156-2124bfadb490,118c7e3b-614a-4316-b8dd-150306cddee9,2023-10-16,Twitter,Share,Negative
18ce1aac-657d-46b4-8c46-22f37dec48d7,4669c77a-3b07-486d-aac7-877e9e74a7ab,2023-10-26,Facebook,Comment,Neutral
37a8ee69-e419-4e15-a2dd-215b57b3ba67,8f3cf20f-7268-43c7-b20a-1c6b538c91be,2023-09-24,Twitter,Share,Negative
37b09c72-123a-4c67-9e52-1c2ec42d101d,3e927153-4a2a-43b4-86ec-1cc18d1f40b9,2023-07-09,Twitter,Comment,Negative
578f93c3-22af-4aa7-9eeb-35d1e0255e66,74d454fe-079f-441a-8422-5ea07ebad526,2023-09-01,Twitter,Comment,Positive
841fd92c-2c00-4beb-b870-76df175c4398,d2a7870b-9720-4ab2-99fb-f89fe6ce7b75,2023-09-03,Facebook,Share,Very Negative
c6c2f008-4229-44e7-8b6d-24ba0f5146b7,fe6ac9ba-da87-4c50-94e8-c9207066a698,2023-09-15,Instagram,Share,Positive
9d70cc2a-2179-4955-9ab5-f6a8e99b377a,c85fa419-fe59-4b06-b5b0-5fa6eae2c1dc,2023-10-02,Facebook,Like,Positive
42da3b26-e9c9-4676-938d-4486bfc38ab6,285b4b50-e2c1-4741-9390-55ee379df72a,2024-04-29,Facebook,Comment,Positive
af53d8ae-7f3b-4384-aea5-0e70b3320ad8,e8e6941c-1057-4125-9c67-4beae1eb9b30,2024-01-26,Facebook,Like,Neutral
e40b7ce6-997c-47ed-b2c3-1bb342cb3eb5,7a419938-e563-48ca-861f-930a0b877721,2024-05-28,Instagram,Like,Negative
f9e210c2-0090-42fd-9d80-8f5ab0267c32,b20d6e8c-0fbb-40aa-9747-b8b4fc4320f4,2024-02-29,Twitter,Comment,Uncategorized
9bdf4403-1e6a-4b6c-8556-a58e26591bd2,bcae5ec3-98ea-4a34-84eb-eebc2e0aa7bf,2024-01-03,Twitter,Comment,Neutral
f4b519c5-250e-4834-a0c0-c10b1e3eecda,1ab4b32f-759a-4b55-be55-a5f7fb28be96,2023-10-24,Uncategorized,Comment,Negative
689f12ea-3716-415e-8a52-fbba91707183,425c6c6d-b744-41c1-ba47-5ec957abb4f0,2023-08-16,Twitter,Share,Negative
5dc8fbec-4149-4615-9ba8-d30bfacd7637,d0be19a8-6013-43da-827c-717de5aae8bc,2023-08-02,Twitter,Share,Uncategorized
ecb192f4-a8ed-422c-9f08-712dd8523245,a013a8b7-06c9-48db-b939-26a5f67b73a0,2024-05-10,Facebook,Comment,Positive
dd68aaa6-d50a-4b2f-be13-0331ceae7708,38845900-1987-46cd-83a7-88138eeed46e,2024-01-25,Facebook,Like,Positive
2fb831c7-4ce9-435b-959d-3f69e179a6bf,e41c6b2c-6f94-4434-8e6f-bd7df1c890f6,2024-03-26,Instagram,Like,Positive
fcb31c19-064e-4e81-b69f-16e8d8f3e737,821efd08-4077-4440-b4c2-c521458d8377,2023-11-22,Facebook,Share,Uncategorized
22e1b1a5-34cf-4022-9313-484145b714ab,6ca6f834-e4a6-4dd8-981c-e3c51fd83074,2023-08-05,Facebook,Like,Neutral
a7c29c33-e968-4d84-82cd-1269ed1e7c1e,764097b6-012f-478d-b8c1-50cbb806054f,2023-08-14,Facebook,Share,Positive
16120901-738d-417e-a271-6aaf0d6caa83,3df55d30-2b5b-44a7-b050-04badf0dadfc,2024-05-06,Facebook,Share,Neutral
b94a126b-755e-4ee1-91f6-c5f86ceef780,60c046fe-e482-49c5-ae77-1920da16b548,2024-04-26,Twitter,Like,Uncategorized
efdfdfc9-5dbb-4478-911a-101a390a0285,8d5888f1-a615-4122-8b1a-54eccbe2306e,2023-07-13,Twitter,Like,Negative
61566b24-0de9-47bd-aadd-0650b9646191,40095870-6932-4b10-aa72-2026a2817bf9,2023-08-29,Facebook,Share,Neutral
cf394029-46c3-44ca-b558-a9e81a69f047,a343ac80-f6b8-41d9-8b9c-b85518e08edc,2024-02-05,Twitter,Comment,Neutral
432b84c8-05c8-4609-b8f7-a0c298fb8f23,4bb09992-b5a6-4c52-9e33-728217bc703f,2023-11-20,Instagram,Share,Negative
9047570a-6d08-4ff0-8e07-9009d87ac90b,661d7368-a91a-4965-950e-30d9b4382c52,2023-10-23,Facebook,Share,Negative
71904c78-c815-499d-8289-88ae7c89883f,a365b01a-9c39-4086-b403-92f6adfdf657,2023-11-27,Instagram,Like,Negative
4f8ed517-538a-4c88-9d25-343ec3f8460e,99300543-ef02-4224-9fe2-6481b52ebaa0,2023-08-28,Twitter,Like,Negative
b449a41c-c911-4d86-8125-5d2aca600289,42563b7a-b900-4850-a417-c965a2856010,2024-03-26,Instagram,Like,Negative
93345558-abde-4687-870d-49dfe412d9d4,260c43ae-851c-4a43-95a3-facef7c6f84f,2023-07-30,Instagram,Like,Neutral
7d1f2bbc-8d16-4fbc-9b37-ece3324e8ed4,89c2de5a-7b8a-4511-ae13-347df2b99e0d,2024-04-09,Instagram,Like,Negative
a254d583-6888-46d2-aca9-8275d25874b1,1dc55dfa-8e63-4d51-a6ca-b03c7d24ed6e,2024-04-17,Twitter,Comment,Neutral
f3521369-d217-432d-9364-289de51caa73,82c4ae75-f723-4b46-ae82-2ec478a8b3f8,2024-03-24,Instagram,Like,Negative
c3f015a0-2ec9-4ebf-9edc-3b1190bf9fc7,07b05054-0226-4ebc-8ba3-c2f069a31fe5,2023-09-11,Facebook,Share,Positive
28a886bd-0c98-4532-bbb3-4ba77a9ee275,21bf0328-bdfb-4174-aa74-2b51874f6b73,2024-04-13,Twitter,Like,Positive
9800c7eb-9f32-4124-bb91-40c50fe2e85e,377e79a8-6805-439c-8952-b1efeccaec43,2024-03-10,Instagram,Comment,Neutral
47bf3bc6-17a6-4b21-82b5-90f78af4c25c,79a71d59-40aa-465d-94a2-b6496a404563,2024-02-03,Facebook,Comment,Positive
a5537b15-92da-427b-bfa6-287f24e8c371,a9118741-8ebc-4a72-a50e-603270764d4e,2024-05-05,Facebook,Share,Neutral
9fdbee4b-8628-4a1d-ac7f-f210e1076709,6cf0757c-ff38-4541-9a4e-b93a458b8a1d,2023-10-21,Twitter,Comment,Negative
6e59e098-8292-440c-80b6-2d7bb27d5133,5c8fee47-5225-4074-9e8a-9b1068988b7e,2024-02-24,Facebook,Share,Neutral
066b48b0-e451-4a6b-9f1a-c4c8e6ce3c0b,bdb83836-2d72-4ecb-b7c8-ee0a520f4a84,2023-10-14,Facebook,Share,Neutral
66987651-e469-4fc4-a5ca-ed23c08959fb,e107e207-30dc-4601-b171-ded4257f9a47,2024-05-13,Twitter,Comment,Positive
f50cdd04-dc3c-4259-aa56-ffbb357e0731,c9f6635e-aaab-4ebd-9c43-0d7225dd2347,2023-09-30,Twitter,Comment,Neutral
78002a64-8a6e-4d61-80a9-1bbf4c41ae76,ba844448-d249-4847-b1f7-5cde7ea11a05,2024-01-03,Uncategorized,Comment,Neutral
249a52ef-4f20-4035-ade0-4855537d75a2,6fe737c6-c6d2-4b9e-b603-661bd47704c4,2024-06-28,Instagram,Comment,Negative
7689da74-95f4-4977-a528-968d6e64235c,512623a4-45bf-443a-930d-fe0e0caa65c1,2023-12-05,Twitter,Like,Negative
d79f6ce9-0373-42e3-a016-984ba61188ce,eb638d1b-32e2-4deb-8820-5b96ebc5cda5,2023-12-04,Twitter,Like,Neutral
3120d699-c28f-4de7-afba-adceae29c1c5,8dc772ab-acfe-46b9-a100-3ec8b0e6d002,2023-08-20,Facebook,Share,Neutral
ad21da52-d3d5-462d-bf3b-841e989ba1be,174e288b-0926-42a7-8638-2a8561d11842,2023-08-04,Twitter,Like,Uncategorized
b0180e7a-16e4-45bf-a417-0f2f5ca442bd,7d25db4a-6e7e-4a73-a6c9-c42cee868dc5,2023-08-15,Uncategorized,Like,Positive
9f2128cd-2f2b-4f71-987c-29fd045021f0,252122e0-ea99-4de6-8f51-1ce2c9211e8d,2024-02-11,Twitter,Like,Negative
9a3efbb7-f9ec-447a-905a-748ed06b1a82,d69169e5-baee-4ac3-880e-c3135f810c40,2024-05-28,Instagram,Comment,Positive
99220a1a-25ed-41a2-8156-541ea6ae971f,69a27409-8a32-4e8f-a162-461037d516fe,2024-03-02,Uncategorized,Like,Negative
6e59ab74-2fb0-4ed5-9db4-fad5264d0631,f2d9f0bb-5236-4288-9c52-8efd06bfbcbd,2024-05-01,Instagram,Comment,Negative
3cdced98-055c-4037-a0a5-5f01cbc707b9,2a67a671-3507-4247-b240-786dddf33487,2024-06-04,Facebook,Comment,Positive
9e68d26c-7772-4fa8-a1f7-50c8c9c1db86,1edda598-f6db-4c22-a426-9450ecd88fd3,2023-08-02,Instagram,Comment,Positive
363cc756-d55e-44c9-9093-149406fcb440,67e30f07-fcff-4040-bf58-d65602209a50,2023-08-14,Twitter,Like,Negative
2eb6a3f0-488a-44d3-a260-86da1b289ce0,280c85dd-3477-4182-88e4-7154e43b3ee9,2024-02-24,Twitter,Comment,Uncategorized
42f52b1e-bedb-4294-8039-7b08c1be1662,c016df19-6f96-4830-bab0-514cc44f12be,2023-07-08,Twitter,Share,Positive
9c4eeca5-47b9-422b-88e9-2cc77cf58a20,3ccb92d8-a714-408c-8716-ed006ac197e3,2024-05-05,Facebook,Like,Uncategorized
7636fae0-36fa-46a4-82d3-0cb47d1032f3,be8d07a7-0f56-4848-8430-3ce6f0e01562,2024-01-06,Instagram,Like,Neutral
87f8ea44-b883-42e0-8220-4ef3b755c9b5,ce152b36-bb42-45a2-9a20-1712246140ab,2023-10-21,Instagram,Like,Neutral
80ccc424-80cb-43f9-8063-a09c96c53da0,33d639b3-fd06-4ea1-a9f2-f2fe238126d6,2023-12-04,Instagram,Share,Negative
e12c37b3-7d4d-472f-9fd8-0df2cb3001aa,b2f31589-7573-4ef0-aea6-ea6c7e60f40d,2024-01-27,Twitter,Share,Neutral
b79db1bf-be94-444a-9c04-0e3a7280f3b5,630f7a43-90ed-45bf-8793-d511a1592226,2024-04-22,Uncategorized,Like,Neutral
be148fdc-ceb4-4b47-9f09-219b96803d11,e2ca9070-dcf4-410b-9a78-2f6375abc7d8,2023-07-15,Twitter,Like,Uncategorized
cf93db25-321f-4148-805b-662d6258ddb3,879517f9-5dcf-43d8-8466-fe767a445ae4,2024-06-01,Instagram,Like,Negative
f48f4ea8-77e4-49bb-b32b-216e6c278c07,21272ee6-e1da-4ec6-8f50-7bd4ed496a18,2023-08-05,Instagram,Like,Negative
73406732-e0cc-4ae6-a03b-aed8ed40dbee,dfc4fa25-7615-4408-ba57-d38cf5f39294,2023-08-08,Twitter,Comment,Negative
f9ab3c05-425f-4739-8e23-5197e518e250,15fe79c8-d44b-4241-b19f-baa00c110af4,2024-05-06,Instagram,Comment,Uncategorized
7636fae0-36fa-46a4-82d3-0cb47d1032f3,c0af9c0f-8b7d-4921-b22f-4f06431b4723,2023-08-01,Twitter,Like,Negative
1c77cb4b-2e79-4201-90a2-f9794dd4328e,810324ea-3a93-41c4-a5e3-30e85adbca5a,2023-07-31,Instagram,Comment,Negative
253fa70f-a41b-40c0-8958-37f3b5e204e0,129fabb6-bca6-4710-91d0-1eb0eb987410,2023-10-22,Twitter,Like,Neutral
6a84f1a7-f636-4300-bd8d-c7f888460829,eacd4d0e-075b-4a70-873e-89f3b7da1aa3,2024-06-15,Facebook,Share,Uncategorized
04ebb683-0818-4b58-a724-8cd1c7114830,2e212f6d-bc67-47f8-a39d-9da4be2864e7,2023-08-08,Twitter,Like,Neutral
e1787f8a-3681-477f-92bc-c76f56f14bc3,5885d378-c937-447d-a2c9-62fc6960822a,2024-06-25,Instagram,Share,Neutral
71d71a33-628b-4ec1-a3ed-84a3853e3cc5,b1fd790e-24de-422f-a67f-4d3b96fb66be,2023-10-14,Instagram,Comment,Positive
d8128163-77f8-4389-b4d4-2afff0e05e7a,cbc20a5a-dfd2-4bb5-af19-49a960f4d98e,2024-01-26,Facebook,Share,Negative
fd24b1c5-a6ec-480a-b127-7354bce6e545,ba1b1dd7-0bea-4ba4-8272-46a04bf3359d,2024-06-29,Twitter,Share,Negative
31a64c59-e32d-4d9c-ba9c-f308acd78daf,baf88c76-d6b8-4a0c-be12-9dca9397a4d5,2024-02-24,Instagram,Share,Very Positive
094ee9c9-a553-4e24-b3a0-643ceff051fd,62e41731-5adb-40d9-beaa-649b4554321c,2024-03-30,Twitter,Comment,Very Positive
d0874909-2b8a-4921-bec7-610d9452b113,7c34b288-1c28-4004-afbc-a6cfc0543d69,2023-12-08,Twitter,Like,Uncategorized
1861b233-7abc-4e26-9aef-481ee3da9ae1,2ceece3a-d59b-4afd-a027-2d2184c10a74,2024-01-11,Instagram,Like,Uncategorized
0319aa2f-f571-4a05-8947-bd9c7e4ac2ee,73814182-60f7-4dd0-9dfe-e340af2c2585,2024-05-15,Twitter,Share,Negative
b8f3474f-d05d-4aca-982b-6af4a856305a,cb108d4f-1b8e-4f68-a7e4-9a30e116212b,2023-11-10,Instagram,Like,Positive
3120d699-c28f-4de7-afba-adceae29c1c5,2a86284e-9bfe-4e7c-92ce-19899777eec2,2023-07-04,Twitter,Comment,Positive
7617f0d0-1006-4e72-8d8f-8135611236b1,6559ceca-18c0-4e75-925e-a8f744d04f85,2024-02-16,Twitter,Like,Negative
a800ccba-e1ca-4f52-ad9f-14f3432699c9,af1217d1-e174-4575-9df2-b3c56c804832,2024-01-03,Instagram,Like,Uncategorized
75675707-f167-4964-ae1c-9081f3a8f775,6f7f3756-14ad-4001-9433-61fce112389b,2024-01-31,Facebook,Comment,Positive
55089953-71c4-47ee-982a-996d42016a40,9d9d9748-13c5-425a-9e3e-77d94b283790,2024-02-12,Twitter,Comment,Negative
3374b7c6-b390-48a9-bc1a-fd4aaacca0df,695ecee4-ce63-4ed6-867f-29e729ec682d,2023-09-30,Twitter,Comment,Neutral
3ab99bb9-92d4-45c1-adfc-ec3eec038b87,9981a1fc-a3d6-48bf-98e1-8d7edfba87f4,2024-05-04,Instagram,Comment,Negative
81be7ae8-5f41-4ee9-895e-b001c5c63186,d7211ae0-3a0a-4414-8f1f-8b6e860e25d2,2023-11-22,Instagram,Like,Very Positive
a8a71d73-dbd1-4e77-b954-377417c88952,eada4b7e-73e7-4826-aa82-0086968128ea,2023-07-21,Uncategorized,Comment,Positive
f9c1271b-e0e8-4ffb-aa17-b90482df5382,cff41342-30a8-48c3-8b1d-14f52deb9dd0,2024-04-28,Facebook,Share,Negative
2da3a384-4f08-4048-871b-a1acfe7d7c59,732d013e-7a3c-467a-957b-df866745f9b4,2024-04-18,Twitter,Comment,Neutral
8d8fe8bd-2009-4a15-be37-83dba3cef447,b1e1e452-fd2d-4ecf-9469-addd7eb07064,2023-07-28,Facebook,Share,Positive
c814c7e2-76ee-484d-89ef-8982fcfed5f7,ddfb8c6c-cb3a-41a7-ae4e-11a573586911,2023-08-29,Facebook,Comment,Positive
8a34badc-d3bc-464a-8687-d6bd3bb08215,de1e18bd-4424-480a-9886-1e0af66e954a,2024-04-05,Twitter,Share,Positive
d5f8626d-9470-4900-81e4-c8c43e132d05,43ef264d-f245-4cd4-bfc8-c5a38334aeb1,2023-09-16,Facebook,Comment,Negative
6fa635e0-d171-4413-a101-1b41e4831ce4,e0053f15-a243-47a3-b315-fa22d9594a5e,2024-03-01,Instagram,Like,Negative
79c78651-5e3e-4b91-9c79-d1631715c7eb,bb87fb9a-4540-4b0a-979f-e65d5d3557d5,2023-12-24,Uncategorized,Comment,Uncategorized
c946bcca-f938-4fca-b45a-d8d06efce38a,228ab808-5f83-4453-bcb1-3546f913c354,2023-11-30,Instagram,Like,Negative
47bf3bc6-17a6-4b21-82b5-90f78af4c25c,1fd08dea-d007-4cd9-9785-92940d5783be,2023-07-24,Twitter,Share,Uncategorized
4dc5da78-1e88-45ee-ba6e-c9cade3a0df2,d1a63b12-6225-41f3-8ced-cf8da04c53ee,2023-08-24,Instagram,Like,Neutral
46471751-46b7-42f9-afbf-a02412e647ee,18324537-f9de-4611-819b-5b5f48a0656e,2023-11-29,Facebook,Comment,Uncategorized
a319acae-e640-4d21-8215-b5b0eac9c64b,874877fe-2ea1-4aff-ae24-71ec46121e46,2024-05-06,Twitter,Share,Neutral
10aa865b-1440-4be7-82e7-9322d490e50b,88f41686-ee05-4aaa-9125-513fa0e5f287,2023-07-18,Uncategorized,Like,Uncategorized
331aa308-0011-4df0-80c8-83768817c3fd,1d5faf10-b183-4668-8424-824874b380d7,2024-01-25,Twitter,Like,Neutral
39974820-20fa-436e-a5c3-581d43b00d63,c1dc6e4e-f8d8-4f8f-8c0b-6de5ebba845d,2023-07-30,Twitter,Like,Negative
e27d60e6-24bb-4eb6-8745-15ff2b7c4484,87bdbe1e-a1ca-4a3c-9cc5-521386384fd1,2024-04-29,Facebook,Like,Negative
1d26a8ed-88ca-4806-9ec1-7db7ee6a748f,db9fc0c1-6a2e-4e72-a8a6-4306ac477802,2023-09-16,Instagram,Comment,Positive
e76d99b7-f95c-416f-8d4e-5fe436a6414c,ff3e007a-70f9-49c7-bd8b-6bd8afa8f1cb,2023-09-02,Instagram,Share,Uncategorized
081df560-dc5f-45d3-87ac-9992b5050133,62041eea-48ba-4e06-93e8-32e88774e8a5,2023-10-15,Twitter,Comment,Negative
137362fe-5ca3-4d01-806d-8c4d1f7b29aa,85df54cb-530b-456c-aea7-9b362acfcd67,2024-03-13,Twitter,Like,Positive
cffb22a5-2b85-47bb-9423-6802c77b22f1,3414e9ab-f807-4f0a-a011-f4d99eda5814,2023-10-24,Twitter,Like,Neutral
a3ceaaae-d389-4f71-801f-182316d6b788,c7005481-3249-4677-bedd-42b728ec3a59,2024-04-20,Instagram,Comment,Negative
a7b667f7-d6c7-4fc6-b6d9-bcdeea32297c,4dfb5cb4-9403-42b0-bf85-f8f1a6079c89,2023-12-04,Facebook,Comment,Uncategorized
1d5d2c59-f092-48ce-a2cd-168199412a6c,2381c5db-4fe8-4e19-9adf-b386530b9e2c,2024-05-08,Instagram,Like,Neutral
363cc756-d55e-44c9-9093-149406fcb440,fa0a5dbe-ae2d-4404-824c-20d5b4df7d8e,2024-01-12,Uncategorized,Like,Positive
72d087e6-a4ec-4a4b-b04e-1aa6d5c1ff72,a04cf158-ed9d-4150-85d7-f4912aaa2aee,2023-07-14,Uncategorized,Like,Negative
53408519-26e0-465e-bd85-3da3424c147e,9fe0c30c-4bf9-460d-b166-4952f1e35546,2023-12-29,Facebook,Like,Neutral
61566b24-0de9-47bd-aadd-0650b9646191,bec155fb-cf12-4a50-859f-781786075508,2023-10-11,Twitter,Comment,Neutral
3ff07f9f-8d50-442d-b5b7-0d84510af6be,57e19162-6dcb-48be-af15-b1968bb547a9,2024-06-25,Instagram,Share,Negative
b7e6da15-7fa4-4b59-a121-b3c6edf7b416,9dbd08ca-e504-47cd-9919-9c859a6d0a8c,2024-01-20,Twitter,Comment,Negative
992bfbf0-9fcc-4fad-9efc-767f55dd26ae,6d7d2b58-fbe2-457b-b259-642be4f0b31c,2023-07-01,Instagram,Like,Negative
0b4b34dc-3ae8-4943-9f47-f27482de26a9,80c10602-c883-4571-ac24-d78e31c76490,2024-02-12,Instagram,Comment,Uncategorized
273597c1-d519-4ce1-bf81-f8027e85f8e9,f7a9876a-e4f4-440e-868f-5e5e81bea87e,2024-06-06,Twitter,Comment,Neutral
d1994e4a-365b-49fc-8a99-3bd92ff155e4,c31d23bd-e8f6-416d-8065-01788214aad6,2024-04-16,Twitter,Share,Positive
d91e9fd4-1922-4b2c-b958-0401ebbc6e48,2b0a4f94-e591-4ee0-acd1-60cd29d374e1,2023-08-13,Twitter,Comment,Very Negative
35dc485e-ab21-430b-87b0-b09dab982f99,fe3da336-e8cf-4630-898c-70bbc6b90cf5,2024-03-01,Facebook,Like,Negative
dad30372-5fe9-40fb-a895-b85af25c2f3c,331e3c9b-cd4b-419b-9081-323f9495f131,2024-05-27,Facebook,Share,Negative
48ba61eb-1ce0-43ae-88ec-82a11872e1f3,679242d2-96f1-40f1-a7be-4485759fb479,2024-04-28,Twitter,Like,Neutral
9c649d2d-4a30-4ae5-865a-044f7f0bb386,792d3120-2786-4b88-81c9-d2d89e8bfe3d,2023-12-03,Uncategorized,Like,Negative
cd733ffe-4726-4d32-b2a8-06a86d0dfa20,9165dd1a-6e62-4c8f-944f-b3d2d8791f7a,2024-05-24,Twitter,Share,Positive
ae7378ec-faca-4988-a810-0f5c6afa1388,dbdb95fc-947d-4e3f-8b91-2f012dd257f8,2024-03-30,Instagram,Like,Negative
e173b550-09e9-4e41-a7a6-ed62238a5435,b9995787-6e59-4f59-87c0-2c7f06712220,2024-01-03,Twitter,Share,Negative
872fc6c9-7903-45b5-9c59-1c1fad564497,58010945-130a-492d-891b-e82ba3589730,2024-04-21,Instagram,Share,Positive
b3b912ee-bc75-4ba3-aa9c-4be51830ed21,540b0890-685b-48cb-affb-867b6a46a02d,2023-07-07,Facebook,Like,Neutral
8512b48f-4b69-4852-abdc-b0ca27953ee6,1f165d70-2300-44c3-a68f-1e1ef070594f,2023-07-22,Instagram,Like,Positive
694564e4-e52a-41bc-b076-53100fb5b3cd,b4132b24-8dc5-4447-bd3c-3eefa7b65fd0,2023-09-24,Uncategorized,Comment,Positive
05abacfa-de8a-4606-a35d-7487ed7554c7,790457b7-8da6-4874-9f20-4dc1805d959e,2024-03-03,Instagram,Share,Negative
61434f1c-5389-463a-a76c-b96b2098b7f2,b497bd90-3b39-4555-ad6b-ad37fcf38c9b,2024-06-24,Instagram,Comment,Negative
efa73de0-f044-49ae-8118-c5607b420e4c,53627dac-9601-47fb-8e50-8d734a7ab6d6,2024-04-07,Instagram,Like,Uncategorized
a5537b15-92da-427b-bfa6-287f24e8c371,4ea034ef-65dc-4ac8-b94b-0137582a0cf6,2024-04-03,Twitter,Like,Positive
c3a5e86e-a74b-420e-b1e7-13bcbe6b71ac,8c1da393-7ea5-4405-b8c5-49953f75079a,2023-07-01,Instagram,Share,Very Positive
23c9a49a-62de-4659-8a96-8e0313f04cad,67a74026-1712-409f-9c35-a96c0847fab0,2023-09-22,Twitter,Share,Neutral
9560ed71-7a04-4cd9-a576-b622c5690487,c2ddf0f7-a1fd-4961-81c5-0309bf1da8ea,2024-05-10,Twitter,Comment,Negative
69b50dbe-3286-401f-abdf-65d98281db68,300c10fc-a66b-4154-ab3a-073ec00840bf,2023-07-05,Instagram,Share,Positive
c579a416-2c8c-46df-ba08-e43e243bd136,91af5424-9731-4a11-85ff-4f1ca172f77c,2024-02-24,Instagram,Share,Neutral
a194ec8f-3ff6-4c4c-a9ab-bad2c4c4871a,c866940a-829a-44e0-81e6-4a36c0996385,2024-02-28,Instagram,Share,Positive
79800b63-a83d-4f32-9654-a869ca5b5ca8,93fb830b-653e-4106-8f0e-906f2f8c89f7,2024-03-09,Facebook,Like,Neutral
ed583d72-569d-44e6-a43a-922d87610bc1,16a0d14d-6f55-46ab-914c-f379d30dc5c9,2023-10-30,Facebook,Share,Negative
2da3a384-4f08-4048-871b-a1acfe7d7c59,9790c8f1-54ae-4164-a41b-b4203408455f,2023-10-28,Instagram,Comment,Positive
2914da6c-c083-47d2-8e78-f26c44cbc042,890a6834-e4c7-4153-ac8f-1f5574e69828,2023-10-31,Instagram,Like,Positive
d2c44a3f-8094-4a89-aa38-1c49a82f41ae,1dc1903a-8e17-4116-ab80-9444b42b1d15,2023-07-31,Facebook,Like,Neutral
b27c34a1-416e-4fd0-b5a2-b62dde9ee452,a08e116f-a1c6-4935-a48d-d4798df88b12,2024-02-12,Twitter,Like,Positive
54b3556e-e480-41a2-9dcd-7da1d91655aa,f5b36d17-e31d-4bf6-8b31-d24119a6a75a,2024-03-28,Instagram,Comment,Positive
9f30999e-2fb8-47f8-90df-b669aaaa8fbc,4baab2fa-5593-4407-9a29-1aa40cf817b4,2024-04-13,Instagram,Like,Neutral
04b0cd53-29ca-48ef-b4b7-9520a2939288,d995923c-6998-4c95-92f1-937ed4b375cb,2023-09-25,Instagram,Share,Positive
2bf45bb4-ff28-4e6c-9f90-d749c6b45221,40065293-1181-41b0-ab37-d45d34aa76f3,2023-07-09,Uncategorized,Like,Neutral
e1dabc47-5b6e-4e64-ae9d-b3e092a066ed,352a2e60-11cd-4f62-b84b-64d03e7d9b2c,2024-04-08,Facebook,Share,Negative
0fb0bd8b-df5e-4029-be1f-b861d1ded562,5ae606d2-4c6d-4b3b-bcce-c484db56f755,2024-03-29,Twitter,Share,Uncategorized
1c77cb4b-2e79-4201-90a2-f9794dd4328e,89e8db7f-dd78-4aa6-a8dc-272975a28f0b,2023-09-21,Twitter,Like,Negative
b2ef78d6-e56a-4084-b072-c5104448b76e,6d09fde7-792c-4f7e-9f69-c65354a212e5,2023-08-23,Facebook,Share,Neutral
32ba4f7e-71b6-4524-91f6-86028c5abfb8,db03dd5d-1f3f-4a35-a91d-4fc8030dc088,2023-11-27,Instagram,Share,Neutral
8b603757-5985-4f60-b23b-bd869fdc36b5,c009ca50-4d41-4261-b476-de3423438386,2023-10-28,Facebook,Share,Positive
7335edae-4008-4386-ac65-f67b54eb40cb,4ac08981-4d6a-4b1f-be76-97dbbfed13bc,2024-02-17,Twitter,Comment,Positive
551a4700-bea6-4596-b371-48c0ee1b5bf0,9242542e-b3b4-4881-b2e0-802e5ef02ee2,2023-10-20,Twitter,Like,Positive
dd68aaa6-d50a-4b2f-be13-0331ceae7708,090130db-7bf3-4dd0-b530-b1082de20e3e,2024-01-22,Uncategorized,Comment,Very Negative
f35c6e3f-2fac-4b7a-b713-863a0a37160c,a7a74c36-31d9-4c84-a457-a922c7e5cf16,2023-07-08,Twitter,Share,Positive
3145bbb1-e83c-40eb-9ca0-2e4acbf82050,7f39ac66-5f06-46e1-ba48-11dd37d496d0,2023-08-26,Uncategorized,Comment,Negative
8a39b491-7b4a-4319-ba21-ece95b3f2195,4b7059ff-aa5f-4477-9299-b2c36149798e,2023-12-24,Twitter,Like,Uncategorized
f447245d-7239-4808-974c-7fd358f61c2c,21502c32-3161-489e-818e-04bec10c926b,2024-02-03,Facebook,Share,Negative
787f8b3b-f311-41be-822e-9fc9e203d945,3df2654d-25b0-4a35-85ca-e1e8df937b49,2023-09-07,Instagram,Comment,Uncategorized
76c1d696-0f1c-44b5-b749-8859545658eb,2155484a-f77a-4883-b36c-0f09d41350ab,2024-04-21,Instagram,Like,Negative
80065540-0427-4aa7-83d5-b7e24f8d7962,89a626e6-6a96-4237-98f5-c880e1456940,2023-12-01,Twitter,Like,Negative
1e66b466-e10c-48a8-a1a8-b1f7c963d0dd,e3385955-4fa3-46b0-805b-2afbdb8af093,2023-09-20,Instagram,Comment,Neutral
74653505-85eb-4155-a90b-abe2b30179db,bbf3f24e-5e25-4e8d-98e5-e764923e8d10,2024-06-06,Instagram,Share,Neutral
3375b9af-aba4-4db6-9b17-4785756b4287,59d8e893-8b53-4bfe-a909-002d7a073e28,2023-10-18,Twitter,Like,Neutral
49f6055e-b29f-4172-aedb-4b03255f313f,6d7c62e6-e0c9-41de-b543-e7885bd547a1,2023-08-29,Facebook,Comment,Positive
e29c9045-3b53-479e-b8f7-4e9da6afc6a2,553c39fb-1157-420e-a1c6-52e517f5043a,2023-11-19,Twitter,Like,Neutral
648e2751-83d9-4720-a2cc-2f7ab8db97da,51986fb2-f68d-4105-b679-5890d387fe27,2023-10-27,Twitter,Share,Positive
eeebfab7-8917-4eb2-a187-fae698d2978b,aa5ddfd7-db97-45d9-8899-b885ac51826f,2024-01-21,Facebook,Comment,Neutral
ac0248f2-5af3-46f9-9cec-2fb5a478f47a,c93ab742-3169-4aed-a048-fa29c7348600,2023-09-03,Twitter,Comment,Neutral
d98a5116-3836-43d6-bb54-ffef96f9fd00,c8cf9537-c518-4e6a-a2f4-b226e377afef,2023-07-20,Facebook,Share,Neutral
37709633-2fac-4ab7-b420-8420cbdd4bdb,dbd58e34-6311-4b07-912d-7fbf51e16174,2023-10-01,Twitter,Share,Positive
f545e364-ba9c-49db-8eda-253569dbf0b7,5d97e118-a7a5-48d5-a354-43f226ad8b7d,2023-07-12,Twitter,Share,Positive
a7bc85d1-01ff-447e-bf1b-4f6abcccef7b,f4e757a1-40f0-434b-87ac-6cac2d4966ff,2024-01-04,Instagram,Comment,Positive
7df3505b-72cb-488c-8844-2f7f532d4db0,77199c40-7df9-45dd-9f75-08cadbd3a792,2023-11-02,Twitter,Comment,Positive
174cbf14-d8c9-410d-a0d5-69c86c945f17,82b81e32-4321-4bc0-a1b1-c580d6caaefe,2023-08-10,Instagram,Share,Neutral
bb798529-5f0e-4731-8377-244690335f1a,67843654-8b1f-4c7f-93f8-572e41bd76fa,2023-07-04,Facebook,Share,Negative
43230006-9636-403f-966c-f7e3166e504d,93865b34-4684-4f33-866a-b90853e7cda5,2023-11-13,Twitter,Share,Positive
41846ddf-f6d1-40ef-952b-652f8904d6ee,e96235c1-c42a-4f29-aabf-ea8709c14f07,2023-09-30,Twitter,Comment,Very Positive
d8128163-77f8-4389-b4d4-2afff0e05e7a,3126aa59-eb6b-42bf-9c72-ab3da3bed516,2023-08-29,Twitter,Comment,Negative
8ad8003f-aa9d-4b7b-84f5-1913e2660e5d,cdbcd8ff-f668-40f3-9d4c-1ab07d60d004,2024-03-13,Facebook,Like,Positive
c16f42a8-3339-49f4-9aea-c1dda8b0701e,fd3211b4-eace-4faa-b1f3-a23d06672bd8,2023-10-30,Facebook,Share,Neutral
eb263c61-e957-4ee6-92e0-b1fbb45b6412,c8b51ebc-20f4-47f7-99d4-c1d85c8cf7c7,2024-05-12,Instagram,Comment,Negative
4b489d2f-44a2-4d1c-9792-2e4d392d7d74,708a6413-fc37-46aa-be89-563d20c3e788,2024-03-26,Instagram,Comment,Neutral
697c8e16-03a9-40f0-99f7-eddc12cc7f04,7a72a331-9470-4dd4-8b0a-fa731affd50a,2024-01-05,Facebook,Comment,Positive
62569bed-8b56-46fb-8325-a8e8c062f34f,5b8727a8-83d1-4716-b792-b20a6f38896d,2023-08-12,Instagram,Comment,Uncategorized
6919c087-4f09-4b19-a5a3-962999f01640,113577e9-d29a-4157-9609-4c9e034106da,2024-05-04,Twitter,Comment,Neutral
473f3b1f-2e0e-40a6-8917-b3aac5296a01,a5455664-e5f3-4780-9928-298f32b22a47,2024-05-04,Instagram,Comment,Neutral
e9c58327-25a1-4148-8c41-f0f37fc0c75d,a12ff7b4-dda8-42c8-8f39-cc9fa51a492a,2024-04-01,Twitter,Like,Positive
7eb7f7df-9b0a-416a-829e-bcf4d8bd57dc,f2e20e37-3cfc-4dd3-8320-f568e4835f1d,2023-10-03,Facebook,Share,Negative
51bdd78c-efe1-46e6-8155-fb9677e935aa,2a5e87dc-2169-432d-a3f5-51c5588e45d5,2024-06-25,Instagram,Like,Neutral
acf47c33-118a-4844-84f5-6c5834568e66,5a6ba0e9-bd05-42da-8c75-2f60b510b13c,2024-05-19,Instagram,Comment,Neutral
b0ce5c86-420b-4bc6-be06-02814c3feb2f,3dabb572-b82c-4678-a5e6-9e4ada554052,2023-07-06,Instagram,Share,Positive
62569bed-8b56-46fb-8325-a8e8c062f34f,80239e42-b4a8-45af-b5ed-f3f3172db143,2023-12-09,Facebook,Like,Neutral
e61caa35-25d3-4132-8e2a-675d36c3d9d3,49825249-5378-4234-ab58-d8a335efc6e5,2024-06-29,Uncategorized,Share,Positive
686db601-0d7e-47bb-b291-bafccdd88579,ba143def-ffa6-49c1-9259-6b93d4914a75,2023-07-03,Twitter,Like,Neutral
c8a01b2a-9609-45a7-8f50-fa49f6ba25c5,6d2d5238-de15-4524-a507-bce93d2239d2,2023-09-28,Twitter,Share,Negative
abeab0fe-53bc-42d0-98c4-cf2ad557a781,0304729e-df42-436c-b108-b1e73bb949c3,2024-01-15,Twitter,Comment,Neutral
11b046f0-b091-4bfb-b0f4-df58bfea039a,adb78781-c9d7-4956-a222-3243ccfebe93,2024-01-15,Twitter,Share,Positive
ebae3bd0-ff1e-43a5-856d-bc85eebf9057,b8715db6-9090-4398-ad53-74cfd54b8a2f,2023-09-04,Instagram,Like,Uncategorized
bdb8e28a-44e5-4b20-b4a5-fd345abf6fbe,da85366b-c58a-424e-b713-c8432bae94ae,2023-09-15,Facebook,Comment,Neutral
86c8bcf9-6c61-4615-98c1-2c572d35722d,13ec973b-7647-4983-879c-7f9a209bc991,2023-09-03,Facebook,Share,Positive
41a70349-bf97-44b7-8d7e-f71d8ba581ef,1c65dc78-4ffd-44bd-a3f6-ec14edcc6ce7,2023-08-17,Instagram,Share,Neutral
32ea36b7-323e-451a-8b46-7c3540e03d4d,9b71d7d6-a19f-4527-b671-bb3445efe231,2024-02-14,Uncategorized,Like,Uncategorized
6596f49d-5c9f-4bcd-84a0-82d866b98314,3a0805d9-069f-455f-9f45-5f27a804c814,2023-10-25,Facebook,Share,Negative
499713c5-04d9-4f79-bd77-0d0e94208cd8,abb1ecf8-4958-4f5a-ae27-37b3cb80d0c4,2023-09-10,Twitter,Comment,Neutral
e2114d58-4f01-483d-84fe-cd9601cc8be9,b722f2f9-e529-4e47-b68c-9f44127284ab,2024-03-19,Twitter,Like,Neutral
47bf3bc6-17a6-4b21-82b5-90f78af4c25c,c22096b2-50c4-41a2-979f-37c11e528925,2024-01-26,Twitter,Comment,Neutral
60043349-aca0-4f92-987b-8888e8985f78,5d1951bc-0a7b-425b-a908-ac2bd6c4c298,2023-09-05,Twitter,Like,Positive
7d83304d-2501-4c9f-ba63-a1a14343e51f,65ced8d5-25ba-44fc-bffc-3f759664ca5a,2023-10-16,Facebook,Like,Neutral
e8378bbb-5280-471b-85ce-7d03ad33528d,22deff43-004a-4337-bb7d-c5dab7e67bcc,2023-10-21,Facebook,Share,Negative
de1c2a79-7a56-4c28-aa2c-bb92b255b031,4e94ef75-5f62-4f18-b7b5-c3f7e49e6de5,2023-07-19,Instagram,Comment,Positive
e8960cfa-6e94-4260-8a99-74188b90a1fa,8d7fa281-4a49-48d1-bfa5-cde2a18f95d5,2023-10-07,Twitter,Comment,Neutral
e8378bbb-5280-471b-85ce-7d03ad33528d,08390d38-9ac0-46d0-8ac3-b3cce10ce627,2024-02-10,Facebook,Like,Positive
5cea80e1-34e1-4474-806d-73710d8c86b6,e613c75a-38b4-46d9-ae86-3c5b6436333f,2023-07-10,Twitter,Share,Negative
f3c5ed90-b092-407b-b79d-de8893ed319d,f04d2007-a461-464c-a9f8-02888faf481e,2024-04-09,Facebook,Like,Positive
b4d77e81-1ad8-435d-ad3f-e60c25593417,076150be-5503-4cd4-8ea7-97e896f54180,2024-05-08,Twitter,Comment,Negative
fc9f91cc-00f1-4ffa-8016-878c069f3a1b,5ef4bffc-d0a7-42ce-808b-34f331fa94fe,2023-10-03,Facebook,Share,Positive
8625ce38-0973-4727-8133-b77f37efcff3,4ce33eb9-1e2a-4299-b642-262b6cafa828,2024-06-13,Twitter,Comment,Positive
9de4e68f-2be5-489d-bbe0-e2dff3d3d24c,de515213-2636-40b7-a689-8dd5b268fd20,2023-12-12,Twitter,Comment,Negative
d8128163-77f8-4389-b4d4-2afff0e05e7a,68b55b60-2597-44b3-9633-8bd9c8059bfb,2023-07-08,Instagram,Comment,Negative
131e14c8-65bb-4559-9016-d0a0c4fc64e9,02f00a56-b307-40a9-add7-80a845d242c3,2023-12-22,Facebook,Like,Positive
61c87875-0143-435c-95aa-62d6d00a4ecd,a096ed40-91f2-4f0e-9b84-050a96281c8b,2024-06-19,Facebook,Comment,Negative
cf394029-46c3-44ca-b558-a9e81a69f047,f5cd345b-20eb-464e-bfe3-67e7f15d8457,2024-03-17,Instagram,Comment,Uncategorized
3038055e-55da-4d47-8ca8-19c58b1964a5,4f8e3ae6-af95-4349-98c0-cc695c6335c9,2024-03-26,Facebook,Comment,Neutral
0c298fc3-6e30-4478-bc30-f1b56b2e655d,95f7c7b6-4f00-4ccc-9b25-14b92dfc6531,2023-10-27,Uncategorized,Comment,Positive
e2114d58-4f01-483d-84fe-cd9601cc8be9,1629b1a0-0a90-4f1f-ba7c-fca9b6e1859e,2024-02-01,Instagram,Comment,Negative
4e50020d-aa1c-46b3-9821-63d7b69f58ba,53fd0cfa-cd6e-4a91-b4c4-ba361d71cbf7,2023-10-03,Instagram,Comment,Negative
511faced-6566-441e-bd99-f8261bf1c079,0dc19409-c5c3-42fb-a8a9-477dc4c7c190,2023-10-21,Twitter,Like,Negative
c7795b86-84bb-4da2-a8dd-8433adda3783,699131e4-e182-4819-89b3-f945fd76274b,2023-09-10,Twitter,Like,Neutral
225bd0e8-25ab-4049-b175-617bd77103db,b4e74dbd-8ecf-4db5-a7fd-dc54fd6677b5,2024-03-04,Facebook,Like,Positive
544dda6b-7d2f-445c-90d9-caeccac0e548,f6f3fa7d-a8f5-486b-ac0b-1e86a1cc9758,2023-08-20,Facebook,Comment,Neutral
404f9aca-5c0b-484f-a4ec-65ef1b401718,71b199d8-43fa-4de5-a2a5-5e4d98a26fe7,2023-11-22,Facebook,Share,Neutral
61c87875-0143-435c-95aa-62d6d00a4ecd,ce72e9ac-9881-4348-9bdd-a884b76a7757,2023-12-16,Instagram,Like,Negative
806f26a0-986d-495a-95f0-76805e6d8ce8,58e4b89b-9743-42e1-9715-39b1cc777a55,2023-07-06,Uncategorized,Like,Positive
e2793648-25fc-4270-b977-c87b382ab8ba,97351146-386a-4955-8d5e-c7408c7d7cae,2023-07-07,Twitter,Share,Positive
8d8fe8bd-2009-4a15-be37-83dba3cef447,2212803c-4a00-4263-bae5-aaaff6d6bdb1,2023-08-30,Instagram,Like,Neutral
93e30b51-c0cc-40b1-82cf-7478d75cac87,352d9960-9736-42c8-9b68-07383e3befce,2024-03-26,Uncategorized,Like,Neutral
feb00455-3007-4164-9921-682fa5352ec4,233da803-2c29-4cfb-884c-9bb7b61b835c,2023-12-17,Uncategorized,Like,Positive
7544b929-8f47-4c93-98b6-e5748e3b5715,16e16577-b2eb-4e7f-a0b4-4ba6984dd56b,2023-07-13,Twitter,Comment,Neutral
c2db166f-c1ac-4c34-a6aa-0c22721171e2,be494223-5c80-49ca-962c-d54e5adcdb09,2023-07-21,Instagram,Share,Uncategorized
8497db9d-ae82-44bd-a7c0-123ab1ae5eb0,fd11fce2-2975-417a-8e10-755c13d13ef6,2023-09-19,Instagram,Like,Negative
af22c4bc-8b3d-4261-9920-fddb8b83607b,b8e147f3-4637-43f0-a10f-460c0e06dc7b,2023-10-05,Facebook,Share,Negative
a14c5d2f-87d8-4caf-b91e-ab6865872c37,444e3a04-e537-4f75-9187-fc89908c35c3,2023-08-11,Facebook,Like,Positive
cd406f95-85b9-4aa4-b550-71136df2534b,400310d2-f8ca-4188-9646-7b0129404e26,2024-06-13,Facebook,Like,Positive
09b6e44d-dfb5-4215-ae1a-581038886711,f28a30bc-e022-4c8a-a553-d982e997fba6,2024-01-15,Twitter,Share,Negative
9f30999e-2fb8-47f8-90df-b669aaaa8fbc,c275140a-b5a8-47f1-9af8-c1e1996b1a26,2023-12-02,Facebook,Comment,Positive
7470cc5e-889a-4419-bba8-42853bdcbb59,8cb2aac2-507c-4e0b-a6d3-52e14eec46f1,2023-07-11,Twitter,Share,Negative
f5335ef1-fde6-4647-b1d6-e02a8b8165c2,245538a6-2ae2-4f1f-8ad8-a231b3bad7a8,2023-10-02,Facebook,Share,Neutral
ec48d5a4-fb1d-4168-9fff-01a1780d555e,41a92232-db60-4c6a-9ef8-5f80345b4e8c,2024-02-20,Twitter,Comment,Uncategorized
c4dc94e9-3c8b-4dc4-b38b-7eb3c9aa9f00,e6bcf0de-9b5c-4e88-8b6f-0b8b84849453,2024-06-07,Twitter,Comment,Uncategorized
1a78ef18-930e-4c38-8ee4-99812b5af689,2376bac5-8cc5-45e9-a6eb-7abe9cfdfa12,2023-07-17,Uncategorized,Comment,Positive
be10f9ef-a8e8-4ee2-a296-48c31c209b14,b9dc5dbd-8c2a-42f3-9615-c5911fc93da0,2023-07-02,Instagram,Like,Very Positive
70bc6d41-b25a-4041-a3ca-9215f887359b,d13d4bde-d08a-4a82-a3e2-e1ace4b9df12,2023-10-10,Twitter,Comment,Neutral
7f010694-f12b-402f-bd02-6afa18b0fae1,e4142243-82c1-4c53-9b32-612d1027536c,2024-01-29,Uncategorized,Share,Neutral
c9f831b4-43cf-4ed9-9b47-09542e239c70,db5b0bb3-57fd-4ecd-bb04-69fccfbcdcab,2023-12-14,Facebook,Share,Positive
f43422cc-a731-4574-a05d-9adf4dd4bea4,920f6f3e-12a5-499d-acc4-918187db700a,2024-02-24,Twitter,Share,Neutral
c5dfebb9-5891-4a1d-a50c-a6851dad85cf,dd386c7d-7392-4b87-8f9d-44f98267239e,2024-02-19,Uncategorized,Like,Neutral
432b84c8-05c8-4609-b8f7-a0c298fb8f23,1c92ac47-b164-4db5-b24d-b210e162c9ad,2023-11-30,Facebook,Share,Uncategorized
616aa636-834d-4ec6-853f-8edb30213d81,71ab9e75-3dcb-4e4e-8d63-5a2bb92d647a,2023-10-05,Uncategorized,Comment,Neutral
0b78455d-7ecd-41c3-953b-4c883ce336f1,3fd8ecc1-19e9-4bee-b95d-c859b4895760,2023-11-16,Facebook,Like,Neutral
0b568a94-a069-4bde-b8a9-201fdf3ab299,dfae2cd0-bddb-4d01-b20e-a0a0e827e10d,2023-07-31,Facebook,Comment,Neutral
5a8b6207-27b9-4ad1-9157-cfac7d2abd4d,9bc91cc1-3444-447f-967f-9b63125c6ae8,2024-05-12,Twitter,Like,Positive
7a2a204c-45c6-472b-81e1-3fcfdcaef417,ae9946b5-9097-43b8-b117-2a82b24aab84,2024-04-01,Twitter,Comment,Uncategorized
63761a52-e454-4701-a01d-6255d2d15895,f932afe7-ee8c-4b54-9788-a8976663ea57,2024-02-15,Facebook,Like,Positive
6d9b7c15-f813-4be6-8071-815990189894,f7369f1e-d573-487d-bbfa-207dac518d95,2023-10-03,Facebook,Comment,Neutral
2de49c7c-32ae-4ba8-b058-622a090d7094,39bff46a-8e21-4bed-b9a9-16f9daef972f,2023-10-15,Twitter,Comment,Positive
54b4e6a4-5bcb-4792-9791-2a2aa5e110ab,24f73db7-046d-4c3f-b028-0d8e5dab46a5,2024-02-09,Facebook,Like,Uncategorized
2a8b0748-3a77-47ec-a6e9-c8c191b39d62,2af3c6e3-e852-4b84-a3f1-cf2c63dad11b,2024-02-21,Twitter,Like,Uncategorized
030c85eb-9872-47e3-83ca-0ac4af613294,28526e7a-04bd-45cc-8ebc-7044048f2bd8,2024-01-29,Instagram,Like,Negative
3a204a5c-66e7-44fe-b1b7-6ca40fb677b5,613cd810-6569-4147-b89e-41ccac9d53e7,2024-04-14,Twitter,Comment,Uncategorized
7364802f-db98-43cd-8efa-8695104b4b0d,d0d8b0c9-3694-442e-b4ae-565756fbda61,2023-07-13,Facebook,Like,Neutral
b997c175-798f-4376-b922-812f74e38986,7f4a3fa9-2b4f-4be9-bffb-c4c7567256ec,2024-01-16,Instagram,Share,Negative
df8efbc2-afb8-4036-b764-ec5d26891ca3,22ffec79-39e0-4a4c-a56a-eb28523d3bb2,2023-09-29,Twitter,Comment,Neutral
25feddf4-42a5-47b9-8b95-ba74f0c0ea9b,f59843d7-c738-46fa-a57b-5b845f27f2cd,2023-12-18,Instagram,Share,Neutral
c8436ffe-dcc2-4103-9c12-c5f3c6f17505,88b52998-98ac-4282-9bce-95abe17a058c,2023-08-17,Facebook,Comment,Neutral
da5a20e8-9419-44bf-aea6-350370006907,e6006ca4-36c3-4c7b-8212-ac2e88fd84b3,2024-02-09,Twitter,Share,Neutral
63e0ea43-1c66-4d4d-9e5a-7eab3f40c858,49bab2e3-e9dc-4ac3-b155-cf6dd7b0f4be,2023-11-10,Instagram,Share,Positive
78002a64-8a6e-4d61-80a9-1bbf4c41ae76,9203b896-05e3-4570-a0ee-fe2ddbf95955,2023-08-07,Instagram,Share,Positive
99aa2615-17e0-47c8-915d-3ec0250aba6c,6f21e5a1-f965-4175-8edd-99a285f29d15,2024-03-18,Facebook,Share,Positive
614379ce-8b7d-4c8d-8f71-8e8bf62066a4,abaacb2c-c66e-4de0-a029-30bfd009ba83,2023-08-15,Instagram,Share,Positive
c5537a33-a4c2-4e97-b439-a4d59e2baf6b,3b4d2f50-570f-47d6-a88d-01dd47f14e3c,2023-10-24,Facebook,Like,Negative
64b89b9e-1cf4-4b42-add8-94b7ec861f1a,1eceeacf-411a-4bf6-b854-79d788b72519,2023-09-11,Instagram,Comment,Neutral
9f682ebb-dc68-4d1a-a83a-4b1f74608578,517b4f98-1fef-46cb-91f5-9d82b970361c,2023-07-15,Instagram,Share,Negative
4cf833f0-9d6b-440b-9846-6d1c0fc613c0,b465edc6-9fd3-464b-af95-129b34a7c49d,2024-02-12,Instagram,Like,Neutral
5000dc5d-f0c7-456c-9603-e73c6835b085,400068bc-3057-4c46-b3cf-062efb08682e,2024-02-09,Facebook,Share,Positive
a3824b0f-b72e-4c29-a242-b79c541895bb,61d7a489-001d-4b84-adeb-a7d50cf02ac7,2023-08-02,Instagram,Share,Positive
10aa865b-1440-4be7-82e7-9322d490e50b,a0ece88f-9250-4c7e-960d-c0a101dd12ac,2024-02-02,Uncategorized,Like,Negative
1d26a8ed-88ca-4806-9ec1-7db7ee6a748f,359b71b7-e23a-4a26-a2c1-3aa0ae7a26ef,2024-04-29,Facebook,Like,Positive
dae434ac-3ee9-4f08-908c-a30aee292780,c6694c87-8e4f-40d1-a4ab-349f2a8e0ebf,2023-10-06,Instagram,Like,Uncategorized
b27c34a1-416e-4fd0-b5a2-b62dde9ee452,ca4b9acb-28fb-4ca0-8391-626b8977ce96,2024-04-16,Twitter,Like,Neutral
cf93db25-321f-4148-805b-662d6258ddb3,da9e2d1c-272b-40a1-8ad7-2e2724bad4f4,2024-02-12,Twitter,Share,Neutral
74364a0b-426f-4da9-8cba-d18cf33c6e39,232030c9-06d2-4ecc-9357-bffe24d730bd,2024-03-06,Twitter,Share,Negative
4c15fab5-9db0-45c1-84e1-ec0829328556,fc38ce20-e553-42de-8ae5-51652aa458e3,2024-02-20,Twitter,Share,Positive
dae434ac-3ee9-4f08-908c-a30aee292780,ffdcb7e5-81c2-4791-832f-c960f619463e,2024-01-31,Facebook,Share,Negative
56fe3f0a-c1fe-4cfc-a986-658ebb6416e8,731a8738-86f8-4c80-9890-3d64d3ce2aec,2023-10-04,Uncategorized,Like,Neutral
95cf4dc5-5521-4559-9b97-5cd62467916e,880ba28a-19fe-48dc-ba34-79c1a46f0cc2,2023-10-22,Instagram,Like,Positive
6ead7849-cb52-448a-9493-794a50e5456e,0861d10a-751a-4818-9f4d-1dd2818bafc3,2024-02-04,Twitter,Comment,Neutral
8d58b37a-8c7a-4359-bc29-50d097b24de1,890ad77d-e69b-4bb4-9b60-7d6ec0919ffa,2024-04-19,Instagram,Comment,Positive
1028c9f7-f42a-425c-8250-292131378975,f424955a-d190-49a7-b691-0ae198cf0aa2,2023-07-14,Instagram,Comment,Positive
d73b85a1-9eaf-4141-ab97-d98e418cd938,2b34f25e-5027-4c3b-8997-c3e4dcaf4ca2,2023-09-18,Twitter,Share,Neutral
8259be60-437d-486d-9b10-b834e22ba7cc,4972c04f-1d73-470e-b281-78bbad5b968e,2023-11-07,Twitter,Share,Uncategorized
36ad6220-666d-4a38-8fe6-96956bf3b36e,c5400dec-05d7-447e-ae4d-8b90d40b957c,2023-11-27,Instagram,Like,Neutral
1938b05f-14b1-4bda-bedf-24863003259e,465ae064-b3d6-4897-9fa4-71623248f3d6,2023-12-09,Twitter,Share,Negative
02e7c42a-8322-405c-8fc5-d7728a09a5db,604ab1f2-dbf2-4799-b459-a0b787f209a6,2023-11-05,Facebook,Share,Negative
cc69a111-0b82-4061-98f7-317b2ce823bd,112a427c-5ec8-4c13-97ee-e8cfcce3c672,2023-12-31,Instagram,Share,Negative
c12ab95c-d42d-4e32-ae97-95faef364e52,6aca3feb-3c28-4895-a101-708fac0fa03a,2024-04-10,Twitter,Share,Negative
1e9e7dcb-e612-46d3-bae6-0c2f47fa0220,e9cf9df4-6f59-4e47-83c0-ec77f1fc34fb,2024-03-18,Twitter,Share,Positive
48313b18-ccdb-4946-b958-1ebfc92dcc2a,40fe6342-0fb7-4564-9f64-c12a4d3315eb,2023-10-09,Facebook,Comment,Uncategorized
9eb78179-6de7-4c67-b04b-709c40f5ce01,f41e5d51-6f10-4dd1-81e9-d2b532a57a3f,2023-08-13,Instagram,Comment,Very Negative
f8df7ba1-4e72-441f-b5fb-40b84666e1fd,a68e9871-ccd1-4128-ba55-95ea62ce538c,2023-07-09,Facebook,Share,Negative
6a178ba8-e3a4-4458-8f8e-8e47314d1af2,5ef20963-9132-4825-9679-5d847ae48c83,2023-07-29,Twitter,Share,Neutral
841fd92c-2c00-4beb-b870-76df175c4398,06529586-e140-41a8-93de-6755e8ecd628,2024-06-27,Twitter,Comment,Positive
4deac5c0-5e2e-4794-9978-f25be68734a7,aac170a3-ee62-483d-b3a7-83e4ff26ba42,2024-05-02,Uncategorized,Comment,Negative
78fec206-bd61-4111-8a5b-6c450b8e4268,7287970b-6146-4d98-ab7b-6e5e75ff654f,2023-08-13,Instagram,Comment,Negative
983068c4-0f6c-4969-96a3-c4de81e494e7,38d5bf13-757a-4a2c-b237-3dc4616cc215,2024-01-26,Twitter,Like,Positive
6fc9f0ec-7c57-48d3-a613-e717798ddf39,a52f9fc1-a74c-4e03-adf3-05ae9fa103f2,2023-09-28,Facebook,Share,Negative
f381038c-b3ed-4561-84b1-0f60d4afb6c9,a5d17841-efe2-4b48-b274-f1c08e30379c,2023-10-28,Facebook,Comment,Positive
6b2f8f03-ab9e-48a6-a07e-10e794b04fe0,5813bc3d-0346-4fe7-a5b6-6db694883d37,2024-04-01,Uncategorized,Comment,Neutral
1756838b-8368-4852-b4a5-32a23643a3dd,d1e12b7a-af61-467b-85e2-f8dd5e283498,2024-04-22,Uncategorized,Share,Neutral
13c73f2c-056e-40c6-a61f-97d5790c504a,9c0bfc2e-9166-4f78-b9e4-4df18bc0a0c0,2023-07-26,Twitter,Share,Positive
4a5db138-8b0c-45dd-b686-0f90edd42c3d,705dbefc-b2b2-4d9b-9854-7e5d0738a09e,2024-04-04,Twitter,Share,Negative
567e8154-f199-4535-b9fe-ce9cdb311901,3bef7b8c-c397-496c-9114-e6898d21c0c8,2024-01-11,Instagram,Share,Positive
86cfcf4a-7f33-4bf6-aee3-4a2a12ac76c0,85620da3-f25c-4e78-b92c-a9fd13533a09,2023-12-16,Facebook,Comment,Negative
b8749ac7-628a-4fc6-81f4-8fd885fcca3c,f249ffd9-ae76-40fe-8d03-02fa37b924b2,2023-07-07,Facebook,Like,Negative
f48f4ea8-77e4-49bb-b32b-216e6c278c07,384f76b8-adcf-44aa-9624-27cb3ab19ca1,2024-03-20,Facebook,Comment,Negative
54f75d68-a8d8-4790-b65b-8937fd8f561b,51e34277-0d03-40e5-bea5-f89578880c44,2023-09-23,Facebook,Share,Neutral
9b8c33cc-4121-4fad-82ee-fb5fa49b1b74,a26fc6e6-cedc-4fc8-a281-999cb22fab9a,2024-01-12,Facebook,Like,Positive
5304fc02-34ca-4162-9284-3b42e90f3bce,7ceda3dd-d221-4340-8f43-3fc51fd0ed92,2024-05-14,Facebook,Comment,Neutral
b1160da2-67a2-4ac3-a338-06f960278e02,79aa752d-6000-4c7e-b542-08110a6ebec1,2023-09-23,Facebook,Comment,Negative
ea8aa9a1-7a06-4c9d-be6d-e8f856d49e1f,88e9db98-d5b5-45a1-924e-0d36ae18def6,2024-02-08,Facebook,Like,Negative
f0b50780-920a-4030-b0ef-b9789bb689d3,cc91b8fc-2efb-4f41-aa0d-157a5fa8dac6,2023-07-20,Instagram,Comment,Negative
52eb500a-0511-4085-8e1b-b823b3fd5522,0cb11c0e-b9cf-4a15-94a5-b2dce816e4b5,2024-04-21,Uncategorized,Comment,Neutral
07ea2879-d2f9-49ab-935b-d5d2e21ca816,0080cf40-71eb-46bd-9be7-34fbfc662e33,2023-10-23,Instagram,Comment,Positive
c3a5e86e-a74b-420e-b1e7-13bcbe6b71ac,9527bd17-1ba5-45e8-9e2b-18ef52ba2782,2023-12-24,Instagram,Share,Uncategorized
f5b15ef5-1301-4e8f-b2c8-9f7bcef998d8,d175ba9a-c13c-4b51-9d52-836783fa6df1,2023-08-05,Facebook,Like,Neutral
e8a5fdb8-fcd9-450c-9635-e376266c8bcf,3d37f1e5-21f1-47dd-9cc4-b3a0a219e4a2,2024-06-12,Facebook,Share,Neutral
e2678aa5-6131-49ab-b2b4-fa51e46c7784,1621c673-818d-4ad9-839d-8a5093f53e61,2024-05-07,Twitter,Comment,Positive
ea1d9b0e-9f4a-4105-aa9c-14308856de89,1ec74e10-7fa6-492b-9898-061fece1df19,2023-10-29,Uncategorized,Like,Positive
47e7acf4-444d-452f-bdc9-b1b7e180f9f0,fb055752-bf0d-42e7-b775-9e37fff8747a,2024-05-04,Facebook,Share,Neutral
f770e561-feaf-49f5-8a33-7dae0e80cb43,957bad7b-04c1-4d60-bb6a-8ec7ab791670,2024-01-22,Instagram,Share,Positive
3992dc40-20ac-47a9-b735-ea72c8ae772b,157f057f-01a1-4d1a-b443-a7de8c872c28,2023-11-16,Twitter,Share,Neutral
9e99f76d-1daa-44b5-89df-85554e334b59,824102de-5b24-4bee-bfa6-61027243028a,2024-01-16,Uncategorized,Like,Positive
567e8154-f199-4535-b9fe-ce9cdb311901,42c12b5d-e7e5-4296-96fc-090b4acb05f6,2023-08-13,Instagram,Like,Neutral
42f52b1e-bedb-4294-8039-7b08c1be1662,bb2968ac-a33b-4f0c-b24b-9b60ecbf4de5,2024-04-03,Twitter,Like,Negative
6007e8e7-4c8a-4df0-b03a-e7afdb6684e2,d1b3b142-7994-4f7a-b45d-97c953ced97a,2023-09-10,Twitter,Comment,Uncategorized
073c6562-9889-4347-9102-98422192068a,a746426f-922b-4abb-9f3b-49bef44ff83a,2023-12-02,Twitter,Like,Negative
b0f6482c-2895-48e5-b17d-76f51f537dec,6076ba2d-7382-4340-bba8-cf30002324b0,2023-12-12,Instagram,Share,Positive
06f2803b-2c2a-4d62-87dc-927ae28bdd5a,89ce34f6-b47a-4ae0-bb6b-f74885d812bd,2024-05-11,Twitter,Like,Positive
14845984-5bef-45d5-9c6a-daf55f287206,bb0b298e-9f4c-453e-b91a-f175a634a8ab,2024-05-11,Facebook,Like,Neutral
850477f1-54e9-42b2-aa69-329bdb1198a0,2957ba05-b1ee-4048-91af-9414bd6c00fd,2023-10-30,Twitter,Share,Neutral
64531be0-1043-4a93-84c9-a3fee938661a,2e3cff14-4e96-4a82-aea9-ff5f9f9fddc7,2023-11-12,Twitter,Like,Positive
72622d98-45f7-4977-b6b9-052494b2d929,b22516cf-7fc2-4c77-b4fa-9110481c6eda,2024-06-19,Facebook,Share,Neutral
3c0eae54-dde8-4291-95d3-f8dfb98c475a,bcf05a02-635b-41f8-a5d2-70894d2c9edc,2023-07-10,Facebook,Comment,Negative
0a21cfa0-fa4d-45f6-8236-4995799bc0cc,a414f16c-8921-4e2c-9dbc-da296629eb67,2024-02-26,Uncategorized,Share,Neutral
c3547dd4-61cc-495c-a7a2-b103bbae3835,c1a3629b-a85a-4e7c-ab51-6b5157379d76,2023-08-04,Twitter,Comment,Positive
03d5404d-aa72-4d9d-b49b-562036780b34,ae3ffd1d-bb89-431d-86e4-34ec63c9a4b4,2024-05-09,Instagram,Share,Positive
2a61ddd6-e8be-4d46-923e-3a7bc0bf905c,a898d934-8bd2-4387-9e6f-2c69f156e7aa,2024-03-14,Twitter,Share,Negative
ec5770ea-d47e-4872-8e74-3c77c1fe8b3c,e893e636-91fd-46d5-b952-f06ecb75d9bb,2024-01-15,Facebook,Share,Negative
78a89caa-958f-4eb6-850c-88f70736f76b,03f07ebb-d91f-47b7-8b25-2c2b786d6d4c,2024-05-31,Twitter,Share,Negative
ba3f79ad-b3ab-47e5-8803-22cb4ea8cf13,f8036e48-f700-4d5f-9eba-50f970f60e04,2024-06-10,Facebook,Comment,Negative
25feddf4-42a5-47b9-8b95-ba74f0c0ea9b,15279dd8-a3af-4701-8775-6f3e3013ee71,2023-08-08,Instagram,Comment,Positive
0156ef90-c829-4e9e-8fec-8634e8ff3c54,26a0c989-f915-4bab-a3ca-fcdc7de9aafd,2023-09-17,Twitter,Share,Uncategorized
7ad2f808-14ec-407a-9485-a0a140891701,f6b626fd-46b6-4b69-93a1-e837ad0fc31f,2024-02-18,Instagram,Like,Negative
b2859f73-c572-4bb7-90d7-51e5cc6747eb,32532d12-b6b0-409f-8242-916a8eeb4900,2023-10-13,Instagram,Like,Uncategorized
d6fa22e0-95a7-4968-9527-41ebf73c7764,6ed36b78-43d0-4ada-be8c-036380eace0c,2023-09-20,Uncategorized,Comment,Positive
979bc8f4-1b2a-433e-8ae5-a4932b819a3a,e3febc68-90fc-4293-8bb4-2c2aaaeba1fe,2024-02-05,Uncategorized,Like,Positive
b5045ac9-31cb-45e4-b43e-73581751c807,92f405dc-81ca-4bc8-9e4d-1ca644669ca2,2024-01-30,Instagram,Comment,Neutral
b085f94e-216f-4455-a560-f3c1c660869e,7cc65059-3490-4694-97db-a137855c55c1,2023-08-28,Facebook,Share,Positive
fd3a126e-f442-4a57-a6f6-ea4bc6a41f65,fb6c7780-db9e-4da7-88bf-b6ae178d26b6,2023-10-09,Facebook,Comment,Uncategorized
291b8d92-ed74-401a-a002-c9663056e74c,2e084e41-9907-46bd-b617-d75a208f351a,2024-03-23,Twitter,Like,Negative
e1787f8a-3681-477f-92bc-c76f56f14bc3,e61b7c96-1cae-478b-8451-1677026788ab,2024-02-17,Instagram,Comment,Positive
108b24fe-ab06-4eba-b13a-dc2c521b76af,bc51b207-adab-4e36-a444-9fa9444b0f72,2023-10-14,Twitter,Share,Uncategorized
40f5a5dd-a46f-4a5e-8c0f-fe04389ddec8,ab0052d8-a0f0-4f9f-96d6-c0d67f1a9f3c,2023-10-08,Instagram,Share,Negative
9bd23b55-cbc0-4082-ae18-916ea8895c07,3cf01374-ae02-4c35-a284-0b1141b3b42c,2023-10-12,Instagram,Comment,Negative
f2b87137-d105-4036-88fa-d0f0713ca516,4b7c99b0-31d5-4006-991c-fc252c184d6f,2023-12-24,Twitter,Like,Neutral
bd957d6c-e7f6-4beb-8a2b-48293b432295,614b2b30-e32d-4366-8d75-9595c54c1a9c,2024-05-15,Twitter,Share,Uncategorized
a3b96c20-01b8-45de-9498-3ef19433a68f,e536e4dd-e99e-49f7-a9e0-4a248c80d006,2024-06-09,Instagram,Share,Uncategorized
36656b2c-c7ad-4c3e-b2f3-c9d7beb78aec,ada514e9-2528-451a-89ad-f26523fe0982,2023-08-20,Facebook,Like,Neutral
270506ea-c72f-4926-a9f4-e29ea53adb9f,41597eea-7003-45e3-8065-03aa90b5aa67,2024-03-10,Instagram,Comment,Positive
41515dfb-2748-4294-af0e-530898e03af9,621c177c-0c36-4a34-a0b5-1f94affd106c,2024-06-07,Instagram,Comment,Neutral
9d25a4c2-9323-4df8-ab97-dbfdc89c7ee6,3eaa4034-96fd-4218-9d6a-e7f64f95b767,2024-01-20,Instagram,Comment,Neutral
634e5e49-50a3-492e-9482-b2ff4820cd3e,e46ac5e9-783b-4430-a256-0818bcf8acae,2023-09-17,Twitter,Share,Uncategorized
aa53dc4d-35a6-45a2-9ffb-f83d25cf0e60,f3439e98-9699-4ba2-b6d9-9f3ff1bed910,2023-12-02,Facebook,Like,Negative
8895020d-182f-4965-b790-0e11ba1063c9,75a4fe84-1bbb-4f6f-b36a-74e9879a53b1,2024-04-09,Twitter,Like,Negative
bd6137f7-c1cf-4ee2-be20-19982a7ffc8c,91e1501d-711f-4561-8df3-6d81f730940d,2023-08-10,Twitter,Comment,Positive
9b24f754-cb7e-4601-a95e-a216796c6b82,fb1b29aa-7e78-459b-a5b4-db90007b4a03,2023-08-11,Facebook,Like,Uncategorized
30dc519a-a52c-465c-8678-8110e7bd13ed,81954d27-b597-422e-aa1d-e3a9686d2535,2023-12-05,Facebook,Share,Positive
bbd7722e-a596-4d09-bfc2-444058f373b4,2310fa72-7ac3-4ffb-9157-c7aec4e959f8,2023-11-28,Twitter,Share,Positive
892d4069-6d8d-492f-b5f9-cfc329ee9e78,73cff97d-2836-4437-968f-4b71b1a2b52d,2024-03-27,Twitter,Share,Negative
ec3f29fb-a953-405c-81f5-397eed71a76f,e0b2e898-1c3f-42f7-80de-3d2864f56d4c,2024-03-07,Instagram,Comment,Positive
34878e84-afed-4cb1-a969-08a070c6be85,97a7fcad-84d5-43ee-ac71-ca7a59616ef6,2023-09-29,Instagram,Share,Negative
1f31b312-f00d-46ba-a83b-586ebeabc72c,abb406e9-d0e2-42a3-b274-9f3261d29e85,2023-11-23,Twitter,Share,Neutral
3225bbb4-c47c-44b8-aea8-6cca20b50892,5826ef78-5b4e-4fe7-b164-6473b508f1a2,2023-09-19,Twitter,Comment,Neutral
8d8fe8bd-2009-4a15-be37-83dba3cef447,3a6c9a4f-af39-4c1a-a79d-44e539376c61,2024-05-18,Facebook,Share,Very Negative
3d1c05ef-f343-4096-92a7-d06628c422d0,9f4eb241-fe51-42db-9acd-751a28b27b10,2023-08-27,Instagram,Share,Uncategorized
e9064093-cd0c-4797-9e90-d12bd96061c7,7dd3be5b-df17-44ce-9b07-a4109b72e414,2024-05-29,Facebook,Share,Positive
7be6d71b-02f8-4b79-af40-2cfd25692d9f,604a0466-b72d-48f4-82a7-4de30fd969ce,2024-02-11,Twitter,Comment,Negative
03d6d674-5310-4a05-ab0b-8cfedc46a1ab,bfaa9449-7975-4a58-8aa0-aeed770f11ea,2024-03-09,Twitter,Share,Negative
8af27e3e-6225-43a1-b3b5-9a838531c97c,e8a1c79e-262e-4ec7-bb03-94fb3eef9524,2024-03-21,Facebook,Share,Neutral
551a4700-bea6-4596-b371-48c0ee1b5bf0,31a4ca82-02ab-4ae7-8de1-1e0319e6dccc,2024-04-16,Twitter,Like,Positive
e1d35dea-3cdb-4d0a-b5c2-3084869420af,cbf47c4a-7834-4ead-b16d-0c11f4274710,2024-04-18,Facebook,Like,Positive
4daabb30-a613-4170-bdb6-b79e45d9856b,41f67a38-8573-46b0-8191-15bff64cb922,2023-11-01,Twitter,Share,Uncategorized
409d7d69-e0b1-4493-8b23-100fb9518966,1692d876-9bc4-4038-b402-bb3bb5425683,2023-07-05,Facebook,Comment,Positive
30c722ab-be73-43a8-80bb-545ce0e564b3,2e11fd02-e7af-4a8b-a49d-c0ddc61a7496,2024-05-09,Facebook,Like,Positive
66a5402f-681b-485f-8e79-82e647fd97d3,431a97d9-aa16-412c-a603-92ee5e40d79d,2023-10-06,Uncategorized,Like,Neutral
577fcc56-95dc-443a-9289-d12614f5cea3,6aa66790-7673-4228-ad3a-fd05442b2e91,2024-04-07,Facebook,Like,Neutral
97bce874-b534-43c8-a49f-563dabc968bf,03357344-9ed7-4fa0-bdb8-9431bedcba03,2024-03-21,Uncategorized,Share,Very Negative
25283b2b-4273-48ea-b92c-fa8866f06d97,61759a9e-06b2-4c52-af1f-ce5c729e1d58,2024-01-05,Facebook,Share,Positive
c3ee84bb-f586-4e4f-9d43-48af820faf03,46299ba6-ca1a-4601-960d-1954acbc8eab,2024-01-13,Facebook,Comment,Neutral
8497db9d-ae82-44bd-a7c0-123ab1ae5eb0,49531352-de26-4bdd-ab71-9543e8fb3073,2024-06-02,Uncategorized,Comment,Very Negative
d2bf7d5a-7734-4e7d-bbc4-8d0b9c4c883c,e97f671a-40b5-4aff-8a89-dfdf28ac54fa,2023-12-10,Instagram,Like,Negative
c53ec9f0-64b5-4425-bbb0-3eea90241a18,d32b68cf-d58c-4a47-a1a0-6ad189b2e7f8,2024-03-14,Instagram,Share,Very Negative
1cc636ba-e6ea-44c6-a056-0de95dce9831,4de53875-f5e5-4ab2-9027-0fce3977ed07,2024-06-09,Instagram,Like,Neutral
4de89717-0180-4856-9895-30818a271462,81e54247-4523-4f2b-bf71-ef590303f4b3,2024-05-19,Facebook,Comment,Negative
acf47c33-118a-4844-84f5-6c5834568e66,8de428c6-6b2c-475f-9012-b679aabaf1a4,2023-11-30,Twitter,Share,Negative
181df381-a7e6-4382-9d05-df46b8cd042c,88c149c2-7271-4e80-8a6b-25e9636531f5,2024-02-26,Twitter,Like,Neutral
f8f1d636-5018-424b-8d1d-4e0b0938eb24,40e52dfa-f202-4d95-a708-75a6254708d7,2024-04-16,Uncategorized,Share,Uncategorized
6cd5d668-396c-4e82-97ae-a8bb7fa1d010,aabe4c6a-7f02-43c1-86ee-4366514a7586,2024-04-19,Facebook,Comment,Neutral
7fa1d4e1-e465-4d23-82c8-c096f58fb5ed,9370b1ee-0caa-4142-83db-d3964ca04da5,2023-09-05,Facebook,Share,Very Negative
b94a126b-755e-4ee1-91f6-c5f86ceef780,ee5c5764-7be7-45bc-be85-58dedd5ae873,2023-07-15,Instagram,Like,Neutral
6bdf083a-ab78-4720-8cdd-1adf010ef2ed,44004afc-1a04-42ae-8114-e6ef9455b36e,2023-07-01,Instagram,Like,Negative
24fce394-c68e-4c04-b884-393a6662dad7,a9c75812-6aa7-4627-95c3-fa2c8fa972ea,2024-06-26,Facebook,Comment,Uncategorized
e2fa338d-8332-4ab3-a739-da2eba2f70a0,cd108349-bb7d-408d-ace1-ca06570e9f8f,2023-09-02,Twitter,Like,Uncategorized
7874d078-3021-4170-bc0d-08bff84130ad,ee6213fa-37f5-4a3a-935f-8ba535b181b1,2024-04-13,Uncategorized,Like,Positive
24b043e8-6fca-4d86-95a8-837e0ca09072,41e9bf4f-55a9-44fc-bdb6-266c3afdeb4b,2024-06-15,Facebook,Share,Neutral
c7712686-3e9b-49d5-a673-e7d480d04ea8,732593df-e908-43bf-99ba-f12947952f18,2024-06-24,Instagram,Like,Neutral
7e3256b2-49d1-419e-a30c-8504f446e64e,fb5d1e14-f7b6-42d8-9580-44d0e74856fa,2023-09-15,Twitter,Share,Neutral
9c52add6-d6da-42b9-be78-9a5d2d771aec,8642c52e-8a6a-4b77-835a-2122ed9d7891,2023-09-20,Twitter,Share,Positive
4631b6c9-4f98-4c82-9a40-21976450d667,6d382836-faef-404b-83f1-2ff3209a3e6e,2023-10-21,Facebook,Comment,Negative
7f010694-f12b-402f-bd02-6afa18b0fae1,ec672079-e66d-47d2-b579-64679f8f6f6d,2023-08-01,Twitter,Like,Positive
0ad25f2c-6c04-4af7-8672-475375387a4d,627facb0-7612-4c1f-ac6c-aeba0950e101,2023-08-14,Instagram,Like,Positive
7d10a376-a72d-4cfc-aafe-9378487151b2,54e00ade-cc6d-4be6-b1c3-a56f02c7a406,2024-01-30,Facebook,Like,Neutral
2da3a384-4f08-4048-871b-a1acfe7d7c59,990e2a70-1e1f-45e3-8aee-0c4ce974cc40,2024-03-12,Twitter,Comment,Neutral
d9c7e8c8-bce5-4e67-a361-5397aa25ae4d,cf228188-174f-4681-9e40-1b4dc8f5f9a3,2024-04-08,Twitter,Share,Uncategorized
76be2909-fdde-4580-8f9f-cb0c409a69a3,d524a94a-8e1f-4b73-a691-bb628063f515,2023-11-09,Facebook,Comment,Uncategorized
b82ee981-f4ba-49e3-95de-49084a33db20,0db83254-08d2-48a2-a84d-244415c15a90,2024-02-12,Instagram,Share,Negative
0340d565-36b4-4d28-9619-7899512b31b8,aa434088-2e4d-4120-909b-6c1c2984cda7,2023-11-11,Instagram,Share,Negative
2ad0193d-7aa5-4bb6-9da7-05e401230a74,bb42b160-527a-40be-8bee-d48472289747,2024-05-22,Facebook,Comment,Negative
e91f7528-96a8-4286-877f-3e8b25000a74,cf6a5f7f-0ba3-4731-a4c7-a2dea3e3a14a,2023-10-23,Instagram,Like,Negative
f3fa82c6-4086-4756-96f8-eff3ea337f59,8fa09680-8db3-41c2-9c12-2956fcc3b9cf,2023-07-06,Instagram,Comment,Negative
fd35b6b4-ad1c-49cc-9c34-8c2d696f38e2,912ec5b7-df83-4553-904c-c97b6b22c2d5,2023-11-01,Instagram,Share,Negative
56c37202-e78e-43ed-b919-ddb5da658d63,b06e2ee2-9802-4452-bbec-7f955bcd9799,2024-06-25,Twitter,Comment,Negative
92012350-c38f-4911-987b-6c574e4826b7,3e519f0b-3860-442e-93ad-375257c26d1c,2023-09-12,Twitter,Comment,Neutral
f3f8dda4-749f-4890-b326-8d71bc938f73,95234a84-6671-4bbf-b795-1eb3b3e6b596,2023-12-04,Facebook,Like,Negative
0835b6e3-f10e-4a8d-8d11-e64445faed2f,a0cb57d2-10b4-481c-acab-fe096632c4a4,2023-07-21,Twitter,Share,Neutral
544dda6b-7d2f-445c-90d9-caeccac0e548,1c6e6907-fccb-4f99-b996-b690523efada,2023-07-30,Twitter,Share,Neutral
c3547dd4-61cc-495c-a7a2-b103bbae3835,1a2f57a8-468c-4543-b148-fddff9d454ea,2024-06-01,Twitter,Comment,Neutral
443b1911-42b7-421d-9e51-4e885e50ab0a,aed094e0-0925-474d-a72a-70ad6ab79bd7,2023-12-08,Twitter,Like,Uncategorized
1aae80b1-13e4-41df-b430-4a94d5416bd4,662214b4-6ed9-46a5-a21e-961061235f09,2024-01-24,Twitter,Like,Neutral
1559b55b-9653-4992-90d5-8819bd5466ef,f998a3cc-f7ae-4413-8bb8-252305b6381b,2023-08-21,Instagram,Like,Neutral
ab125c81-4129-466b-a8a4-f127fa73e694,a0b64af4-bf36-4b66-8a12-9e4fba48eb79,2023-10-02,Instagram,Like,Positive
df8efbc2-afb8-4036-b764-ec5d26891ca3,50a28c39-f64c-4d0c-be44-0d4ffdc6367e,2024-01-08,Twitter,Comment,Positive
7cd96f82-4bad-4efd-a6aa-d6098dff001e,5dcedf24-a308-41ad-926f-a8bf5424d7d1,2023-09-13,Twitter,Share,Negative
a60e0cb6-7b43-44f2-956a-16caae372e9f,37ce93d2-27b5-478f-808c-3095cae7fae1,2023-10-22,Twitter,Comment,Very Negative
b779c476-9543-44ef-b23e-72fd407bb706,439da2b5-83ce-4bb9-9848-697f476e9a35,2023-07-03,Facebook,Comment,Positive
9f5559c7-88ea-44e2-b7f4-39d44a8eba60,d74a90c2-8ffa-4388-b264-ce05da500c2f,2023-10-21,Facebook,Like,Positive
b92224a4-fa0d-4e99-ab1a-9f76360a4e33,ddc780d7-d5f9-4e5c-be79-7c33bb726823,2023-11-23,Twitter,Comment,Neutral
c5440e19-6474-40f0-9306-f4d590035241,0a5ba885-59fc-4edf-981f-4ce2f133dcc7,2023-12-25,Twitter,Share,Positive
43230006-9636-403f-966c-f7e3166e504d,e4754263-1617-4bb9-bfcf-2fe7883b3c50,2024-06-03,Uncategorized,Like,Negative
56f11a95-76f1-4a97-b38f-db1dc95da1ed,3d04353d-79b2-4a07-9cb4-1816c3240862,2024-04-07,Twitter,Share,Neutral
322d552c-3a57-48dc-bfff-7804e35ab734,aff1422d-f459-450b-bdd9-8186e3d5e295,2024-04-13,Instagram,Share,Negative
aa5eea4b-c948-41f4-9285-229a470002aa,4071df8c-c3eb-4109-937f-c179ec67e099,2024-01-12,Instagram,Comment,Negative
5dfe3352-ee78-4510-a968-9aba1dd940a2,4aac0d8c-4b1f-48b4-815c-5422df89ae2a,2023-08-29,Facebook,Like,Neutral
db686608-4e73-4a34-8018-95f212c2361e,1c364d70-03cf-4784-99bc-8d7e95c114df,2024-06-05,Facebook,Share,Positive
3d8408ab-60f2-465f-a112-d6b7747c4a4a,848b19b0-0aa7-45c1-91a8-6a97ae25fbfc,2024-03-28,Instagram,Like,Neutral
c448b2f5-80a5-4fde-8144-8bea32bc3618,b972b4c5-9825-4505-99d8-03b6a4c758d0,2023-08-22,Instagram,Comment,Negative
e6f38640-260c-4c82-bb98-1a5ad730365e,2a23d3d9-2ecd-401a-861d-8ba7cc1b0c14,2023-11-01,Facebook,Like,Negative
ae276db2-f801-4593-a6cb-911b98ecf4e4,46e1d629-802d-468e-b4ac-524c3e8e9b8f,2024-03-06,Twitter,Share,Positive
ef43348f-ca24-4768-9ff8-49d61372c266,8f167087-fd92-4fe1-acb3-a1d3bbc0c28f,2023-09-25,Twitter,Share,Neutral
d386662a-c1e2-4d7b-b6fc-ac6a9fbe4850,fac6b665-077c-4786-9759-45f03d32becb,2023-10-23,Twitter,Like,Neutral
0731634f-5209-42eb-9671-8f0cddf22eec,ea2e770c-da79-40fa-a3dd-4ce4be6de2b3,2024-06-21,Twitter,Share,Uncategorized
f7df3c81-3e6b-43c8-ae1c-c7b51cfcf21a,24792e3a-793c-4b7c-95b6-8f11b782e93d,2024-05-30,Facebook,Comment,Positive
f6db05bc-e9ff-454c-983c-fc4a7fd13323,ac1403c9-3824-4021-990c-38070ce9faee,2023-11-14,Facebook,Share,Neutral
c948b688-1a1c-4d0d-828d-e130777f1fbd,96121159-a45a-4d89-9f7e-7cd1952f5782,2024-02-13,Facebook,Comment,Negative
c46acc0c-c5cd-426e-8955-d4a04d6ba4f7,27fbcf22-3504-4485-83d0-22e435847a2e,2024-01-22,Twitter,Like,Positive
6f822fa2-fe63-4c4b-9948-7ecbfe600173,3eead437-1159-40bb-8814-a8f405019be4,2024-03-06,Facebook,Comment,Negative
3794861b-66fe-4d3d-a796-fdbfb9eadd97,045ad3e4-28a5-4a26-a0c4-cb661bbd75b4,2024-02-03,Facebook,Share,Neutral
98ff8454-f7df-4193-a23a-34b23769aed2,c2a7eb87-3c3a-4389-b6da-10541d087cc7,2023-10-09,Facebook,Comment,Neutral
02b325b3-f763-47f0-8454-d8cb65fa1832,924aba39-ef98-4338-ab57-03a5889f3669,2024-03-18,Facebook,Share,Neutral
1223fb41-781f-4bbe-95ee-cfc4163ff736,d54f8481-5f54-46bd-b81b-a86c8f03f3ea,2023-10-16,Twitter,Share,Very Negative
25283b2b-4273-48ea-b92c-fa8866f06d97,88f8d779-69b7-469a-9884-924a9905b892,2023-11-13,Facebook,Like,Neutral
bf516307-fb1c-4d71-9348-23cbc39d8eae,05a94d16-ead9-4f44-a989-636636d1ba2b,2023-09-22,Facebook,Comment,Uncategorized
8036eeba-6f8a-4859-a21e-16f4c29cfa3d,afdb286d-df22-47e9-abae-1da0a3df7a2e,2023-09-08,Facebook,Like,Neutral
b91999f9-b7ed-4da4-a285-1dafae98e21d,7f4c1688-39ef-4c02-9f29-b652312113fb,2024-06-14,Twitter,Like,Positive
41515dfb-2748-4294-af0e-530898e03af9,07a21118-cd54-4388-af37-7d9fa963594c,2023-12-12,Twitter,Comment,Neutral
df5cdd30-cd21-4e24-850a-c77ef1aceeaf,faff8cee-e891-4844-b4b3-4ff3aa7d5802,2023-10-11,Instagram,Share,Neutral
939cf2d9-6764-404e-8ea8-ea5d283c3b8b,7bddbefa-f039-4682-9072-f0a3afce543f,2023-07-04,Facebook,Comment,Uncategorized
fe652a6b-df5d-4a14-99e1-3d1bc3d4aba9,76a32c43-3bfa-4889-8983-0d01733327d7,2024-04-09,Twitter,Share,Neutral
3c0a3687-a1aa-421e-b671-9e4f859c56e4,2fa0ad63-5505-405e-a34b-248c596fc38c,2024-05-31,Instagram,Share,Negative
e428f752-7388-44dd-8461-13f18101a835,51544dc5-64ed-49ee-9472-33f12260e09d,2024-05-21,Facebook,Like,Positive
06177732-35a3-417b-9377-959d68b958b4,facbd1e4-abd3-4e17-b831-2818041d7303,2024-04-15,Facebook,Like,Negative
63876e8d-32f5-429a-aee2-dc871d3a2a70,a7930b03-c23d-4bd8-a5f5-5e191b603f5f,2023-09-02,Instagram,Comment,Neutral
937245e3-10c3-446d-ab02-f916fb556395,d1dc29e1-ebfc-46f8-8f52-609fe75b0253,2024-04-24,Facebook,Share,Positive
b05ce7b6-2285-4728-8601-6d75030a902f,80603a5e-979a-436e-aae9-c6a18754a8fa,2024-05-08,Instagram,Like,Neutral
a0a6e4bc-9637-42b4-875a-7ccc6ebf3b04,c2bbdb82-9621-4f78-8d50-15af960c4a89,2024-04-14,Twitter,Comment,Uncategorized
fcb31c19-064e-4e81-b69f-16e8d8f3e737,df1a56fd-2ef3-4f02-86dd-764620cff692,2024-02-02,Facebook,Comment,Positive
a402018e-e30f-45e7-99db-a7e03ec94dcd,c2c56321-aa00-42b1-8082-c5fe347f22e3,2024-02-21,Instagram,Share,Neutral
a3167bf4-3e37-4b74-b60f-bed399191b75,f8beb0ae-3fd0-4be6-8e5a-b676faf22928,2023-10-29,Twitter,Comment,Very Positive
bf62da41-16fe-4fc3-8202-22bd3ac47c68,9bea00ba-b525-4b06-a01c-2b6bee3a9cf3,2024-02-09,Instagram,Comment,Positive
99fa724b-e2bd-4739-a204-3c94957fe3e8,6d9ba48d-bf94-45c9-a1ba-2470ee54af55,2023-11-14,Instagram,Share,Neutral
700a2326-efbc-4774-b564-0fe6ec9eb34b,78b549d1-5e13-435f-8859-e8331c7339ec,2024-04-18,Facebook,Share,Negative
d03df71d-b02e-4c1e-a2cc-79ebb353b530,b50ca803-f418-4ff0-981f-396eca3f99dd,2023-11-14,Facebook,Like,Positive
1d4e578b-738c-4913-84f4-b008488eab48,20cffec0-0b66-4494-a2a8-97d1d59964b7,2024-05-21,Instagram,Share,Neutral
30fbbfed-bf48-475b-8057-2f27f7c343af,1ac48ed8-65f6-4715-b54c-1fcce9a486e4,2024-05-26,Instagram,Share,Positive
da355e21-5fb0-4778-839f-50853e76b07b,ad79c705-d8d4-4bc7-b835-167660416a2e,2024-04-08,Facebook,Comment,Negative
aeba2f6d-bf7f-4a93-b947-4b5d03d6fa95,ea5423ba-1db2-4331-9667-c71a76ab8b8b,2023-07-05,Twitter,Share,Negative
3971a489-00e0-4673-a9b5-7b411d729996,67e62275-e4da-4a11-a406-a5aa3ef9e749,2023-07-09,Facebook,Comment,Negative
48ba61eb-1ce0-43ae-88ec-82a11872e1f3,1580da2d-0578-4a6d-8eb1-224dc284ebfd,2023-10-07,Twitter,Share,Neutral
b92224a4-fa0d-4e99-ab1a-9f76360a4e33,24212be6-9f10-4d83-a53a-5cc6bc1a6466,2023-07-23,Instagram,Like,Neutral
c3a5e86e-a74b-420e-b1e7-13bcbe6b71ac,0a2dd707-56ee-4998-9c04-8c15fc5d6159,2023-08-16,Facebook,Like,Positive
1afc1e60-be41-4f45-9ff1-73f28d0dbdc9,e7e17db5-dde3-4ce0-9ccf-26ad538a209f,2024-02-27,Instagram,Like,Negative
832fe90b-db19-4a42-aee0-c3feb0f2cc64,d9243ccd-69d1-42a6-8eca-968ea627290e,2024-01-28,Instagram,Comment,Uncategorized
5dadaa1f-e9ec-489b-9fb3-722b7086c116,fcbbd5e2-bd72-4745-a6f7-75b2873ac762,2023-07-24,Facebook,Share,Positive
1c767217-8c99-4314-97d5-bab2476e4e11,6e483772-42e7-48df-9b57-4c22602e083b,2023-09-08,Instagram,Share,Positive
de765812-6f23-4059-94db-2805a34f44fd,62dc23b5-7277-4d24-a640-b08147f7f4e9,2024-05-28,Twitter,Comment,Negative
e492b3f7-f74b-4ac1-9d04-2cfc9d9afc43,351f2cdf-43e4-43a3-bada-25055ec88484,2024-05-10,Instagram,Share,Negative
4e2d8d82-8597-4dcb-85b6-c530f56d708a,0bff96d5-5986-415c-818f-db7d237cb055,2024-06-14,Twitter,Like,Negative
4584583e-9825-4aa4-81ac-d6879195853f,51c0fb97-d416-41cd-9825-c02a91521c7a,2023-10-08,Uncategorized,Share,Positive
882f2271-7120-4805-a126-849b41837856,3c8dda7f-ed3b-483f-a21b-e5178467ea59,2024-04-24,Instagram,Share,Positive
0a21cfa0-fa4d-45f6-8236-4995799bc0cc,5e435ca4-fb7c-40bb-ad29-2b6089a16a60,2024-06-08,Uncategorized,Share,Negative
c2c93273-8204-4385-8dd5-a277dc51989f,00f344eb-b8f6-4d26-aa74-097d5cc8ba43,2023-10-08,Facebook,Like,Negative
69c0971b-1c85-429a-aa61-496f9c0a4410,a73a5232-0e2e-49db-9ef0-aa827a8eb3b4,2024-02-20,Twitter,Share,Neutral
83daf4d4-0b79-4938-8936-0237e7de0653,95d805af-0318-42af-9e91-90bc1c7e074c,2024-05-26,Instagram,Comment,Negative
dc00bb3c-1afb-4a12-b61b-a2ddeef1e370,aac28f3f-7fda-4913-8d93-21159fef92b2,2023-12-12,Twitter,Comment,Very Positive
86d1b8e8-2777-45fa-83d1-b0d08dbbc476,c6192f25-2c86-4994-bddf-091ba57b8c39,2024-01-28,Facebook,Comment,Neutral
454e8612-79c8-4ef6-96d8-c369d6f50825,68e76327-f66a-4cf9-951b-35f4c0f88727,2023-10-26,Instagram,Like,Neutral
83daf4d4-0b79-4938-8936-0237e7de0653,83ca7aea-795f-400b-a604-62c18b21899f,2024-06-20,Twitter,Comment,Negative
c4dc94e9-3c8b-4dc4-b38b-7eb3c9aa9f00,694c773a-bfef-4d7c-a709-a00877eb1eb5,2023-10-07,Facebook,Comment,Positive
045ab4a7-5793-4f93-bb9a-8becd4e20422,689021d0-5770-4fbd-b5bb-a605d735bdc0,2023-07-29,Instagram,Share,Neutral
815eac55-eb0f-4ded-8f0b-20d0115996f6,e4bc85db-286e-4cf3-9ba0-a65a0fed952e,2024-02-05,Twitter,Share,Neutral
eeb74206-f6c8-4ebf-afa7-69d5bafd37fe,f0410f78-7440-40f3-9a59-ddb97315f733,2024-04-28,Twitter,Like,Negative
567e8154-f199-4535-b9fe-ce9cdb311901,bb30847b-5b09-4466-8d26-8b52e972eb28,2024-05-02,Facebook,Comment,Uncategorized
54b3556e-e480-41a2-9dcd-7da1d91655aa,f4d73390-28ff-4b7a-a4b5-4541216e52cd,2023-08-01,Facebook,Comment,Very Positive
0009fdd2-ae63-45ca-8d5b-d0ea98381f7b,26af70c2-acba-461c-95b8-8200de6b154a,2024-02-16,Instagram,Share,Positive
126a19e5-9bad-49df-a564-60ddf3c6afa6,750fd004-42b3-4495-8f66-ce264b133f76,2024-04-16,Twitter,Comment,Neutral
b791d365-bf14-43ae-9939-aabd2c982866,4b0ee561-22b5-4872-9e05-3f830129eea6,2024-03-23,Facebook,Comment,Neutral
31d58284-4bff-4b53-b5bd-f447e8518a5f,e36583c2-eef5-4820-95e4-534b632fe7f7,2023-12-08,Instagram,Like,Neutral
6ad843a9-9ca3-4835-a20c-6e81665594e6,46747c34-af13-4c3a-a5d2-a85555995d42,2023-10-14,Twitter,Like,Negative
e7e5e8fe-5fdd-43e6-92e1-5ea3e399486e,8c48a869-973f-4dde-9409-53bb0d727615,2024-05-11,Facebook,Share,Negative
831d1007-c7ab-40a1-80e5-b0a3ef1852a9,012cce11-7310-47e9-8dda-aa9e494ae089,2024-01-13,Instagram,Share,Negative
e3fb51fc-de97-4be6-80f4-7e6341610dd0,174e23c0-33b5-46c4-8b24-08ea85673aff,2024-06-27,Instagram,Share,Uncategorized
b22ea045-5ad5-47fd-a03a-6657307f82bf,e5089dc8-55ae-472d-81dc-39a155f02f10,2024-02-26,Instagram,Share,Neutral
a3ceaaae-d389-4f71-801f-182316d6b788,644f3777-b4f8-4c07-99a8-fb6f2a590017,2023-10-03,Twitter,Share,Positive
e36847ec-fbf2-4270-937c-a010c528fba4,045907ef-9e87-463e-aeb0-0945389a9aed,2023-12-08,Twitter,Comment,Negative
d499e291-a5a7-4b2e-9a89-99c0a49da18a,a81179ab-358d-4fcf-8aa0-620bce2aaf02,2023-11-22,Facebook,Share,Uncategorized
2bab13d7-b642-4ac3-88ba-1c026fce0836,6c2cb390-e3e3-4e60-8729-cf60ae6499c1,2024-01-29,Facebook,Like,Negative
5be78fe8-76f4-4e6f-8f63-551c6a35f380,86e7d9cc-1ea3-46d3-9274-64ac38a45cbe,2024-04-19,Facebook,Comment,Positive
e5b86db2-c53a-4804-a021-57846859196f,caee5d4c-d98d-4b7e-a2e1-de9fddd5dc3f,2023-10-31,Instagram,Comment,Positive
63761a52-e454-4701-a01d-6255d2d15895,e559bac5-7d2e-4d54-8d25-7184581575f4,2023-10-18,Instagram,Like,Uncategorized
9b756f15-797c-4adf-b0cc-25d501a7e4fb,e898c697-07ff-4303-a4f2-ee9894516517,2023-08-21,Facebook,Like,Neutral
ab1b3b16-c910-4450-bf8a-8817de7019ee,c63d0fe1-6c13-4f0b-a076-94bb6720e10e,2024-05-07,Instagram,Comment,Negative
15d4ef39-45ae-443e-866c-ce025234f154,ed357cf0-c7a3-4393-a1c5-ce8d135fc704,2023-07-13,Facebook,Comment,Negative
b2859f73-c572-4bb7-90d7-51e5cc6747eb,ce62b230-72b8-4eaf-bf97-094d84c345ad,2023-10-10,Facebook,Comment,Positive
e2b61ce8-65cb-437f-a370-4feef6395a80,2642d68b-5845-45d9-9f93-1c9704e99386,2024-04-05,Instagram,Comment,Positive
581657eb-d7c0-478a-8b99-8cb33c01a4d2,b056eb72-e3a1-4532-826e-a62f152d4176,2024-03-15,Instagram,Comment,Negative
66515d36-ce81-4765-b76c-9ee0eeb66c98,0dc90efe-0d68-4eaf-acf3-4115662d0dd3,2023-07-23,Uncategorized,Comment,Neutral
8de0429b-700b-4253-b914-e61d580aeb08,dace9312-dc16-4275-a809-85379ddb4e84,2023-12-03,Instagram,Share,Negative
592c60d1-2f03-42d4-aa26-ca11f9fd0e0f,6160da23-a652-4f43-a723-47e5f9fd0a77,2024-04-25,Facebook,Like,Neutral
0c298fc3-6e30-4478-bc30-f1b56b2e655d,020837db-5783-4ac9-9955-1ace5175a1a0,2023-07-05,Facebook,Share,Positive
bb275448-8285-40dc-8d02-657918eea20f,87a5dc22-4319-49bf-9911-79b957a802ec,2024-04-17,Instagram,Like,Neutral
80a0ca0b-e478-46fe-b45d-fd286623787f,c2254cf3-a023-4367-bbe8-604fde315c6d,2023-11-02,Twitter,Share,Uncategorized
df02206f-1c15-4d49-9a7d-0ff4026a8d44,88d893cd-23ac-466c-bec5-55d001d7a6a2,2024-05-05,Instagram,Share,Positive
ca6c1f4e-b7cf-46a6-abd4-ddf01db1c975,fd5b8a9e-05fe-41d4-b0d9-646866c4d35d,2024-03-31,Facebook,Comment,Negative
f26e70b2-0535-4b15-a778-c10c1f0edfab,555c2880-e483-4644-915c-f40fb9552cf3,2023-07-30,Twitter,Comment,Uncategorized
020b3cac-9f2f-4d73-b078-c94099d75240,6c633157-cc20-451a-b49c-3d97c34767d2,2024-02-22,Instagram,Comment,Negative
9fd04f97-12cd-408c-8de3-7d5d7144055a,98a29607-cad6-4411-9a23-92acf6cdfa34,2023-09-16,Facebook,Like,Very Positive
71ebc48b-3b38-41a6-8cee-0472e1fab9d4,4f49f52c-2c8e-4404-b4fa-50f4836f3031,2024-01-29,Instagram,Like,Negative
9bfa682d-c94e-4a68-878e-a0e02c3d2238,e2ff485c-9bff-4df0-b1a1-9c2b8d230fca,2024-05-30,Twitter,Like,Positive
42557c76-96c9-4961-9b7b-3e1e8e7857da,aac8dfae-06dd-4fb5-83fc-e6410cada77d,2023-11-18,Twitter,Like,Negative
2d1b4390-b57f-4b9f-87b9-c32f072a1166,fb16d6b9-ca8b-41b8-8609-6e6a3dc16f34,2024-02-11,Uncategorized,Share,Negative
e84dc82e-6702-4702-9c98-6a60f3be6158,0d463bd3-cddd-4788-9b76-bd710874d1dd,2023-09-11,Instagram,Like,Neutral
e36847ec-fbf2-4270-937c-a010c528fba4,69926811-ad45-4c63-bec5-3f4fd5a97302,2023-10-18,Uncategorized,Share,Positive
8f6a81be-9729-49b5-bc93-4ab9d3c5f6b3,7b74e3bd-b707-4278-acef-70e24cd2dafc,2024-02-26,Instagram,Like,Neutral
1e30c651-0b58-4e94-af1b-91f790c46422,4ba6d188-1d19-414e-b9a5-571486da33cf,2024-01-05,Facebook,Share,Neutral
d1c17e57-cbb9-4dc8-b638-ba2f1b1a8cef,f7f62526-908b-4895-9dc3-f28cebef8021,2023-09-24,Instagram,Comment,Negative
fb54e89f-87cc-4b19-9c19-9488273a3a69,1dffb88a-5ddd-4892-94cc-4fe95f8bf145,2024-05-09,Instagram,Share,Neutral
8240be7d-ef8a-4f51-a5d1-1389e6aa43f2,af046e30-966c-4e51-92a8-04503b74a86b,2024-05-06,Twitter,Comment,Neutral
af4927ba-261a-43f2-93fb-87c102029ebb,60353475-91d8-4150-947e-11c3802a8944,2024-01-25,Twitter,Share,Neutral
5000dc5d-f0c7-456c-9603-e73c6835b085,e2363eb9-f014-4bf6-85d6-208c7d62c230,2023-07-02,Twitter,Like,Positive
ecb192f4-a8ed-422c-9f08-712dd8523245,759c27d4-b523-4120-871c-e4c40fd027d5,2023-10-13,Facebook,Share,Uncategorized
03d7aa25-0f9d-40a3-9eb4-baa5a4e14e9f,af09d9d2-4f96-49f9-91c4-ca9695d26bc5,2023-09-18,Uncategorized,Comment,Positive
be4e184b-21d4-40f3-926b-bb3d6504942d,db4efe5e-a773-403d-8882-ac62517cd519,2023-09-16,Instagram,Comment,Neutral
251ad392-becd-4f54-bc87-545f64cdca65,ec1d9962-28b6-46db-bd1e-14feeb689bf9,2024-02-01,Twitter,Share,Neutral
d73b85a1-9eaf-4141-ab97-d98e418cd938,222600e2-dd26-428e-8cd9-30dcaf14257f,2023-09-02,Instagram,Like,Positive
d628f478-28c1-4d09-b926-8d586d8dea98,1f190a0c-7adc-4662-a0a9-5c9c423d824b,2023-10-02,Uncategorized,Like,Uncategorized
35340a85-a4c1-42fe-b168-1b91548b50b6,ad60b967-e629-47ce-87eb-d1b6bb96981b,2023-11-16,Twitter,Comment,Uncategorized
d145e194-7272-4dd7-8ad9-2837f4672f8f,812cc16f-cb7a-4dfd-a48b-7bc73801696b,2024-05-30,Instagram,Like,Positive
246eb688-f74c-4d53-a327-8d444a2fcd62,d5e5ba43-4ddd-4325-8569-05872cd89c1f,2024-03-19,Facebook,Share,Negative
51c78964-918f-4a61-a53e-44e5a8dbf5d1,4ccc1ca3-b569-4d34-8597-4bf3c2be920f,2024-06-29,Facebook,Like,Positive
1fde298f-1904-4dff-a59e-15640c89c519,3dfba668-d1ee-43fe-b033-8d29a7ba7eac,2024-06-03,Instagram,Share,Positive
246fb860-b424-475a-9321-514da3bb0da9,464e3e98-8e4f-443b-ab32-e684ae369149,2023-08-05,Twitter,Share,Positive
e1d35dea-3cdb-4d0a-b5c2-3084869420af,823d0949-1e9f-4efd-b192-05dff588873f,2024-04-04,Facebook,Share,Positive
36ad6220-666d-4a38-8fe6-96956bf3b36e,9eaf1978-14b1-4382-b3f5-a5bb500949d4,2024-06-08,Facebook,Like,Negative
ae0b84ca-a55b-424d-a556-40e89db2e099,df2902fe-e3cd-4579-b1cf-30b77ef60770,2024-05-14,Facebook,Comment,Negative
856a25cd-56a1-4558-a8ed-6e0e655cdb0d,04497fad-3872-4ca7-8b5e-3b859c7a2a08,2024-02-29,Instagram,Comment,Negative
539d2dcf-07c7-45c1-82b9-76b5bd380e8e,e8748188-aeb0-4263-bca8-7aa56f51bb8d,2024-05-06,Facebook,Like,Neutral
a8f090f4-9647-49e5-9bc0-06203eaa301f,aa767c47-95a9-4387-920d-ca37c2c6bfed,2023-09-05,Twitter,Share,Positive
e7ee4a4a-1be7-4b2d-a019-0372f123f611,542dff58-3f4a-41b4-a560-86d8421c9eda,2024-01-01,Instagram,Comment,Positive
131e14c8-65bb-4559-9016-d0a0c4fc64e9,70cef68c-45f2-4d30-8ac1-c06df426c143,2023-12-29,Uncategorized,Share,Positive
c3ee84bb-f586-4e4f-9d43-48af820faf03,45ae767d-8e75-4b1f-9390-340cab273be7,2024-04-30,Instagram,Like,Neutral
28c29c18-0cbe-40ea-b218-a96430cc4409,f392e206-9d01-4300-8cfb-60f9709269d5,2024-06-13,Instagram,Share,Negative
b7a81804-7f5d-41e9-87e4-1b5be4024c09,4df991a9-6fb9-4a4f-a6a7-9ed93273c84c,2023-10-11,Facebook,Like,Negative
710f0b73-da83-47ed-80a1-4a46a836eb67,611bd6ec-e86c-4798-b312-f565d8033465,2024-02-20,Twitter,Comment,Positive
08a911a3-65e6-4f5d-a6a1-ae7ddcbe28a2,2f5be635-60a0-4af7-a308-8a3b1022094a,2023-09-06,Twitter,Comment,Positive
c4197591-1c5e-4416-9a01-7d1882f2bc2c,869ed624-67e7-48d9-a728-0bd7b5b66c88,2023-07-10,Facebook,Like,Positive
dd68aaa6-d50a-4b2f-be13-0331ceae7708,4ebabcd1-2bcf-4f35-b76f-1f38b7d01d9f,2024-01-31,Facebook,Comment,Neutral
37fe7939-62de-48d6-bd1a-80ec3bb670aa,d28f7c6b-3a7f-4702-86ac-09c2c5ae6d23,2023-07-06,Twitter,Share,Positive
ea3a479e-5284-4aac-9486-036c404ecdb5,8dde6081-6bd2-4cd2-a5e7-8db0b921b601,2024-05-26,Twitter,Comment,Uncategorized
b69f9ff9-837b-4582-8187-1f2f28c6e2d2,aa06be30-75a2-4e77-a844-6d1d16591478,2024-05-08,Facebook,Like,Positive
49aca1de-4637-45a5-ac2c-5c64a9f16b32,30127786-fda0-4cd9-878f-611a103bf234,2024-01-02,Facebook,Like,Uncategorized
af22c4bc-8b3d-4261-9920-fddb8b83607b,f2636938-c0e8-4288-b050-b2f96b2bb206,2023-11-21,Instagram,Share,Positive
ad17268e-71e0-4fd2-91c4-0521eb3ffa0b,d8f6c993-d9c0-42d6-961e-d8af2b59e02c,2023-08-10,Facebook,Share,Neutral
8b017c98-ff3d-43d0-a0c7-6d1a7a2922e7,6c9a8251-cef3-4c63-96fe-d55bb261536e,2024-04-13,Facebook,Like,Neutral
fd3a126e-f442-4a57-a6f6-ea4bc6a41f65,89b05982-388a-4f03-866d-3df2f422c346,2024-04-02,Uncategorized,Share,Neutral
00e3c219-db57-4ed2-bc50-99a18fea33a7,131a70e7-b405-4f45-8a59-fb1697d60b9b,2024-06-04,Uncategorized,Share,Neutral
cd406f95-85b9-4aa4-b550-71136df2534b,ee78d9a8-611a-4a68-961d-551296515252,2024-05-16,Facebook,Share,Negative
8a6ac6de-96f0-4383-a87c-34d12e104bb8,a01f1b6f-2363-45bb-8585-e41f72745d51,2023-11-25,Twitter,Like,Uncategorized
059e4737-de23-4d2f-a6ca-0b178977ca2e,d2092eb1-ef8c-4118-8d95-117aa996e783,2023-11-24,Facebook,Share,Negative
0ab0e741-f4ad-4d82-92c4-b5055b5c5549,7fdad144-0bdd-455f-86f5-1ec37b6643c2,2024-04-13,Twitter,Comment,Neutral
6839b030-9abe-4bef-acf2-40fd28bef037,4ff51168-aec7-4607-b5cc-1ba37e314e1a,2023-09-06,Twitter,Share,Negative
2f736c67-3ae7-404c-9ea3-bda4b6662844,9a0b4478-cce7-4627-8778-a50e432027e7,2024-02-20,Twitter,Share,Positive
00d4fbfe-5ce0-4d87-a307-b15801d1373e,4599d8a1-f05c-4f54-ba2b-301efc406540,2024-04-27,Facebook,Share,Negative
7be6d71b-02f8-4b79-af40-2cfd25692d9f,9a89755e-f415-45c2-be9a-ec964d98971b,2024-03-28,Instagram,Share,Positive
8743ef03-ec99-48dd-83d2-af2e56fd5ea7,ee3389b8-e0ba-4c11-ab81-37c53eef1c02,2023-11-06,Facebook,Comment,Negative
3c0eae54-dde8-4291-95d3-f8dfb98c475a,2cf5b668-dea4-4e6b-b19f-f66aa7a8ac5f,2023-12-11,Twitter,Share,Negative
c8ed5272-be7a-4d76-a4cc-e70330c69ba0,03cdce23-e7a3-48d7-995f-bf39d096a641,2023-12-27,Facebook,Share,Negative
70007468-df22-45f3-a51a-ada0a1357f88,5c28b3e4-166d-4fad-8921-fe29daa3ef89,2023-12-19,Twitter,Like,Negative
acf61979-471d-4d03-99cf-bdd3668261a6,9a4d3c58-dde4-4020-a480-e6cf409d0efc,2023-11-07,Twitter,Like,Positive
3c7fde22-eebd-4669-860a-e4b5574e4158,82f54051-aaab-4db9-80ea-8d5548d7d9a0,2023-11-19,Twitter,Like,Negative
981deb70-b1e1-4d06-a2b3-489bec80c7e9,10c68966-21d0-4a3a-8a68-7fe5a08327fe,2024-01-28,Uncategorized,Like,Uncategorized
0f1eca8b-186d-45c6-8d42-460958fe4fd0,78744095-05d6-447a-b780-be0a98de9f0b,2023-07-07,Twitter,Share,Negative
be60acaf-bfb7-46f3-84d6-9441ca18656c,1e8ef920-1810-4259-b3a9-1e22b758545b,2024-06-22,Facebook,Share,Neutral
a7b667f7-d6c7-4fc6-b6d9-bcdeea32297c,665416e8-8316-4ac9-ad51-a83f49c364c1,2023-10-21,Twitter,Share,Positive
c964a44e-9457-4af8-a2f0-903fa35c491b,08ac30c2-813b-44e1-a725-b8c994a0b6ea,2023-09-23,Instagram,Share,Neutral
06d90ad7-f0cd-411b-8dc6-2b3132fe42d8,6b1b273b-afd2-4019-a073-e4d5d75bc1b2,2023-08-05,Facebook,Comment,Positive
b7a81804-7f5d-41e9-87e4-1b5be4024c09,258323a1-6f45-418c-9721-7fc67a3bfcc2,2023-09-03,Twitter,Like,Positive
a1b34f69-42df-4700-b878-f549f5a7f520,9d6822ad-5189-45b2-a1a8-02f079b95cd1,2024-05-04,Uncategorized,Share,Negative
bed6aaf5-80ce-41d2-b91b-11e7e3726d22,a4b0800f-0955-4e32-988e-3246408cfe0f,2023-10-13,Facebook,Share,Neutral
93345558-abde-4687-870d-49dfe412d9d4,ba0999f1-13d0-4c3d-b6cd-e14b2512112a,2023-11-18,Twitter,Comment,Negative
03f87e96-5555-4698-8c2b-5e8f59c1cd76,69a73d10-9072-435d-a8d5-a3bf91096e7e,2023-11-21,Twitter,Share,Negative
40f2fc46-f4cf-4987-ac84-73e500fcb521,f3a9c769-85dc-482d-8716-a465249ebd64,2023-07-18,Instagram,Share,Negative
e716042f-b529-4b6d-ab92-961e54229179,67453480-35d2-4dd6-9a8c-9f46df05efd8,2024-03-12,Instagram,Like,Neutral
262a3360-ed1c-4145-a745-3d5ecad9794f,2d4e9575-cebf-40d6-842e-1b09ea90783e,2023-08-01,Uncategorized,Comment,Positive
4702d3fc-a279-41fc-a3e1-9a643f76d8c6,052dfc00-cf95-42f4-807a-11c64fd89ee3,2024-03-26,Uncategorized,Comment,Neutral
f6bbcdaa-e3ec-489a-9d20-b2599f57323e,203a2aa5-9f75-4b62-a1a5-f23d88038572,2024-02-08,Uncategorized,Share,Positive
f2fd2f9b-b772-47c3-b503-5dd4fe9a48bc,3cade06b-aedf-49a6-b4a5-fd24d690904d,2024-02-29,Uncategorized,Share,Positive
d8fc115f-73be-487b-bdae-921eee1052bb,cce5d4fe-6569-4267-a860-1265c4261e26,2023-11-26,Instagram,Share,Uncategorized
52303d17-9d24-4c20-89e3-7bcfa92140c9,2f8e6d3c-836e-4763-9716-f206884ee1a0,2024-04-04,Instagram,Like,Uncategorized
ed89b7fb-0b0a-4e28-b086-538479d7cd24,da479359-3633-4a48-8785-2a31f1fb4ca0,2024-06-05,Facebook,Like,Neutral
4e0b3ce7-f89f-486b-bbbf-a5f258f661b8,f435878c-01d4-4205-b673-fd3f3a70885e,2024-01-19,Twitter,Share,Neutral
c448b2f5-80a5-4fde-8144-8bea32bc3618,9287dea7-bc58-43fd-bbcb-a200e494ef15,2024-01-26,Instagram,Share,Positive
2e0c9398-4399-4363-b1c6-d8bcde053c2c,284e95fd-aa9f-4d0c-b8ee-db5fe99329c7,2024-06-11,Facebook,Share,Very Positive
e8d8df85-ee06-4660-be18-4bd0047315ac,9b02c756-7832-4851-a69e-c83007bbbe47,2023-09-19,Facebook,Comment,Uncategorized
28c29c18-0cbe-40ea-b218-a96430cc4409,e8234fe2-3a3c-4a1c-acba-9603d5b0c128,2023-11-14,Instagram,Like,Positive
52303d17-9d24-4c20-89e3-7bcfa92140c9,cc14b52f-71cf-4049-8726-c8017367e3ef,2023-10-22,Instagram,Like,Negative
9bd23b55-cbc0-4082-ae18-916ea8895c07,183f6110-ce5e-4b54-afac-4ef8ac440f0a,2024-03-04,Uncategorized,Like,Positive
18fd1ce2-ecbe-4157-bdc1-4f5a8698b476,8ffc026e-ed4e-4ff2-a6a8-078506002073,2023-09-05,Twitter,Share,Negative
d1ce2eb4-0552-40d6-b473-73435099202b,768325d8-063c-4dcd-99df-b3852f668fea,2024-05-27,Facebook,Comment,Positive
0f50645d-c511-4df0-8020-43d5f17639f9,494d9a79-f2dd-4c90-aeab-286d5b85b2ec,2024-02-22,Twitter,Share,Neutral
a2bc414d-db64-43a9-8456-e0979baddc33,15c069e4-49d4-45e2-813d-d2f819463636,2023-08-09,Instagram,Share,Positive
ac538aea-1b99-4e0e-ae5c-1bdc2ce648ef,f6c44a4d-471e-4b80-823b-6d613c442d15,2023-07-22,Twitter,Like,Neutral
000c6bbd-533a-432d-922c-ab64197e71c5,fff3e62c-3c78-4883-9a34-1d8aad5c1582,2023-07-11,Instagram,Like,Negative
60043349-aca0-4f92-987b-8888e8985f78,2744b87e-2865-4ce9-b143-a1c5a239a9b1,2024-01-10,Twitter,Like,Uncategorized
088dbb34-9520-43fb-abe3-244083f14b93,a42919ba-e664-4fb7-bb0a-434f59dcfeae,2024-05-06,Twitter,Like,Positive
7ebb1bd0-ca6b-4090-9351-c4793fdf4bfe,252ca602-b228-42c2-a701-63054e4530d5,2023-07-26,Twitter,Comment,Uncategorized
d66cddf9-3b06-4583-8876-d9294f520f4b,c6fc35b2-f58e-475d-b2b8-7c29faf6ac72,2024-01-26,Instagram,Like,Negative
1c4c3ec8-256e-4c2c-bed6-cf5e97e076de,a9d90339-8eeb-4b5e-8370-27e8ed158ef3,2023-12-10,Twitter,Comment,Positive
c655d6d2-58ed-4584-a015-4f280e2c192f,dfd25211-4ec2-4252-8dc1-2462b007403b,2024-06-15,Instagram,Like,Positive
0b78455d-7ecd-41c3-953b-4c883ce336f1,47f26a12-e420-42c0-ad50-92f75e39b828,2023-12-28,Instagram,Comment,Positive
f0c55dc8-d7f6-481d-8992-af3ce9453a51,42f38c31-e41b-4b48-b56b-6f368ba25ab7,2023-09-24,Uncategorized,Share,Negative
8da1bcf2-03d6-4c67-863e-94f77ad8a850,3648f2ae-049c-47c8-819a-809270e4c5d1,2024-05-07,Twitter,Like,Neutral
a7c29c33-e968-4d84-82cd-1269ed1e7c1e,b022f242-0bb6-4749-8114-f26578daaeaf,2023-07-23,Instagram,Comment,Neutral
ba78abe5-c514-46ca-8feb-95426be7f8a3,221e5cdc-c7f8-4414-9fd3-4e4d17ba083d,2024-01-09,Twitter,Comment,Neutral
e27d60e6-24bb-4eb6-8745-15ff2b7c4484,071f7981-bbac-43b0-b577-bf130260f37e,2023-07-31,Facebook,Share,Positive
6e24cce5-9d67-4e1e-8816-0b7f767f1362,d53b1918-f272-4901-9d0a-15084b91773a,2023-12-19,Instagram,Comment,Neutral
6d4afc8d-d844-46b8-b074-32c8c365a575,19fca858-b56c-4b73-b258-950c192181a3,2023-09-15,Facebook,Comment,Negative
5358a222-28b7-4c26-8d76-b9954e44079c,129000c0-2bee-4a8c-9058-bcedcbce4dd3,2023-10-27,Twitter,Like,Positive
0a8833e5-9e7f-4a7b-94a8-216a46821d46,2bab6453-2931-4848-b1c1-0d0fd2679356,2024-02-28,Uncategorized,Comment,Uncategorized
fe652a6b-df5d-4a14-99e1-3d1bc3d4aba9,b2d7022c-b0ce-4491-9c67-c0671c4fa60b,2023-08-07,Twitter,Comment,Negative
d7960ed9-0372-4cb8-ba98-9cf4d88bca25,98ab9ee0-5cbe-429d-b1e6-bbc542589b97,2023-08-04,Instagram,Comment,Negative
3d1c05ef-f343-4096-92a7-d06628c422d0,78e0a441-24ca-49de-b34c-94f657786784,2024-06-26,Facebook,Comment,Neutral
8fb381a7-f59a-4da7-be95-d61ca40cf83d,f6790f91-7551-490e-9541-44e3ff719c41,2024-03-15,Instagram,Like,Neutral
8cb6b5ff-47d1-4d27-94e4-6a1c91ef3188,1e8f2ee5-44b6-46f1-9a93-e5b566d00833,2023-12-23,Instagram,Like,Negative
6007c09a-d082-4218-9cdd-087ec3d24dec,6e3ce012-371b-4295-bee4-18450ef773b9,2024-02-08,Facebook,Like,Negative
c234d519-1d1c-4822-b812-2d4fb2d7d0d7,7ab3de5a-193a-4c7f-87e9-9e9a78a774b3,2024-03-31,Twitter,Like,Neutral
5bf21edd-1328-41e4-a2f6-11da57b109e7,fd46b8f4-a4b4-4abb-bc2c-4b6cebf93e01,2024-06-08,Facebook,Like,Positive
bc3d81a3-8a04-4df0-bec8-ed35408264cc,384d57dc-a771-4076-a6a2-edd735b8190f,2023-07-21,Twitter,Like,Neutral
42c67723-2085-4d2e-b237-fbfdfbdf9f3f,4b9fb6e8-8634-42d7-94cc-35271ce5ec1e,2024-03-10,Instagram,Like,Negative
20cf5d25-bcb2-4574-98b8-2f11d28ec2a0,6242cb49-a246-4800-a1c6-b5cec07758aa,2023-11-12,Twitter,Like,Positive
80beb9b6-a0a9-4d5e-9bd3-58e9a85a92a8,48df7bac-0289-4b2b-801a-655a4ee4bae5,2023-09-06,Instagram,Like,Positive
97ef797e-2a0b-48d8-8e49-5d90cab7274a,93c41ee3-c8c8-47b8-9d49-30e89d419d6f,2024-06-10,Twitter,Like,Negative
dd326157-b76e-48ca-a375-fd97e1dab6c9,8884a7ba-1bcb-4d17-a2e5-defb9fa4a2e8,2023-07-07,Uncategorized,Share,Positive
22e1b1a5-34cf-4022-9313-484145b714ab,7cf925da-13d8-4233-9eb5-f437c2188058,2024-04-27,Uncategorized,Comment,Neutral
9cb537a8-07c4-4bff-82ec-f3eed82e8917,65bdbda7-8168-4b39-834a-723467f113b6,2024-02-03,Facebook,Like,Uncategorized
fe2f07a4-61db-4cc4-9e3f-7d47dd44fc96,68f4bab7-6275-4d8a-9444-113eb9beb516,2023-10-31,Facebook,Comment,Positive
7c40da22-ee52-4381-b501-c5fc91248472,09de7951-9976-47ca-804b-a40d6e251ecc,2023-12-27,Twitter,Comment,Negative
56a5cf77-1afc-4911-8259-9293710ca596,da6d86ee-bbdc-4e47-8e9a-e9b36715bd9e,2023-09-08,Facebook,Comment,Neutral
4191897f-b537-46fe-a409-e47fcbafbd5b,090b5f5b-a4e2-4537-b4fa-b4c7fd181ec4,2023-12-18,Facebook,Comment,Negative
835384f5-c976-481d-8961-cc827dc62c6b,eb1522fa-c5e1-421b-989a-da5841739e7b,2023-11-30,Uncategorized,Comment,Positive
92328a3e-fe43-4ab7-901e-098d1458da80,f85fdd46-1ed1-43e7-bb11-b8b2c0562323,2024-05-10,Instagram,Comment,Negative
20bfca97-9a3c-4e4d-894b-ba1870281072,f18a0375-f454-4049-b3d5-20fb4752189d,2024-01-27,Twitter,Share,Neutral
88eec86b-65ca-49d4-9f92-55ee41cf25ca,4bb79b8f-b5fd-4a10-a330-7b3fee7b3e1f,2023-12-18,Twitter,Share,Negative
a3b96c20-01b8-45de-9498-3ef19433a68f,8bb6a8e7-07e6-4a8a-bccd-bc167c93d371,2024-03-11,Uncategorized,Comment,Positive
0633d4dd-14d7-4462-b210-59de9d63bef5,c1781e55-df6d-4a27-a4b8-e1dd5b79e470,2023-10-11,Facebook,Comment,Negative
5be24c07-9b89-479a-ba96-5edb10b65b3d,bb93defb-83f1-4663-8bb3-54d231bd6b8a,2023-12-27,Facebook,Like,Uncategorized
979260bf-0557-470a-af19-5dea2a52bc20,4ea3d889-dd82-45f9-a769-2260817d095d,2024-03-12,Instagram,Share,Positive
bdb8e28a-44e5-4b20-b4a5-fd345abf6fbe,6a78acce-aaff-43c0-8293-5c5a500c463a,2023-10-28,Twitter,Comment,Negative
dae434ac-3ee9-4f08-908c-a30aee292780,8ad05350-8028-4492-bad2-12eb772c6f47,2024-06-22,Instagram,Share,Neutral
e2678aa5-6131-49ab-b2b4-fa51e46c7784,c4d26ac3-6ce7-4c03-b154-07f70f02a8b9,2024-06-18,Facebook,Like,Neutral
113007f8-af2b-4c35-8396-b01ba2f41762,73bcb2bc-d652-4a06-ba08-d13b4e89234c,2023-07-04,Facebook,Like,Neutral
c6890a2f-4535-4b1c-84ac-547f9612813f,0e7d6285-1be1-4961-b39a-32186210fbf3,2024-06-30,Instagram,Like,Neutral
e84dc82e-6702-4702-9c98-6a60f3be6158,efd802dd-525c-4032-8e44-4c11cb4a8b07,2024-01-15,Instagram,Like,Neutral
321adc94-8a35-4998-bc17-0cacc00988f4,186968a4-6647-4157-8bf9-8c85ba97f96c,2023-07-02,Twitter,Like,Neutral
960c4de2-8610-42fa-9ed7-3c7eccba7370,9b4ef017-b228-40e6-8a35-e5ce0dba9b17,2024-02-20,Facebook,Like,Uncategorized
3e6a326a-f09b-47a2-8d24-3f69ac0a119c,9010ca0a-ae04-495c-894f-59c5501b1b79,2024-06-02,Facebook,Like,Neutral
b24bc6e2-5921-4d0a-8f7c-f7a4353444bc,6ff31362-d35a-4790-a77f-3904dc832b10,2023-12-28,Instagram,Comment,Negative
160f25a7-ed0b-4471-a260-1f0fcade1217,05fd3099-d913-4d24-a906-a9a12df6cbd0,2023-10-22,Instagram,Like,Neutral
8da1bcf2-03d6-4c67-863e-94f77ad8a850,3ba2b902-6973-4cd4-b41c-7c8a6bc43727,2023-10-19,Twitter,Comment,Negative
30df20ea-d25b-4d3e-a14c-d3eab983b377,7dea3696-a0c6-4b05-9cc8-fd73e0078aa9,2024-02-22,Facebook,Like,Positive
d7eddeb9-90fc-4ea8-920f-a6d9f1489f05,9fb70475-6b8d-4067-8530-1447eb462621,2024-03-04,Twitter,Like,Negative
1f0f2c2d-eb0a-4ffb-a21a-684f892bd7fd,78e54a37-3c54-4e0b-9200-252746e78d25,2024-03-31,Twitter,Comment,Positive
fcb31c19-064e-4e81-b69f-16e8d8f3e737,f1b91e54-de1b-4c51-9ef2-3ba608b9b3f9,2023-08-18,Uncategorized,Comment,Negative
728bcba7-868f-4f7d-9a79-1af48913bb93,b27e2fe8-721d-4675-952a-c927eab8c105,2023-07-24,Twitter,Share,Neutral
ba3f79ad-b3ab-47e5-8803-22cb4ea8cf13,b334875c-35c1-41c7-9e60-9e724d4721cd,2023-12-29,Twitter,Like,Negative
ff3f41ad-9dba-4ce4-97fb-022a275ed0d8,7a5fc55a-9f1c-48e5-89d6-8c16967a5c53,2023-11-10,Uncategorized,Comment,Uncategorized
c3f22991-8910-4823-86e4-8637520d3952,b0904d9b-1151-43cd-a489-87e7827646ca,2024-04-22,Twitter,Comment,Neutral
a470ba12-56e6-4c27-8c88-7b24739912d5,87204314-303d-490a-ae17-133d23d49b06,2024-02-17,Instagram,Share,Positive
8cac34ad-138a-4c96-b5e7-f2e795b16acb,1cae761f-ea9b-44a9-95ed-39c4d485202a,2024-02-19,Instagram,Share,Negative
484eea6e-2367-42bd-9c83-b3c3783b4bd7,49432aff-e9a2-4292-833c-2bbe46dd323b,2023-10-17,Facebook,Like,Positive
812dde02-d36b-4bfe-ac08-d5323d810ac0,cadefdf5-86fa-495c-8454-2ffbb006a446,2024-01-10,Instagram,Comment,Negative
ce3f403f-b955-4364-ae22-bf351381e01f,688d856e-310a-4ca9-9091-7fad6a131734,2024-05-18,Instagram,Share,Neutral
d83178cf-653d-435c-a7e8-880361dec6e7,c9c6cb41-3b43-403c-aa87-298e7c9de9c9,2023-08-10,Instagram,Like,Uncategorized
243a5ccd-31c3-440d-a3ad-73d3972dd39d,13afaba5-234a-484d-adb7-a56992e76497,2023-10-31,Uncategorized,Comment,Negative
fd67f70a-c429-4aa9-9289-04ced4c80b54,846cb060-5913-4d55-b9e4-b05498daa1a3,2024-06-08,Instagram,Share,Positive
b8d1c3f9-ee30-4b0e-9f94-db54abe92aea,01b79b25-1f35-476e-be6f-3aa6291182ce,2023-12-08,Instagram,Share,Negative
8a34badc-d3bc-464a-8687-d6bd3bb08215,5d07b758-6ae0-40f1-964a-564d5a1626f3,2024-03-16,Twitter,Comment,Neutral
0cd3b70a-d36f-4a0d-bdef-8d689345b33b,2a209cb8-5513-4086-925d-3462235fc1d8,2023-09-15,Facebook,Like,Negative
86f62a9f-e0c9-4904-a196-65218dc5cea5,76bd8663-c6d4-4eca-88c1-0e6c487038d1,2024-05-19,Twitter,Share,Uncategorized
34e3f558-622e-4d6b-8d5d-07ab632e1b95,60242253-fbd9-41c2-b5f5-52dceaf7d7db,2023-10-20,Facebook,Like,Neutral
ac456140-869e-424c-936b-6ed9db57af18,c86f6f34-0446-44a2-97cc-910c518f1e07,2024-06-24,Instagram,Like,Negative
63761a52-e454-4701-a01d-6255d2d15895,892efb67-5fca-4a0a-8a5a-2cefdc4a627c,2024-01-02,Instagram,Comment,Uncategorized
1f31b312-f00d-46ba-a83b-586ebeabc72c,fe26254a-fb76-4af4-838a-59b8d932bd43,2024-01-10,Twitter,Comment,Negative
23b20ba3-dc64-48b2-9263-391c044bfe4f,d4e4028c-44e1-4f0f-9a5c-af19a8d0fe61,2023-12-12,Facebook,Like,Positive
ac2455bb-ed17-4eb7-a0b3-befbfbcd1e95,dabd7191-e7d9-4b24-a46c-99517da48171,2024-02-04,Twitter,Comment,Negative
74e1d393-6652-499c-ac7a-0d25d6c6f845,2f72184a-3750-4f5a-bf76-f079fae0a667,2023-09-20,Twitter,Share,Negative
a9658c6f-134f-421b-8b2e-fd4978c7a940,cb64f7e7-4158-4284-839f-f7bdcbf1fbd8,2024-04-04,Uncategorized,Comment,Positive
dd4e5e8e-d439-498e-bea6-54340350e5b8,25badb3f-2eb5-403a-a31e-109a7baec8da,2023-08-03,Twitter,Share,Neutral
a56b8bed-1d7a-4cc2-abeb-d847aac0ff74,98cf7859-e4a9-465b-96fe-ed51a1f1aa92,2024-06-04,Facebook,Like,Positive
246fb860-b424-475a-9321-514da3bb0da9,76c0b048-efa2-4093-ac6d-8f60e17c533e,2024-01-04,Facebook,Like,Negative
818e18a9-18f0-4ffc-9cbf-8c447e4bee69,dc037e41-fb68-43a4-afcb-6e3bf47e94ae,2023-11-29,Uncategorized,Share,Uncategorized
0e678ba1-7b5f-46aa-8b5a-6dc1190373be,1922795d-3fee-49ac-b432-b6bbf02326c7,2023-10-14,Facebook,Comment,Uncategorized
800ad6ce-e283-4fd1-9974-e07577f1aa82,30e91bd1-f0c9-4432-b7f1-b88505616670,2024-01-27,Instagram,Comment,Negative
12dc6fed-c847-4040-93a1-dd00eb7ccbc0,8b24f4fc-c401-45cb-8c83-a081e9425c15,2023-11-27,Twitter,Share,Negative
01b59002-9e5d-4e67-bce9-c50430acef3a,2a6690f7-a015-4999-a58a-47616daf1bf7,2024-05-29,Twitter,Comment,Negative
243b28fa-f273-42e7-90c7-7885be2a8b62,f0217338-6eb3-4e2a-90b8-17071c10af9a,2024-02-23,Uncategorized,Share,Positive
2dc4607e-012f-42ce-bcbe-2508d828cf4c,daab4324-701f-4233-a00e-8ae858fd277c,2024-06-03,Twitter,Comment,Uncategorized
787f8b3b-f311-41be-822e-9fc9e203d945,84effe1a-085c-46b7-9e59-79e5d70abede,2024-02-28,Twitter,Share,Positive
ed585d22-017e-4f05-aa00-858c875646e3,76747527-e1a4-469c-abb8-ff224b2a897c,2023-07-28,Instagram,Comment,Positive
0cf298e7-5527-497f-b764-90599766f2a3,a7df66ca-7bf0-484b-ad89-b20cedbcb945,2023-10-16,Twitter,Comment,Negative
f60d8a18-c1e3-4db1-9a6e-892ac22d3c35,2a1b819a-6dc9-4f49-b6eb-ba66b645d388,2024-03-28,Facebook,Share,Neutral
3153256b-593d-4d98-995d-e41c2930e259,fb0579d1-2bef-4ff1-bfb1-e7c9aea62a5d,2024-01-16,Instagram,Comment,Negative
030c85eb-9872-47e3-83ca-0ac4af613294,04afc344-be39-45ee-b5cf-a88fc3733a1a,2023-12-15,Twitter,Comment,Neutral
06af0246-5f53-45f4-997e-bf42706b11d7,46aebff6-6c46-4454-b32a-b7dd03253f07,2024-06-17,Twitter,Share,Positive
a3efade0-9841-40a8-9c00-0968581d608a,57799625-577a-4ff5-a550-07f18877718e,2023-08-19,Twitter,Like,Uncategorized
832fe90b-db19-4a42-aee0-c3feb0f2cc64,5eeb4b5e-0857-45e9-b383-c97ef47e968f,2024-02-03,Uncategorized,Share,Uncategorized
cbfff6f3-c193-4b56-a6ff-92bc84ad3789,a987ffe9-3339-4a78-a813-f8a6da2fb915,2023-09-23,Facebook,Like,Neutral
56c37202-e78e-43ed-b919-ddb5da658d63,1f65f81a-ba25-420a-b252-26df442b9085,2024-04-04,Facebook,Share,Neutral
2529044c-e151-4f75-ac8f-ad9febf25ac5,db829807-2552-4b50-b578-49143db0d24f,2024-06-09,Instagram,Comment,Positive
83e67ac8-6dd6-4dc9-b16c-eb05aa77e6e7,ecea571d-b06a-444a-91e2-3af29aba385c,2023-11-26,Facebook,Share,Negative
c71e53bd-d52e-43c7-853a-bde70ff3cf38,159293aa-fcd2-45fd-a025-4d56254ad414,2023-12-16,Twitter,Share,Negative
c542f337-bd14-4d58-8ef4-e609830bf5c1,a95aef4a-f2dc-4d6a-ad2b-f7046a84bc6b,2023-09-15,Facebook,Comment,Uncategorized
76e9df41-7bd5-43bd-b6d5-3869431ffd28,9d986ab0-53ce-432f-8778-cb94af74f541,2023-10-29,Instagram,Comment,Neutral
ac6b4d61-3d14-4362-b226-8c0c5786d6df,97fefa21-dd7c-4e75-81ae-f01511c09b94,2024-06-08,Facebook,Like,Negative
cca487f5-d4c5-402f-8ddb-1c60afb1b70f,4d2ea199-a9af-4a54-8324-e75d330edea5,2024-02-13,Twitter,Like,Neutral
e1fe4676-3d06-44d7-8aab-18f8330f8359,05e5abd3-2d1e-423d-9a9d-33fbcc2990b8,2024-04-03,Instagram,Comment,Negative
ac5436b6-4dbf-4083-88f5-87e9c9b2064d,9d109caa-e7a2-4147-a5ed-145def1ae6ef,2024-04-01,Instagram,Share,Uncategorized
62a8fa58-109b-4f81-a035-ba7ce2b39f38,71d1b9c0-2bc9-41de-8584-a9a364906247,2024-02-26,Facebook,Comment,Neutral
4824bfa4-0e82-461c-a6ab-4b79b8b3ee39,9bdf3d17-4be5-469d-a732-09b314aa8ec7,2024-05-17,Facebook,Comment,Negative
f98e8c9e-20c4-4410-b99b-f3ae2938e950,6bf4f183-2b47-495c-8ee5-6884dd030ec2,2024-03-02,Facebook,Comment,Negative
dc00bb3c-1afb-4a12-b61b-a2ddeef1e370,a8961723-0bca-459f-b922-662cadf110c3,2023-08-29,Facebook,Like,Neutral
bb07fa4a-8680-4b77-b1ad-5d2f67570252,b390051b-6fee-4ec9-a6e9-016cb10451ed,2024-01-13,Facebook,Like,Neutral
76d96f89-e423-4468-bd4c-5f20037bb251,9a85c426-9d28-4aa6-a197-b75110921770,2024-05-10,Instagram,Comment,Negative
18882dff-81af-47c8-8bc4-a0f21e17e7ed,6263c58f-354a-4253-9e30-608e7d3b77fb,2024-02-08,Facebook,Like,Positive
7fba19c8-8be4-4074-9d88-ce84dc6bdd38,c671841d-0364-4fa0-aed3-215de89bc9e0,2023-08-30,Twitter,Like,Negative
6ba4ab30-95f8-4f3d-a867-1150f8f86ab8,ec6beaf9-4ff5-4bbf-b795-19ea1bfcd07e,2023-08-09,Uncategorized,Like,Negative
d2039527-a85b-4404-9238-91ebb6e0ec94,85ceb8aa-4148-4edf-80ac-653f50d0a973,2023-12-14,Instagram,Share,Negative
bfe55c3b-668e-485d-9476-670acd50b12b,09847257-db51-439b-b6c0-ee151c53cdc6,2024-06-19,Instagram,Comment,Neutral
7880b7a8-d348-4a4a-b939-6e6285a9d85c,f857aaaa-558f-40e6-8288-ba6ecce20c9c,2024-01-15,Twitter,Share,Neutral
1fde298f-1904-4dff-a59e-15640c89c519,5c70bb1a-fd64-49de-9de4-08daed5f990d,2024-03-02,Twitter,Comment,Neutral
907c77af-245a-40dc-b8d2-9303993bcd81,4b59a338-41d1-4e0e-bc3e-6c077b0d1047,2024-02-07,Instagram,Share,Neutral
5bd86a09-03ee-4de7-bb87-7411f34e19cb,c7b55941-7fd1-4878-b841-19b7b14f445a,2024-01-26,Twitter,Comment,Negative
9ff4729f-7386-448c-8205-ce0995a50c9b,a1bfb486-3c4b-4433-8137-65c93f336b3f,2024-02-17,Instagram,Comment,Negative
7f05422d-2ccf-423b-958f-081f2044dc02,a4bd4b7f-8749-4bb9-8a87-f1495ae864a8,2024-03-22,Instagram,Comment,Negative
958e5c8d-48ca-42dd-bb71-a766a374233a,e8add018-5702-4fa1-b755-5aad0514df8b,2024-06-12,Instagram,Comment,Positive
144c5526-0f5c-4898-a22d-6c53ea6be509,8af3b28d-b152-45a8-952e-a610983e2d66,2023-12-02,Instagram,Share,Neutral
8543ced3-b2b8-45d6-8f42-f66dd94c1685,b8a79be5-8af4-4252-8f78-4f0a185210b9,2023-12-25,Facebook,Comment,Neutral
5819025b-3df7-4da6-a8bd-5d980e61c5a4,26e6949b-e676-4cfa-a3de-2d69bf406cb6,2024-02-21,Twitter,Share,Uncategorized
70c48d78-7384-4aae-988f-d59f6de6fb14,91897fe9-3605-430c-9fe3-72d1e588cfe0,2023-12-29,Facebook,Like,Neutral
35434af3-775f-4360-82fb-972481aefd54,c09c12f1-7e62-43c8-9432-a9903fc89e60,2024-04-17,Twitter,Share,Positive
509c0596-50f8-4e68-8204-ddf396e67862,1d491673-6310-4114-b2a8-831c5bddeb95,2024-03-15,Uncategorized,Like,Positive
17bf453d-4dd4-4055-b398-940a4b52edfa,e2a8aac1-5748-4b79-bb3c-2f821616b8ac,2024-03-03,Uncategorized,Share,Uncategorized
c0c0ce5a-4539-4013-abca-d0a3e41b4e2a,4639a6fd-3d89-4e1d-b783-f226eb92f14f,2023-11-24,Twitter,Comment,Negative
f5713ff7-0bcc-41c1-a71b-ac9113ac43a9,32c222d1-62d8-4ae2-bb6c-619ebf271ca4,2023-10-13,Instagram,Comment,Neutral
e00ffe05-e989-4f01-8a2e-45d209002140,cee93cbb-3280-485e-819e-d42c254d122f,2024-02-19,Instagram,Like,Negative
580dd6e4-0598-4d7d-aef6-e6572e857e50,b4143585-517c-48d1-bfbe-bf35a70220c6,2024-03-19,Twitter,Like,Positive
decfbb11-2324-4a91-b4a4-da3011046f88,1508cbeb-ec4f-4ea2-84d3-023e511395e7,2024-06-28,Facebook,Like,Positive
a3824b0f-b72e-4c29-a242-b79c541895bb,700ac7dc-b12c-4cc0-bb36-d506cf6f59a2,2023-09-25,Instagram,Share,Positive
541ecfee-22bb-4358-9f01-d5d372dc49e3,42a9355f-5849-4a39-8479-945cfd6b5216,2024-02-21,Uncategorized,Share,Negative
59bf21c7-b292-4aa8-99c0-023d01d759ba,d5ab380d-2d3a-4ca7-a7c2-4ad7676bb1a8,2023-08-27,Instagram,Like,Neutral
ca645b4d-28a4-42ec-99a7-8000d38bf2e0,7ae3ac3f-2042-4919-984b-34507865ba6e,2023-07-09,Instagram,Share,Neutral
d7eddeb9-90fc-4ea8-920f-a6d9f1489f05,9466bb4a-ce04-427a-853c-c24e87935b03,2023-08-10,Instagram,Comment,Uncategorized
a0db86bf-0c2d-4c9e-8d3b-f5b33ac37cee,ef91469e-fa64-42af-8956-7b72a6bdb186,2023-07-17,Instagram,Share,Positive
99299ec1-ba07-442f-b7c9-7b3ec509584d,554df096-cee6-47f6-a19f-a90a370981fe,2023-11-26,Twitter,Like,Neutral
e8960cfa-6e94-4260-8a99-74188b90a1fa,544ea8aa-07b7-4bb9-afa7-2ca19d62d752,2023-10-14,Twitter,Like,Neutral
d160e8f2-113e-4e69-928c-b6303f391203,f0ce9fea-43b8-44c1-83bb-efc8ca0c176c,2023-12-06,Facebook,Comment,Negative
832fe90b-db19-4a42-aee0-c3feb0f2cc64,cff908ac-0c8f-4a1d-9af0-d349824a6567,2023-12-22,Instagram,Share,Uncategorized
6e3501d7-cca4-414b-9ae0-c02140179fbe,fe2f3455-a35c-4535-9aa5-4e712992a7c6,2024-04-28,Instagram,Like,Very Positive
f381038c-b3ed-4561-84b1-0f60d4afb6c9,4f856131-43ed-4a4a-ba71-985110f88058,2023-09-30,Facebook,Like,Negative
1f8069e9-db38-4b2e-894d-5997b2fd6a37,3add5155-c5d3-4745-a73f-7cd760e9164c,2023-11-26,Twitter,Like,Uncategorized
ec58ff99-ede4-4b51-8b0c-efdbb61275a7,24c34f48-b219-43ca-a1ba-a0f5dc8b36fa,2024-04-26,Instagram,Like,Uncategorized
a179e2b9-047b-40ce-b9f8-b13f2a8f969d,bd53092a-e6d5-4daa-b0f3-1c7aaf744c13,2024-04-14,Instagram,Comment,Negative
4cadaab7-2498-4c00-a5ae-bede8956bf86,6d6ff6d7-ab8c-4541-9bf0-acd626aef5b6,2024-03-31,Uncategorized,Comment,Neutral
52303d17-9d24-4c20-89e3-7bcfa92140c9,fb69d081-b1a7-49cf-9f50-19590139713f,2023-12-06,Facebook,Comment,Negative
509c0596-50f8-4e68-8204-ddf396e67862,ebff598f-bcaa-4e12-a9ac-1699b0693411,2024-03-06,Instagram,Comment,Neutral
60978a24-9522-4d96-8eed-a1ddb6cede08,0fa414f4-b207-4358-a578-c6be4a9242ff,2023-08-28,Facebook,Share,Neutral
6b18200b-0867-4746-887c-ce48371e772a,9aa53a52-cf10-40e5-91be-8c98b4516ee1,2023-10-02,Twitter,Comment,Positive
1f31b312-f00d-46ba-a83b-586ebeabc72c,27fa2671-a289-4cf2-aaf5-1ac388e2cf54,2023-08-07,Instagram,Comment,Neutral
fbcd7128-ce04-4799-8c1c-722330507b96,a7d07008-152e-4abb-ac31-9c4a5a9183fa,2024-01-12,Facebook,Comment,Very Negative
e4e86de7-3972-407e-9a7d-66b34a347463,60b187bb-eccc-4d41-8372-4575b82f3cdd,2024-06-13,Instagram,Comment,Positive
973945a8-ea5a-4106-b169-fcf330e4e6d2,0f34c38d-ba3d-49bb-abfc-89b81d63d2c8,2023-11-24,Instagram,Like,Uncategorized
bd7adcbd-3b61-4142-8f11-2975f7551279,7ff92779-18eb-420a-8184-42996a61dca9,2023-10-10,Instagram,Comment,Negative
e9189470-3e2e-4bbd-8fe4-cabc0d75d976,206fa2a2-abf7-4bcd-9537-e26a5778dd86,2024-02-11,Facebook,Share,Neutral
1ee3bb5f-94ab-451d-89bb-9f1180ed009d,93fd08f2-5a59-464a-b190-69300b8f5778,2024-02-04,Instagram,Like,Neutral
56b27186-f97e-4afc-9dc4-bf8324dbc2b9,1cb6cd05-542d-4eea-b350-c7fa82317d31,2023-11-07,Instagram,Comment,Neutral
06b260b8-1286-4b47-8bfe-54d8501f1a62,b582e46b-491a-4aaa-afef-de0715637651,2024-03-30,Facebook,Comment,Positive
cde1e44f-a68f-4667-898e-13f163453d9b,bf8eecb8-f77b-4a45-8a53-e2093c8362c3,2023-11-21,Instagram,Share,Positive
30c722ab-be73-43a8-80bb-545ce0e564b3,5b262aa2-7847-4722-882e-8c108420f977,2024-06-05,Twitter,Share,Positive
6284e271-1c7f-4be5-b801-a3a80e08f4b2,fb04b1df-d1f5-4545-a48d-bff56ea21a2e,2024-01-24,Facebook,Comment,Negative
0a5270eb-ff97-4072-a9f0-2203be2469a4,0f4e072d-c99e-408a-a369-26914ae5c50c,2023-10-16,Twitter,Like,Positive
000c6bbd-533a-432d-922c-ab64197e71c5,1b2e64c0-80f5-40ed-8d19-072eeb7f2b23,2024-03-15,Instagram,Comment,Positive
a9af986b-d677-421a-81df-3d289ce9e38f,5bfa8a89-897a-4f6d-967f-cbbede05aad8,2023-08-02,Instagram,Like,Uncategorized
8a1b714a-0592-42f9-bdc0-e7d67163f3f1,7a8b44dc-cbde-4ccf-9445-4c51605dfaa2,2023-11-29,Instagram,Comment,Positive
6685f2fb-41e7-48e5-80d0-8da360b791f1,06d5827d-2493-4dda-8835-ad9c308fc381,2024-02-11,Facebook,Like,Positive
1fde298f-1904-4dff-a59e-15640c89c519,b026aa36-9825-40b1-a03f-306d773c3e29,2023-11-20,Instagram,Share,Negative
72c7cb40-0acb-4d2b-9677-2159706f0e6b,fd0a9cb6-0e75-4fc7-a78f-e5271bac8738,2024-01-06,Instagram,Comment,Positive
2d88fec4-0e4e-40f5-963a-f5ba1af40c31,514d3f41-81e1-4c73-a0a5-1e63e87c5212,2024-02-02,Facebook,Share,Negative
c00d08be-e282-448f-91ef-7c236e320404,253296cc-9af5-4eda-8ae5-ae8631e6a02c,2023-09-13,Instagram,Share,Positive
eeebfab7-8917-4eb2-a187-fae698d2978b,b7fdf1aa-31b3-42cd-85af-125510d40d7a,2024-01-04,Twitter,Share,Positive
99a03d48-c59f-4d13-90c0-db35331daf2e,f152dbe3-e66f-4449-9101-280af6b6382d,2023-07-02,Facebook,Like,Negative
63e0ea43-1c66-4d4d-9e5a-7eab3f40c858,b47dc22d-fee4-4ac4-9e20-bddb55c3d66b,2023-09-22,Twitter,Comment,Uncategorized
2f519ac6-64fe-4479-92d2-54fc56cc232e,b8aa03e8-d48f-4fd5-8175-5d77ed2e7fe4,2024-03-02,Instagram,Like,Neutral
321acf6c-c401-4f7b-9835-bfb7cd5e48ff,973300c5-a0c7-4c13-a693-781ac8fe66ab,2023-07-01,Twitter,Share,Negative
8ecb60d8-2993-4586-b0cd-41309f3e559b,012be624-c4a4-419f-9626-313e559239fa,2024-04-30,Instagram,Comment,Positive
c41c2c17-1dd7-456e-b30c-13dc5301939c,ac55e60d-10e5-43d7-8c5b-ccffd525106b,2023-10-13,Facebook,Comment,Uncategorized
c2dfeabe-5bc4-4013-838b-3a34ec97efad,d6b1356c-e354-4281-a28d-5f5f97c6de2e,2024-06-13,Uncategorized,Like,Uncategorized
153e984c-d96b-4749-b0b5-ca0f7490a048,be717353-5917-417b-bd66-8de08fd759d2,2023-07-26,Facebook,Like,Negative
c82f4cc5-e3e9-4919-ad14-bc9ad485fd45,7d1cb5a7-8a5b-49fc-a03d-fa71ba0136b1,2024-06-11,Uncategorized,Comment,Negative
c31b7475-f089-4708-be02-df18e1348a5e,4e7c0b5e-1706-4ed2-bdc7-fbadaad076c0,2023-10-18,Twitter,Share,Negative
8cac34ad-138a-4c96-b5e7-f2e795b16acb,cdd2d0ce-f89f-4998-a603-9ccfb4dc6a23,2024-02-12,Twitter,Share,Neutral
8d47ee55-d382-4fa5-8a9c-b369cc2309b8,1ca2f6e6-72bb-4043-9cee-cbd8b2f9e60b,2023-11-19,Instagram,Share,Neutral
499713c5-04d9-4f79-bd77-0d0e94208cd8,9df6fa7a-b45a-4a91-8482-ae18f59a67b2,2023-11-11,Facebook,Comment,Neutral
b7f316e2-d6dc-4b42-ae5d-429da67a3c64,d3866557-e0ef-4d6b-ac19-c28452e39076,2024-04-04,Instagram,Like,Positive
91214d6a-4b1f-4500-a478-415aa3f0742d,4247b7e7-c887-46e9-a440-d097297d92aa,2023-07-24,Uncategorized,Share,Negative
b26cfb17-237a-4b24-978e-b2afa4e3d741,da5c7227-0543-4b7c-9893-adaa84171468,2023-10-06,Uncategorized,Like,Neutral
112236f0-65dd-4cea-9d28-3e322f6e09e5,e9c1e6bc-1b3f-4301-ae41-f5ef6e3e1ed5,2023-09-14,Instagram,Share,Positive
49f06ea9-4ae5-4ce5-98ce-d2c2f6f15cbd,83975da0-a803-448e-917a-7db7464f8c61,2023-09-30,Facebook,Comment,Negative
832fe90b-db19-4a42-aee0-c3feb0f2cc64,45b16221-2b16-4906-9384-2664d57915e3,2023-12-13,Facebook,Like,Positive
ec42fc84-51a4-4f32-971a-132852d4fe36,516637d4-a74f-469c-96b4-620d48a363a0,2024-02-25,Facebook,Like,Negative
5dfe3352-ee78-4510-a968-9aba1dd940a2,f96ac21a-035d-423b-b303-405ce4436e83,2023-07-05,Facebook,Share,Positive
c1805670-0d42-4583-bfda-646f85252829,1fb00d99-4563-4eff-bf7e-29ef2b7add9b,2023-12-15,Twitter,Comment,Positive
99a198c8-1b8a-48cf-8741-11e3e84e94bd,1d5c75e9-faaa-40dd-8eb8-ddd44d780114,2024-06-13,Instagram,Comment,Positive
ba3f79ad-b3ab-47e5-8803-22cb4ea8cf13,78bfe785-bf5f-4888-b47b-445b6c7f8ddd,2023-11-10,Facebook,Share,Negative
ed46f0b3-870a-41c4-b2c2-6a47937d394e,04901aa4-6a7e-40be-b313-9503c77c2893,2023-08-03,Facebook,Comment,Positive
29436bcf-d6f8-44d1-a856-0794abb562ab,46fcb1c4-acb9-46cc-9a75-183b2c9a1a78,2024-04-30,Instagram,Share,Uncategorized
2a36ba73-e710-4a2f-8d90-2cbe1831e30f,656bf01d-af54-41ba-868c-9ac12da03d8c,2023-07-16,Twitter,Like,Negative
b91999f9-b7ed-4da4-a285-1dafae98e21d,00f83fe1-b525-422e-bc16-e5767860c40c,2023-11-23,Facebook,Comment,Neutral
5056dd25-7171-4f6a-b727-36659bbc5e15,5965fcbc-e07f-40a9-b0f1-533674d3e4bc,2023-08-31,Instagram,Comment,Uncategorized
f71e72b6-e451-42da-a1d5-6ef629c553f8,433f0c8e-8ecb-4851-8aa0-93d50d4c3198,2024-05-19,Twitter,Like,Neutral
b56473e0-5c57-4325-94f2-6414db34f557,6b2fd7f4-cb85-4316-98cc-a06809ced72f,2023-07-20,Twitter,Like,Neutral
7ab5cb0d-4284-4b14-9414-dbba3b9c2e89,4bef6756-e66a-4300-bc30-69310aaded1a,2024-01-19,Instagram,Like,Positive
2d9979c1-ec25-42b8-a9ce-dd6661524b50,486444a9-6b4b-4504-a9d1-91146f229582,2023-10-10,Instagram,Share,Neutral
5de3badd-ff40-4286-954a-e483b3d32dfe,f468be9f-fe99-45a4-b324-61d5b8a0faa3,2024-01-10,Uncategorized,Like,Negative
081df560-dc5f-45d3-87ac-9992b5050133,be67fdf9-648f-44ff-9090-b98ed1033ceb,2024-04-10,Instagram,Share,Negative
2bdd585a-301b-4935-a32d-295b34e81010,17ce606b-5038-4e1b-9d1f-35d08b649938,2023-11-10,Facebook,Share,Neutral
9b756f15-797c-4adf-b0cc-25d501a7e4fb,acd74c00-8b92-4e8f-a339-07c3adb9cdd0,2024-06-08,Facebook,Like,Neutral
18882dff-81af-47c8-8bc4-a0f21e17e7ed,99d4193d-eb24-427f-9ef4-2077bcbc9138,2024-04-11,Twitter,Comment,Neutral
2de49c7c-32ae-4ba8-b058-622a090d7094,acf1fab3-5649-4b34-a348-97537b19954c,2024-05-15,Instagram,Share,Positive
29a79202-89c7-4fad-972f-fa5706d0bcef,2245bc17-b5a4-4576-bd46-e05e0c816cc6,2024-01-29,Instagram,Share,Positive
84d3ab76-1969-481a-a3e2-6ac901725045,1df88126-f4c4-44e6-9318-8d303dd8fb1a,2024-02-13,Facebook,Comment,Negative
2ac4368f-2dee-42ae-9b51-0e5a3fd2df32,82e399c0-a9b7-421d-8756-48c186c6e7fa,2024-06-15,Facebook,Like,Positive
64b89b9e-1cf4-4b42-add8-94b7ec861f1a,bfa5595b-0958-4093-94cf-5643d8f23acc,2024-01-15,Facebook,Comment,Positive
88eec86b-65ca-49d4-9f92-55ee41cf25ca,745020f9-ef2a-43c4-82d7-087407a06572,2024-03-26,Instagram,Share,Uncategorized
c6c2f008-4229-44e7-8b6d-24ba0f5146b7,643bc557-ecba-4f6d-8f8d-13505ac79e5f,2024-02-05,Instagram,Like,Positive
f9cb178a-b717-4782-91ce-20564e98ee81,792ab0ff-596b-46d7-8ed5-4db034490827,2023-11-12,Facebook,Like,Negative
9cf92a6b-b9da-46ec-bf56-0ea2c9255bda,9036bac3-74cf-4ec9-9f16-5c67e04d7155,2023-11-13,Instagram,Like,Negative
18c03691-9a7c-4711-81f8-01d06c1cae4b,90149387-7625-4b69-92ce-750e9255b828,2023-07-26,Instagram,Like,Negative
75675707-f167-4964-ae1c-9081f3a8f775,d6678c87-d69d-4773-bf31-a0a9c635f3d0,2023-07-01,Instagram,Like,Very Negative
083a0272-f1ab-46c6-a612-966ff1837635,3818b3d9-c09c-44b8-ae71-ccfb35f34639,2023-07-22,Facebook,Like,Negative
bf516307-fb1c-4d71-9348-23cbc39d8eae,35e45c9e-c143-49fd-8c4e-3ab9e6af88e5,2024-04-29,Facebook,Share,Positive
8a23320b-45bd-47aa-b929-3287e63d2cc7,420b6acb-ddde-4aa0-8d3b-8a59fcf41d40,2023-09-15,Instagram,Share,Positive
b2ef78d6-e56a-4084-b072-c5104448b76e,59673a18-4362-4aac-80fc-4e40b198d79f,2023-11-14,Twitter,Comment,Negative
f5172879-62d2-429f-8170-e7b96906e7c8,fe98c5ba-8652-4836-b2b5-751e3abc6546,2024-04-30,Twitter,Comment,Positive
958b5999-943e-4d80-abeb-5fb285047fc0,ae4f7f31-67a3-4adb-8e73-2ad514bd020b,2024-02-16,Instagram,Like,Positive
0cb9ffd9-da09-4b10-8e1d-60d84889933b,feffae49-228f-4096-918f-2ffceece3f32,2024-06-01,Uncategorized,Share,Positive
06f2803b-2c2a-4d62-87dc-927ae28bdd5a,62070599-5614-4665-b884-71fd41edddb8,2023-10-28,Instagram,Share,Negative
48beaec3-aa4c-408b-a03d-b8d321b5b153,89a6a89c-66d1-4ae3-b9ac-d88621c30bd7,2024-01-07,Twitter,Like,Negative
88c11bb5-495a-4fa4-9dca-ba16c044b52f,fa1954f4-0163-45a0-bac6-5527ab614dd9,2024-01-05,Facebook,Comment,Neutral
bf5570d2-e655-4cf6-a889-cd3deb01b150,78de48c1-b129-47f4-b1c9-7a84c7b9e238,2024-01-25,Twitter,Share,Neutral
5736efce-e87a-4e6d-a7b0-803d8aea3c75,cd676fc0-fb13-48de-83bf-5668925adcb8,2023-07-12,Twitter,Like,Positive
48c379ee-e82e-494c-ab4b-0d813a8b9884,017254b1-c9fb-40a7-861c-69b67d29243c,2024-05-31,Instagram,Share,Negative
bd4a30a7-6221-45d4-acba-bda2eeea4b17,8ae03106-dfc4-4438-a1d2-49901d805c14,2023-08-22,Twitter,Like,Negative
5edfab8a-fdac-4de4-92f0-2ca314b7fd59,fe6a907a-6c9a-45e8-bf5b-bad1a64227d9,2023-11-08,Facebook,Like,Positive
745395fe-f653-42ba-81b9-cf0ac6a60650,2a4332fa-2433-475a-9629-f0e4e39bf4ef,2024-01-06,Facebook,Share,Neutral
05e09646-040f-425a-b5b3-d6f113e0c75b,9c6632f8-25df-4e03-9231-a895087f36ce,2024-03-23,Facebook,Share,Neutral
cd733ffe-4726-4d32-b2a8-06a86d0dfa20,1c4f4e02-808b-4774-801c-20c673ffb85d,2024-05-05,Facebook,Like,Positive
96b637b6-adb9-4bd1-83fa-643d65056c8a,e2805aa6-c6ef-47c6-952f-8c2996e32e19,2023-07-26,Instagram,Like,Neutral
b2f4c25e-be11-4912-9d14-5c288616e56e,e34703af-163c-43c9-a91b-d9e75c1d16b6,2024-06-14,Facebook,Like,Uncategorized
57bfa722-7e8f-402d-aaff-ba2b7034150a,a00a42ab-79df-4ece-8ae3-154696f82d78,2023-08-08,Instagram,Comment,Positive
9f110be6-2f67-4e3a-9e4d-a30319dba9da,662db93e-b16e-4f83-86d0-3f4f7c73d6d5,2024-06-08,Facebook,Like,Positive
dcaa94ed-6696-4caf-8d00-aca84e701e50,a821fbe4-3828-4108-9147-c80597c3da65,2024-06-04,Facebook,Comment,Negative
609434d3-ad06-4c8a-ac6b-ac61f71516e3,72febbaa-5015-428e-a7d5-45271808cf8a,2024-06-20,Instagram,Comment,Neutral
482528d8-d038-4d7d-a27d-dac5effcd9e0,13931811-6115-4b04-ae49-35ceea17e862,2024-06-11,Facebook,Share,Negative
589eff22-1d5d-4138-8b42-ba0507aae51a,3ec3295c-fa77-4cf9-87f4-1cbb8c16b240,2023-11-13,Uncategorized,Like,Neutral
8b1b4742-dff4-4987-87c3-24057d04a94b,98086473-8524-49fe-9b89-306a7cffca56,2024-05-25,Instagram,Comment,Positive
48dda5f7-bde2-4df3-9493-d13b38f67d6a,1f156f75-1047-4d06-a2f4-37da6a28a7a6,2024-01-23,Instagram,Like,Uncategorized
6839b030-9abe-4bef-acf2-40fd28bef037,f4ff5cd6-d2ed-4755-b996-19ad01cb76c8,2023-08-01,Twitter,Comment,Neutral
cb01f3d4-94bf-42b0-8f3a-32209f715b1c,35528019-543f-4dbd-a8bf-1d6fc38f0c3d,2023-10-30,Instagram,Share,Neutral
72c7cb40-0acb-4d2b-9677-2159706f0e6b,f71b48bf-3eff-4e6a-afe0-6361a9769982,2023-11-06,Facebook,Share,Positive
fe9cb5ea-d704-403b-9efa-46d2e2c6b5ae,050268bf-b218-4a0a-b493-d66e2c5127ee,2024-02-07,Facebook,Share,Negative
4cf833f0-9d6b-440b-9846-6d1c0fc613c0,ca454bdf-0f4c-40f3-80c3-da872f135180,2024-05-07,Facebook,Share,Neutral
772896ae-d11f-4bbe-8cca-3e3043b390e6,ec8f0b13-f1cb-4495-a36f-584d133efdc7,2023-09-05,Facebook,Like,Positive
d145e194-7272-4dd7-8ad9-2837f4672f8f,7b6a81bf-dfb8-4ade-aae1-0009e23954ff,2024-02-14,Facebook,Comment,Neutral
ca1e90f6-0e5f-492e-ab92-252ff540da18,fc920f53-5005-4404-8ad2-a945ae8e9531,2024-04-04,Facebook,Share,Neutral
32ac26c6-b07d-4ac9-b659-f36459af6337,9c3fe985-84af-4b77-ae13-4549902ab3b6,2023-12-29,Facebook,Comment,Negative
8c17d726-a6a2-4b21-b5eb-26b043091255,b1592915-13ba-4090-895e-9c7b7442a9fa,2024-04-05,Twitter,Share,Positive
7a800872-d324-4cbd-b439-73a90907e19a,7f04a7a6-2f30-4cb9-a5c9-aa738f5175f4,2023-10-13,Instagram,Share,Positive
4d6201bd-1955-4e6a-adec-a7afe7109977,0feed11b-9cd7-4eee-8ef6-ea7750ac26b4,2023-07-27,Twitter,Share,Positive
511faced-6566-441e-bd99-f8261bf1c079,3715b51d-4877-442e-8fd4-dbd56522d5fb,2024-06-29,Facebook,Like,Neutral
5956fb3e-5c6e-4c17-ab6a-99d5847768fb,3b105b45-1a29-4b0d-bb09-ae49806c1e06,2024-04-18,Facebook,Share,Positive
51f0ea92-e0ae-4d47-826e-8c00107e6cef,691d1fef-09c0-4fd9-bc84-34486f53234a,2024-03-03,Instagram,Like,Neutral
6f4e2bbf-feb8-41b0-b542-e5d434c8e6d5,083d1e9b-25b4-498d-b5b8-9bdab21b509f,2024-04-03,Facebook,Comment,Positive
b3a0d002-1b78-443e-9605-fafe8a22ed3e,d7c48f46-45b6-4ef4-bf2d-8da6d6727d1b,2023-12-14,Uncategorized,Share,Negative
7e7d6c28-572b-48ff-b443-05ff9709d2d1,0e442b80-024b-4a41-bddd-5ca6a312ead5,2023-07-12,Uncategorized,Comment,Uncategorized
72622d98-45f7-4977-b6b9-052494b2d929,105d7b15-a888-497b-812f-956f7e17ec62,2024-01-12,Instagram,Share,Neutral
f52901c8-b06c-447b-b7e1-ab94047c75c1,966577b7-111e-4742-a6f0-ee6911de9469,2023-09-19,Instagram,Like,Negative
aeaf225f-d2a0-4a65-89cc-332358117295,ef74bc9b-1f0d-40ec-8042-227a7b9fc695,2024-03-29,Twitter,Share,Positive
78ec7e1e-7fe7-4655-9fd9-fbbc633530e0,079fa3ae-ee12-4faa-b74e-a76509886c2c,2023-10-19,Instagram,Comment,Neutral
5a8b6207-27b9-4ad1-9157-cfac7d2abd4d,5a179adf-4a67-4756-8c48-c94ee96257a3,2023-07-11,Uncategorized,Comment,Positive
2be2ab9c-5c01-42ff-a8a5-7ebb49905eb5,130ed2ca-331a-4403-8643-a122918b781e,2023-09-16,Facebook,Like,Neutral
f2b87137-d105-4036-88fa-d0f0713ca516,d5c44db0-4e03-4600-8489-d811aaa410ef,2024-05-09,Twitter,Share,Neutral
c0c0ce5a-4539-4013-abca-d0a3e41b4e2a,d752abcd-2eef-4156-8fd2-6fce1a29b8ab,2024-03-21,Uncategorized,Share,Negative
43872b6a-ac3f-4119-9531-a148e6893eb3,5d33268b-806b-407b-854b-ae56151280c5,2023-07-17,Instagram,Comment,Neutral
1a103b87-f903-40de-8615-fdb7a50db074,c22e7c5e-7785-4c72-b0c7-79a24dd40d87,2024-04-11,Instagram,Share,Positive
029a0762-57d4-43f1-84ee-b45de86bb31a,8c4b441e-044e-4041-be1b-8e1d514849e3,2024-04-23,Uncategorized,Like,Positive
59bf21c7-b292-4aa8-99c0-023d01d759ba,e9332d33-37bc-4192-b233-723bd8ff8a16,2024-02-16,Twitter,Share,Positive
ac2455bb-ed17-4eb7-a0b3-befbfbcd1e95,5e4d033a-0958-4361-85dd-e032c04d3be2,2024-01-29,Facebook,Share,Uncategorized
18b3ff1d-ad70-4064-8d66-743289d65204,5c1414a0-02b8-4e5b-a008-72406a231f30,2023-07-05,Facebook,Like,Negative
a523b30b-f05c-4704-b3b6-e36c4e637440,3f21519e-a498-4757-947c-f75dbcfedf23,2024-02-16,Twitter,Like,Negative
94af9fb6-cf6b-47ae-94b1-932bc5da0e25,fb1ce95d-8ef4-4398-9f8c-c7221597f77d,2024-05-13,Facebook,Share,Negative
f432d1e3-2133-4491-a0d6-229bcc9ac7eb,e613ad4f-44be-4704-8739-204be4cb8fd7,2023-08-08,Twitter,Share,Positive
e6905fa6-1d8c-4a97-bf98-587d6ab42f3a,dfa4723b-f2cf-4105-aded-99c0a21baabd,2024-06-04,Instagram,Comment,Neutral
d53a55f4-9c91-4868-98ac-f29628316b5b,bb65714b-560e-42c6-b128-447b75ba76fe,2023-07-12,Facebook,Like,Positive
76ae365e-7b45-4763-94ec-3f98ef127fd5,374f8d74-9f6c-4541-b037-0fdff17212dd,2023-12-20,Instagram,Share,Negative
0cf376d6-ab2a-468b-a290-4b28ffafe6f2,a7ea3295-6968-4f92-81aa-860e900d18fd,2024-06-04,Instagram,Like,Positive
13a4c3f7-8549-4b13-afe0-486f14f86ea4,bf1d3812-ffd8-4673-8824-2a030ce11d9d,2024-05-08,Uncategorized,Like,Positive
cfd54725-4901-4a70-862f-2da2113346cd,458c5bef-8040-4143-8e9a-a5784bcd109c,2023-12-09,Instagram,Share,Negative
18ce1aac-657d-46b4-8c46-22f37dec48d7,8de49c59-ad20-4105-80ad-86cf05359df5,2024-02-12,Facebook,Like,Neutral
4605103f-9b58-43c8-baf9-73abfb2c0441,c5762143-31e9-48b0-a2a9-d0f8112dfdb5,2023-08-10,Twitter,Share,Neutral
7d7f14ea-53a3-4bd8-885b-ca6973b32df5,d84557d4-1942-4f5b-8900-47697db2e6d4,2024-01-11,Twitter,Share,Neutral
b6d5b373-c307-44f4-a89c-ac7a56c9b103,dd1848a0-6dea-418c-93d8-1fc30b7a0c14,2024-03-07,Facebook,Like,Neutral
1a132210-8646-4516-b340-f5339ab0064b,f2f832ef-fe12-4a80-b7ed-d411d888f161,2023-10-22,Facebook,Comment,Neutral
02b325b3-f763-47f0-8454-d8cb65fa1832,bdf01a8c-8cf5-4305-9bb4-5ded23e6d2cb,2023-10-07,Facebook,Comment,Uncategorized
f9aed600-08f5-4583-b6d8-5ab32daaa213,f697b2ee-2068-4a73-9594-78209b533fda,2023-10-23,Uncategorized,Like,Neutral
07e5ffc3-0402-45ea-9b53-a75abaec9222,b9cbbc0f-bb3e-4d90-b5e4-a2276fb5df23,2024-02-10,Twitter,Comment,Positive
4bd40429-64f4-4702-8327-40195f8e362a,511dfc2b-7999-46f7-8fa2-6c0941e0c10a,2023-09-01,Twitter,Like,Positive
0835b6e3-f10e-4a8d-8d11-e64445faed2f,7418a0f4-c347-4a11-acc6-7b06b45cb628,2023-07-02,Instagram,Share,Negative
ef562111-91d8-47bc-a2b1-d6622604fd3d,10f096fa-d9da-4c6c-9537-2d80e560b9e6,2023-08-27,Instagram,Like,Neutral
640e1c54-6ef2-45fe-9567-f0edab3c052e,6010db52-055d-44cd-abb9-5b3478472f56,2024-02-24,Instagram,Like,Negative
81d08828-f894-4411-ad5f-81c47638d48b,3ae7e670-d4d6-4f64-a898-c77de7ca19a8,2024-01-12,Uncategorized,Comment,Positive
86e19319-72e1-4870-bba8-51c3dd201268,fee52374-963f-4b92-93b6-aa15e55c1ee8,2024-03-04,Instagram,Share,Negative
9c0749f2-1449-4541-8113-7b1696f50c6b,36aa9975-c550-48a2-931e-d2958ea8ff9b,2023-09-03,Facebook,Like,Negative
681db0ac-5b4d-416e-9bfc-dfd83a92f77b,a70970ce-f7be-42ab-a368-1d5482739309,2023-12-16,Instagram,Comment,Very Negative
d0874909-2b8a-4921-bec7-610d9452b113,07a2a219-cde9-4494-878d-a425663676b3,2023-11-12,Uncategorized,Share,Uncategorized
9dff89a9-fc39-423e-85d2-144f4e16c981,5003ce7d-a60a-4078-b806-bd4bf2ce99d0,2024-03-08,Facebook,Share,Positive
799943c7-3b71-4f24-9b16-c2fcaf9b3871,1264a6ab-4c9b-491d-a96a-b17fa376df99,2023-11-08,Twitter,Share,Neutral
05e09646-040f-425a-b5b3-d6f113e0c75b,1a0f939f-9fa0-4e37-802b-b81cf41cee2e,2024-02-24,Facebook,Like,Positive
3aa97bf0-e4f2-412e-a669-ad23b5c3a7ec,f0b4b509-b8da-4afb-b312-a4b510b22eae,2023-07-07,Instagram,Comment,Positive
38fd9829-78af-41ea-aded-4c0a4cba48e1,450a933e-373e-44e3-ab2b-9bfca88a05ae,2023-09-12,Instagram,Like,Uncategorized
589d1373-ac39-4921-8d2a-c70358313d40,b33ea48a-5718-48ac-b389-04bce63c7c94,2023-10-07,Instagram,Share,Negative
c6890a2f-4535-4b1c-84ac-547f9612813f,7113523c-9bec-4ed1-a896-d2d9f90989a4,2023-10-03,Twitter,Share,Uncategorized
9c649d2d-4a30-4ae5-865a-044f7f0bb386,b766a24b-761c-4748-b8b9-9904e761c8eb,2024-05-01,Twitter,Share,Positive
a254d583-6888-46d2-aca9-8275d25874b1,13260316-2ce5-4e5e-b37c-2ae58375a6b6,2023-07-18,Uncategorized,Share,Positive
32ae4542-77b0-4a2c-90c9-63b08e717945,299b8cf3-d74d-4b41-9972-3c398228c846,2024-04-16,Instagram,Share,Negative
e1dabc47-5b6e-4e64-ae9d-b3e092a066ed,4ddaac16-2b94-4f43-bc9e-a7297572ff34,2024-05-14,Instagram,Like,Neutral
ef10b8a1-1014-4edf-a80e-207b7790e894,1966cdba-7e47-48b6-ae29-dd8fbead8527,2023-07-19,Twitter,Comment,Negative
30c722ab-be73-43a8-80bb-545ce0e564b3,6d6f9929-d6d0-44b9-9f67-7636da8d041c,2024-01-11,Twitter,Like,Positive
e21ba358-f629-4922-8cbe-0cf613e036e2,e3bf6da5-e780-4afa-8a1c-483e85863011,2024-06-09,Twitter,Share,Positive
e7e5e8fe-5fdd-43e6-92e1-5ea3e399486e,aeffec69-1738-4cac-93d5-3f09978867f6,2024-04-29,Uncategorized,Share,Positive
2755d0ae-8558-49ab-b712-56b4dcc09003,576a6af1-78b6-457e-a88d-3f0cfba6da45,2023-08-28,Instagram,Comment,Positive
aa21621d-ab9a-48fb-bf2d-0f83dcf73cfa,ce8dd46d-283d-4988-b2e2-547e739716cc,2023-12-01,Twitter,Comment,Neutral
9cce68d4-6fd9-41ad-83e6-42f2bb1fd6cd,1474550c-a6d2-4f05-aeec-424ffa6b44dc,2023-12-28,Twitter,Share,Negative
12150cc9-4e95-4d2f-b47d-62914f0929ba,4f447d80-868d-4284-ad3b-a3c792e250c8,2023-07-24,Uncategorized,Like,Neutral
9207fa75-5758-48d1-94ad-19c041e0520f,0626cfe9-8e7f-4b19-ba9b-21330cd007c8,2024-01-11,Instagram,Comment,Negative
16d0b561-279d-4da9-9aa8-8c5906dff79a,9d1efd35-28d1-465e-87e6-5f8e7f5c797e,2024-05-24,Uncategorized,Like,Positive
3cff3ced-315b-413b-9c0b-99bae1c5f85d,1c86de10-60f4-4f35-b301-3e2f7a159735,2023-08-26,Twitter,Like,Negative
490b5454-a091-450f-9a4d-917c38ccbd32,5cca06e3-e346-45c1-a665-f6a24c25ea52,2023-12-09,Twitter,Comment,Positive
f6f7400a-0aa5-47dc-bc5a-af3e38d00f30,a9fb9b15-be63-4138-b893-eb5f0f6114fe,2024-06-01,Twitter,Share,Negative
cba82d56-67c3-493a-b2a2-3234db3d1a6d,a12c9e05-8fcc-4a67-8fe3-56cd8de17f54,2023-08-11,Instagram,Like,Negative
94e58d8c-228b-44a0-b759-2e26941068cc,c80ef6e0-8c57-4865-9bcb-0601b7bdad70,2023-09-11,Facebook,Comment,Neutral
61270da3-0a87-4541-84df-2627bb65c010,ef7c4e41-733a-4297-879e-62030678dbb9,2023-07-24,Facebook,Share,Neutral
827c8fb0-1d40-43c5-9333-0ea9d52d25a1,ed48c6e1-81b4-4248-b1d3-f50c9fef9dd7,2024-03-21,Uncategorized,Like,Negative
fd089f90-297f-4c91-82e6-34a4937ecddc,5e53bc3d-6c78-43c6-b7da-ff94129bf244,2023-07-10,Twitter,Comment,Negative
8c30e42c-b170-4826-8bd3-c884b5f0715d,f05c0a95-74d9-44ef-aca7-572ba7b63417,2024-02-07,Facebook,Like,Uncategorized
1b6db98a-776e-4370-9d8c-f77a5ccc26c6,7d1a5c99-b700-4245-bdd5-d8c92e668eb5,2024-02-09,Instagram,Like,Positive
dd326157-b76e-48ca-a375-fd97e1dab6c9,5bfc0cfd-e00c-4b08-a232-98e2de1bbbea,2023-11-20,Twitter,Comment,Neutral
bd957d6c-e7f6-4beb-8a2b-48293b432295,d1a99ae5-6c1b-40b2-85ad-3b312b21bcb8,2023-11-16,Facebook,Like,Neutral
cb7b0f7e-08f5-4dd6-8708-d4942dc4c057,c6b34070-b49c-43e6-82e5-f1d8f149cb02,2024-01-12,Facebook,Comment,Negative
36656b2c-c7ad-4c3e-b2f3-c9d7beb78aec,a90b90e8-eb1d-4f07-8383-e6b7f6a30352,2023-09-25,Instagram,Like,Positive
5dc17b80-c365-4827-963c-6f1e86a9c6fc,e9772263-5534-41ad-8272-d8f45c5b4224,2024-04-21,Twitter,Like,Negative
51146712-d132-40f2-aafe-e7483ba0c0a1,4fd67926-4d45-4dae-896e-74d76aa5b53c,2023-12-31,Instagram,Like,Negative
00c15eff-8bcf-4d12-a5d4-992e45e3309f,3d8776f4-379e-4ca7-b281-97466272994e,2023-08-10,Facebook,Share,Negative
74705e26-86f9-4ba5-ab58-f6dd42fa846b,14c34f08-8c5d-4b20-a73a-368c76236136,2023-07-03,Instagram,Like,Neutral
105cb802-0866-4111-bd51-75f58598eb73,345b9c23-2ec2-4c93-ae0b-73f07879b0c2,2024-05-15,Instagram,Share,Positive
aa53dc4d-35a6-45a2-9ffb-f83d25cf0e60,ad6fe8e5-7369-4635-b1cb-cd11f0402c6d,2023-09-04,Twitter,Comment,Neutral
142d2fe3-3958-433b-a163-3899040ab178,04a6e273-fc71-4122-b276-8821578f56ff,2024-02-20,Uncategorized,Share,Neutral
9d4d9b36-c718-4f5e-8c9f-a0fbf1e6da15,8e19e1a0-9a8a-4f1d-9230-7b947fac8093,2023-11-20,Instagram,Share,Positive
9e99f76d-1daa-44b5-89df-85554e334b59,e767057b-4bd3-49cd-9960-1e55b26d815a,2023-09-10,Twitter,Like,Negative
570259d3-ecc5-4bc2-8154-51134d7944c7,3d5388c0-216d-425f-8f50-68bf9ac4e7f0,2023-11-14,Twitter,Comment,Neutral
6173ff2c-0c50-456b-b629-0453a1eedb37,e2d37c95-8882-4a10-81ff-005e61610332,2024-04-07,Facebook,Like,Positive
6e820fd4-83e9-41c3-8c2a-4c39b93d9a22,97c31605-4395-4353-917e-20472a42144f,2024-03-11,Facebook,Share,Negative
6007e8e7-4c8a-4df0-b03a-e7afdb6684e2,fce78641-1602-47d7-9d60-fdb9c8577533,2024-06-06,Instagram,Comment,Positive
861294ac-c6ac-4860-8fdd-f8e9b1a893a5,8a28f038-3706-4f82-9740-bb32eb4714c9,2023-09-15,Instagram,Comment,Negative
0779c97d-f4e4-4774-b1a5-deff552434a3,1d395b1c-8eb1-426c-8518-af145aecb989,2023-07-13,Twitter,Comment,Negative
0731634f-5209-42eb-9671-8f0cddf22eec,6882c180-fdf5-43db-b975-21762bcdea89,2023-12-30,Facebook,Share,Neutral
663fe6ae-b359-49bc-841e-c3deb4a18083,7215520e-2260-4091-9bd2-7655f7a30bdf,2023-11-20,Twitter,Share,Very Negative
262adfc3-44ae-442d-a213-2d3eb9e668a3,a0b08d7f-db36-48db-918a-fab7d91a200a,2024-05-21,Instagram,Share,Negative
6e1feeab-c26b-4462-ae4c-77ff8d6e5b35,51a8a2de-0df3-48e9-a6ca-488d7a7c35d7,2024-03-15,Twitter,Like,Uncategorized
f05ec030-ac96-417d-a73c-e3ca3adc1a30,c68fdbea-1008-4516-9fd1-beca870c6156,2023-09-16,Instagram,Share,Uncategorized
a39d48bf-a98b-4846-924e-cf1c0c65bd63,c3865a6f-4f15-4eb0-a876-b6b7f57a0685,2023-07-18,Facebook,Share,Neutral
3aa97bf0-e4f2-412e-a669-ad23b5c3a7ec,51c0ba85-b4e9-4807-b6f2-2218deef2ef6,2023-09-19,Twitter,Share,Positive
c730f890-8def-4e02-a90a-f76b014f521b,f757b05a-ebe5-4e5e-bd21-48478381656c,2024-01-18,Uncategorized,Share,Negative
bf5570d2-e655-4cf6-a889-cd3deb01b150,7bc2689c-ed84-46f7-a556-5ab50668c9da,2024-01-28,Uncategorized,Comment,Neutral
f27dad21-87d3-41b7-b93f-1efba28d5819,3199e897-41b1-493e-9170-7e191685aa37,2023-11-29,Uncategorized,Share,Positive
2d76d24b-3693-4802-8014-9ea47fb95597,4fc88a01-6ec7-4956-a15f-dd5590c5774e,2024-05-17,Instagram,Like,Positive
a420497a-653c-4a0f-bdfa-32543a7a94f6,69b70c93-2c45-4b08-b90b-fe4533f0bcb1,2024-04-03,Twitter,Share,Positive
8259be60-437d-486d-9b10-b834e22ba7cc,62594041-c0e9-48c3-b3d2-a4ef5eb54e79,2023-09-30,Twitter,Share,Negative
611579fd-8fbf-4d43-9be7-fba6794da5be,154237e7-9b32-4a24-afde-36b6f9fae673,2024-06-21,Instagram,Like,Positive
7cd96f82-4bad-4efd-a6aa-d6098dff001e,df529901-ad6d-437f-a5e5-637897780ed4,2023-08-21,Instagram,Like,Positive
499713c5-04d9-4f79-bd77-0d0e94208cd8,ee193c90-7b9d-4354-aedf-597887d68b56,2023-12-29,Twitter,Comment,Neutral
e00ffe05-e989-4f01-8a2e-45d209002140,ab0f3d88-7416-44c3-82e6-8a642484604f,2023-07-01,Twitter,Comment,Negative
5cea80e1-34e1-4474-806d-73710d8c86b6,748874b0-9a1a-4701-ad17-fb9e17f7f8a2,2024-03-08,Twitter,Comment,Neutral
b2dd40c0-e0bd-43ef-b0f7-a178faa348cf,5d2524d1-54a3-40c3-a6f2-d8a2436c7e09,2023-09-20,Twitter,Comment,Positive
b0099c65-5803-4c0e-9747-44f2ea1157cc,0c6313c3-bfb3-4491-9c14-bf2bc9c4f56c,2024-04-15,Twitter,Like,Negative
f0ec8904-93cb-40bc-82cd-96ee6c34da9b,003ecb3c-3763-46f4-81b3-acf97345fc1b,2024-03-06,Facebook,Like,Positive
0633d4dd-14d7-4462-b210-59de9d63bef5,55c9dda0-b3e3-4f54-830a-dc36a2978a45,2024-04-07,Facebook,Comment,Positive
4dc5da78-1e88-45ee-ba6e-c9cade3a0df2,f1d2c2a8-22ed-4af4-a2ae-40d365ef851f,2023-12-25,Instagram,Like,Positive
60b4f94b-9fe0-4851-82ea-64d10af847b8,fc98fd9d-483b-46e9-883b-c9b3a944a521,2023-10-28,Uncategorized,Like,Negative
5ada20b3-7201-47cb-b845-5bb258f7d233,bdbd918d-cb98-4fb0-aa86-1d08c55f75f3,2024-05-13,Facebook,Share,Uncategorized
9e438f09-ec06-42e1-8c45-25063e2429aa,0288d317-8b8b-4e62-a737-e2faa007a125,2024-04-06,Facebook,Comment,Negative
18b3ff1d-ad70-4064-8d66-743289d65204,a5f8f9f6-9084-4f3a-91a7-15b5532c0618,2024-04-18,Uncategorized,Comment,Positive
fd8b7c0b-06c7-43cf-9e1a-7094f5920ed9,f68aa948-f704-4876-8e7c-034c7a8b1a3b,2023-12-28,Twitter,Share,Positive
3fbd3807-6610-4588-aa7f-fba7baaf308e,759537fe-ba45-4ad3-a3c1-939303c65828,2024-05-01,Facebook,Like,Negative
e5be0323-763b-4ce3-a575-f58313b295d5,f86f601f-080f-4f22-8063-ebf49f7e6de6,2024-01-30,Facebook,Comment,Negative
be6d0504-0efd-4ae2-8121-31372c6eefc3,4a373b36-4871-458c-9888-e0dd5e127c04,2023-09-30,Twitter,Share,Neutral
c5537a33-a4c2-4e97-b439-a4d59e2baf6b,92f1b151-9221-48ca-bba9-68f3edcdfcc5,2024-01-22,Facebook,Like,Neutral
3a5e0a7f-d144-44cb-ae6c-2799cbf8fa94,09387d9a-eb91-4878-95b1-f67968cb2a99,2024-01-16,Instagram,Like,Positive
b27c34a1-416e-4fd0-b5a2-b62dde9ee452,aacb72b3-8d79-429f-945f-17a347d633e3,2024-01-17,Twitter,Share,Negative
3152d2c4-69d8-4986-9a29-5fecd49149b5,b5fc1dd9-c970-4556-ad0a-2f805e8f5598,2023-11-22,Instagram,Comment,Negative
85ff0b6b-f0d4-4ac3-9eb4-063941a9396a,1eb24137-1fb8-48f2-8f39-ecf447b770b8,2024-06-25,Uncategorized,Share,Neutral
7fba19c8-8be4-4074-9d88-ce84dc6bdd38,de49486f-6950-4b2f-bf3c-4de54989b42c,2023-07-21,Twitter,Comment,Positive
6db13c6e-a2bb-49ad-a464-502b5043aa88,b2c86d4e-2924-4c17-9b88-df4c6afbcd22,2024-02-01,Twitter,Like,Negative
edd44c40-873f-4fbd-9ceb-8e9c59254485,320b766a-32e5-4638-97c6-90845cd8d620,2024-05-20,Instagram,Like,Neutral
d3a51925-129e-470d-b71d-de8276348fc7,0fd1140e-17c5-4b41-ae44-2a86f3b8b724,2024-04-20,Facebook,Share,Neutral
2a8b0748-3a77-47ec-a6e9-c8c191b39d62,7400975e-e49b-40a7-a270-470846610e86,2023-10-02,Twitter,Comment,Uncategorized
c2fe7e28-037e-4cea-822f-1a067e6d4ce3,2e25e431-c510-46f4-9116-ac694e8df649,2024-04-06,Facebook,Share,Negative
860003c0-809c-439e-b704-f8648809e396,00abab7b-aef1-473d-88c5-e49922661bdb,2023-07-26,Instagram,Share,Negative
915f1138-1700-4b8b-842d-91d7ec4781af,daa847cb-4b1c-4ede-b127-313310750d31,2024-05-06,Facebook,Like,Negative
b8769321-aa3b-4684-941d-819a58caad05,a106b854-d176-4bbb-90b3-41c555aa3ca2,2024-04-29,Instagram,Comment,Negative
8da1bcf2-03d6-4c67-863e-94f77ad8a850,28a63601-0813-424a-8648-dcdef88b5643,2024-01-22,Uncategorized,Comment,Negative
892666ed-6ac7-475e-a439-be787d456af3,91e0f6da-9cc4-4e35-9a90-ed554c682565,2023-12-19,Facebook,Comment,Neutral
54528df9-215f-4d8c-a1f9-8826c0996108,0a86d660-2ac3-4156-ab3a-44230c757944,2024-01-03,Instagram,Comment,Neutral
0009fdd2-ae63-45ca-8d5b-d0ea98381f7b,4d9427f2-30fe-4298-ab66-8490e29202b5,2024-04-22,Facebook,Share,Neutral
a53c8c2d-9bcf-4812-ab7a-10840de166fb,388c7a84-d69c-452e-bc5b-9670e3efbc43,2024-01-04,Instagram,Share,Neutral
a8636cc2-6df1-45e7-9142-daf1a21618be,b20d9276-93f9-4be9-8f9e-683dd8ae0e2a,2023-09-30,Facebook,Like,Negative
41a70349-bf97-44b7-8d7e-f71d8ba581ef,13ec76fa-a5ba-428c-9bc7-63fa9d7c0458,2023-08-29,Facebook,Like,Negative
8c2a2375-c037-44b5-8ede-a75321dfdd0a,a0f8df2c-a0a2-412e-8893-b6cd7c41f7aa,2024-05-16,Twitter,Like,Neutral
b7cf7756-cd20-4de2-b150-c473112da343,ea4df7cd-2c08-4cef-b6b3-23a93d2c8e98,2024-05-28,Facebook,Like,Positive
13a4c3f7-8549-4b13-afe0-486f14f86ea4,62d64d64-0076-4ade-b477-109b813653b4,2024-01-30,Facebook,Share,Positive
5be46961-3dab-4faf-802f-8f0f9414e039,5df34bd9-4823-4008-a4aa-8f623fafb8b1,2024-03-05,Twitter,Share,Negative
7c04fa8c-3838-4820-830b-fec86eeb507e,103c8680-14ec-4eac-abc6-6e56a835f730,2024-06-22,Instagram,Share,Positive
cccb312c-4304-4bd8-a66f-6a39a1129846,0e8443cf-ca7e-4b5e-b1e5-0760627141a1,2024-01-07,Instagram,Like,Neutral
f0ca9fb6-ad3f-4cbd-a3ce-aed1b70c5542,6b21100b-0de4-4801-b362-df627b06cfa0,2024-03-01,Instagram,Share,Uncategorized
c579a416-2c8c-46df-ba08-e43e243bd136,f7a4a971-f8c7-4a12-a28b-6699b3a40b10,2023-11-23,Instagram,Comment,Positive
ab87783f-5151-4b06-9f4e-324a0f107035,66bab63c-df34-4915-b434-e941c31a0de9,2024-01-16,Uncategorized,Like,Negative
c584f7db-9f8c-4012-b52e-089eadc9fde3,b0b37b71-fd3f-4f86-82d8-3be83f154e7e,2024-06-16,Instagram,Comment,Negative
210a6746-068a-4dc1-b3ba-e4321ce7b8fd,19648558-b9a7-4b7a-abff-411e1b26cf97,2024-04-14,Instagram,Share,Negative
2130fd89-6ba4-4f36-bb90-2327cf27d0d6,3d436f5f-43e1-4547-839c-08e3caacae1c,2024-01-20,Instagram,Comment,Negative
1ed01bef-384d-4c8b-a672-7c292860d7c1,fbd266b5-96f2-48a8-9e17-bde798194c36,2023-10-13,Twitter,Like,Neutral
408992a1-f21a-4ebd-a9b2-5e256ef8bf13,cc573cb0-5c61-4475-a547-456eba135585,2023-10-11,Instagram,Like,Negative
37b09c72-123a-4c67-9e52-1c2ec42d101d,7050d7ad-d1ed-4f8b-964e-1c645846d7c6,2023-12-23,Twitter,Share,Uncategorized
c16f42a8-3339-49f4-9aea-c1dda8b0701e,a856bfa8-fe3c-43a2-a376-9fb158a528c8,2023-12-22,Facebook,Like,Positive
ae7378ec-faca-4988-a810-0f5c6afa1388,b2b58697-19fb-47ea-b10d-2344f67d2964,2024-03-12,Uncategorized,Like,Negative
6506a08f-8725-46af-8aaa-1b3c5c913d84,fdbd8d5f-99b1-4a96-bc21-2c667e350204,2023-10-19,Twitter,Comment,Uncategorized
a3167bf4-3e37-4b74-b60f-bed399191b75,b9b56310-4930-471f-b667-3f1f07c5749e,2023-07-26,Instagram,Share,Positive
1fe699a4-99b9-4787-99ec-27d49fe60a14,2e5878df-f8e2-4ee0-93f4-64b200108edc,2024-03-22,Instagram,Like,Neutral
c9c2a3f3-cd4f-4b17-ad7c-69fbccc2416e,66aa8794-d6c1-4e86-92bb-fe94f7fdc769,2024-05-19,Twitter,Share,Negative
1e7ce035-2593-485c-8039-02a933537b70,2dfef4a0-ee87-42ef-bada-8b46a7d181b4,2024-05-03,Instagram,Share,Negative
bd1da171-46de-4ce9-bf3a-34ed34c4d25f,15678d3b-6cf0-4b8d-9a8f-1f547e1141dd,2023-09-25,Instagram,Comment,Neutral
a5087e16-7348-4e69-a8e3-9b9612243cfd,1456a090-8e1a-467d-962d-9c6979fad420,2023-08-13,Uncategorized,Share,Positive
c3f015a0-2ec9-4ebf-9edc-3b1190bf9fc7,be17ec52-5f48-40c6-bae7-f4a418d52216,2024-06-22,Twitter,Like,Positive
1defa046-5de2-45b6-bb67-3a6f081edf54,e89f417f-25e5-417c-b3ba-bcbc4fcaf0b5,2024-01-29,Facebook,Comment,Negative
330e4d26-da21-4713-be96-6698554f276a,1fd5a004-c650-4e1b-8f3a-453980cd7525,2023-08-19,Instagram,Comment,Neutral
32ac11aa-a64e-463e-a6f7-37ce1c10f2cf,471936f1-68f9-4c70-9031-4130776f954b,2023-11-23,Twitter,Like,Negative
108b24fe-ab06-4eba-b13a-dc2c521b76af,1728bc62-c4c8-4c6b-8379-a7417dea582f,2024-05-06,Uncategorized,Comment,Neutral
6b33caf2-aa50-406e-bfd4-87286e12ecc9,ea7ca4c0-58e8-42dc-9ffb-f3faaa584d1f,2024-02-22,Twitter,Comment,Very Negative
142d2fe3-3958-433b-a163-3899040ab178,bf4a0595-ee49-4282-8f83-21fc3c823d95,2024-06-10,Twitter,Share,Negative
ef10b8a1-1014-4edf-a80e-207b7790e894,edf06e2d-5fd9-445e-bbab-13e3978a3cea,2024-04-26,Instagram,Like,Positive
f1dfc90f-e884-474c-85a8-2058e3db24d0,32d5436c-21c1-429a-8525-33550dee0bf0,2023-09-22,Instagram,Share,Negative
768b95d6-378c-462e-8d70-22c41d6c65bf,c60fd845-116c-421a-b7a7-24667ab1b5ef,2023-11-18,Instagram,Share,Positive
4fa0e136-dc82-4b63-b106-51c60fc5d47e,5d41fac2-ebde-45cd-9bab-692f481f83d9,2023-07-06,Twitter,Comment,Negative
35dc485e-ab21-430b-87b0-b09dab982f99,d0724b5d-ee9c-4cb6-9c96-b537814f1f60,2023-09-20,Facebook,Like,Positive
667b0a6e-53b8-476d-be5b-215bfe49f60b,f94feca4-7314-4d6e-ba45-7ebaf5a6e0d6,2023-08-31,Instagram,Like,Neutral
d98a5116-3836-43d6-bb54-ffef96f9fd00,ea0f99ea-b7e8-45be-ab22-64327269f0b4,2024-02-29,Twitter,Share,Positive
71904c78-c815-499d-8289-88ae7c89883f,ced86151-6622-494f-92fd-b79b60ea276e,2023-09-04,Instagram,Like,Negative
c448b2f5-80a5-4fde-8144-8bea32bc3618,766f9e62-9278-40d3-9dac-e96d2415a25a,2024-05-09,Uncategorized,Like,Neutral
992bfbf0-9fcc-4fad-9efc-767f55dd26ae,213a6828-1755-453d-942d-f7a5af55797c,2023-10-25,Facebook,Comment,Negative
f0fa23f8-ad7a-407d-a63f-d4fba28cf6ac,79f6a878-44bc-48f3-a2e0-8a41071f0ad1,2023-12-18,Twitter,Like,Uncategorized
a137a587-2eec-49a9-a6b3-587b40563535,a7ba25ff-0a0c-4587-85ed-6e705edf66d0,2023-10-09,Facebook,Like,Positive
b4fc2d7d-62bd-491a-bff5-f32289dc0057,f6bcb0cb-a4ba-44a3-b9e9-558fab0fc054,2023-08-15,Facebook,Comment,Neutral
1cc636ba-e6ea-44c6-a056-0de95dce9831,b27ad2f0-0a89-4126-8008-ef94a9d9214e,2023-07-20,Twitter,Comment,Neutral
cfd54725-4901-4a70-862f-2da2113346cd,5f43072c-732a-4eeb-abf6-f63dde8cface,2023-10-23,Instagram,Like,Negative
48d12d8a-6af5-4b8f-b67c-00ceb29bfcdc,918b5aff-e57f-449e-82a6-673000b0bddb,2024-04-17,Instagram,Comment,Negative
5a162c3a-fd9d-4781-91c6-eb6e390313c0,5b87f6ae-8282-4312-96f2-08b0c76a9f1d,2024-01-27,Uncategorized,Comment,Neutral
a470ba12-56e6-4c27-8c88-7b24739912d5,8d1cdb6b-50d5-417f-b1fe-e62bb500291e,2024-02-22,Uncategorized,Comment,Negative
246eb688-f74c-4d53-a327-8d444a2fcd62,1adfe580-a9e7-4e48-9b14-fd02389169a0,2023-11-15,Uncategorized,Like,Positive
3a37d39f-9c74-4ca1-987c-5ac5269b13a3,1e1a73a1-9cf7-4433-809b-4a263c059131,2023-08-28,Uncategorized,Like,Negative
232cc4ee-0884-4025-9c28-8ddebfd296b4,1f5e344d-d578-4853-b3bc-b1d984ebb562,2024-01-06,Facebook,Like,Neutral
af603c89-aa51-419e-81ec-7dda033219f3,16c990f5-d38e-48ed-8908-fa4f3df712d7,2024-03-14,Twitter,Like,Neutral
8f4bfd5c-d32d-49bb-a995-7535553847cf,2b78a417-3ac9-479d-b57b-218ecb6ef2b8,2024-03-13,Twitter,Like,Positive
e8a661f3-0982-41a3-b9e0-71e265df25e7,1033c3e6-4e2a-4753-bb6f-662fc2b0b0ef,2023-07-11,Instagram,Like,Negative
0ab0e741-f4ad-4d82-92c4-b5055b5c5549,2bcdfd69-98c4-4014-bf62-8912fc0fad42,2024-05-17,Uncategorized,Comment,Neutral
3daeb50a-a388-44a7-8aa8-0cde8a0c1947,a9eaf701-3c4e-429c-ac9a-bca2c8a243e1,2024-06-06,Instagram,Like,Positive
b7b84b81-c61b-4f23-b3db-b18010484122,93d2d3e1-841e-4ece-91c1-3b1998a4cab8,2024-05-14,Twitter,Like,Neutral
c6f3aa4e-9147-4547-b2c9-b1aa7847d304,78f3fec1-8365-41b9-b0b3-531e87c39aee,2024-02-06,Facebook,Like,Positive
1938b05f-14b1-4bda-bedf-24863003259e,8fede39b-b5f2-4dcf-a71f-907857637cb8,2023-09-25,Facebook,Comment,Negative
e4f5c19b-60e0-4e10-9735-88d05adf0667,71e1551c-c77b-430e-94bf-4bba156eda6d,2023-09-05,Instagram,Share,Neutral
be43e8db-0b64-425e-b11d-c15f19659bc2,3dbbada6-57ce-417c-9e2e-1df2d8f2d18e,2023-08-09,Uncategorized,Like,Very Positive
f1f5c413-2160-4dac-97e1-be254637d804,78198a01-3df2-493d-b36d-9e694880f3ed,2023-07-05,Uncategorized,Share,Positive
b89af461-8e4a-44e6-b33d-9ed1746a0d23,b032b788-ab61-4611-9a83-335894d717b4,2023-12-07,Twitter,Comment,Uncategorized
99fa724b-e2bd-4739-a204-3c94957fe3e8,c35ff9be-e2eb-4b92-a4eb-6303afb0cd19,2024-04-21,Twitter,Share,Neutral
aae60ad7-5553-4d10-a637-93d5dcc98e4a,0a36d7a9-d0d3-4697-93ee-c0702b9ef9a0,2023-12-24,Facebook,Like,Positive
50118139-7264-428f-81cc-a25fddc5d6dd,b269b17c-a777-4670-a566-905607050ee1,2023-11-07,Facebook,Share,Neutral
99220a1a-25ed-41a2-8156-541ea6ae971f,d17d8ce2-9463-4c3c-a503-495ef950a1e0,2023-10-17,Twitter,Comment,Neutral
1e061351-11f3-470c-905f-60f244516c43,11dce058-13f9-429a-81b0-a4abfdde0ac4,2023-10-16,Facebook,Like,Positive
411c2202-f939-4b1f-bdd3-7eb0257bd14a,8042f645-8432-4b51-807f-ac62f89fba5b,2023-08-04,Instagram,Comment,Negative
80567290-5f57-4298-b5d8-ad7a8d53fb47,a0a0455c-b3c7-447a-bd36-3423994292c5,2024-06-29,Facebook,Share,Positive
40f2fc46-f4cf-4987-ac84-73e500fcb521,29dfc7e7-3f66-4828-bc9f-ae864d88a626,2023-09-29,Facebook,Like,Negative
cb7b0f7e-08f5-4dd6-8708-d4942dc4c057,f92815cf-736d-4f47-a294-9992b7fe93de,2024-05-31,Twitter,Like,Neutral
f845b247-fa01-47ca-8e06-583f8f0334a1,a334db19-d183-4423-ae80-eabec1700098,2024-03-09,Twitter,Comment,Positive
38795c70-655b-40f0-bee1-cfc588d28848,cad1ef03-d55b-4396-9fbb-b5a12d82d7bc,2023-07-22,Instagram,Share,Positive
e2cbdbed-02ab-4081-822a-e970794e5aa0,176c036e-4150-4df1-abcd-996d1c86bd10,2024-03-05,Twitter,Like,Negative
af7e73a2-6c53-4483-aaba-8b6c9074e1ea,be93c268-140e-4fab-a3df-4aa77b370096,2024-02-20,Instagram,Like,Neutral
f9e210c2-0090-42fd-9d80-8f5ab0267c32,e532361a-85af-4f20-b2d5-659ae78980ec,2024-03-20,Twitter,Like,Neutral
7f39b2ac-eeb9-4198-8950-4e561f743343,358a96b4-7909-4b3a-bde9-5ab7b5ae4741,2023-07-27,Facebook,Share,Positive
4e5e8598-a3bb-4580-8c9f-a2ec0d98afc4,83327b08-3cb0-4dff-846d-3012cd116b43,2023-08-14,Facebook,Like,Positive
249a52ef-4f20-4035-ade0-4855537d75a2,8c81d315-d985-4cab-a321-9e5fcedc17ee,2024-04-13,Facebook,Share,Positive
cbe0ba17-b550-4e47-b67e-a87bb2882513,7ad0eb4b-35ed-4cb5-a21c-d28862b86a0f,2023-11-25,Uncategorized,Comment,Neutral
a5c965ed-42de-42b3-8fe3-87b13502173a,6ce03c53-ad34-4d81-ad50-66741c3833a4,2024-01-27,Twitter,Comment,Negative
34007525-1894-46d3-95e4-6fda3ed60c56,a86a7c55-ea8b-4692-8a0a-55a1b1240176,2023-07-27,Facebook,Share,Uncategorized
9f6760d0-6b6f-4ed5-88da-74787fcfa14b,e0d3751e-5061-4700-becd-223638deddd5,2023-07-30,Instagram,Comment,Positive
8a39b491-7b4a-4319-ba21-ece95b3f2195,fdec9fca-aa94-4e8c-b819-37533d81d148,2023-11-16,Twitter,Like,Negative
8af27e3e-6225-43a1-b3b5-9a838531c97c,5c855f75-627c-450e-9d5a-9b6a42f4905d,2024-06-27,Facebook,Like,Negative
28b0afc0-0a86-49fa-a9a8-be081b13a34e,7a25a47c-8329-422a-84aa-da53efd19918,2024-02-26,Twitter,Share,Neutral
a7c29c33-e968-4d84-82cd-1269ed1e7c1e,fd8804b9-67af-496f-bdc0-3371b0182aad,2023-11-01,Uncategorized,Comment,Uncategorized
152b0a87-9600-4cb1-b0ae-b43c85433787,0b7bee5e-11a9-4a2c-aef4-7e6e22a65681,2024-02-03,Instagram,Share,Neutral
b8d1c3f9-ee30-4b0e-9f94-db54abe92aea,13f2a14b-f712-45ab-be81-e35ea3b11b25,2024-04-15,Twitter,Comment,Uncategorized
9e85fb2e-f7af-4338-9b2e-0b900102405c,f0b990c2-d5aa-443b-9991-91fe91b8c7d8,2023-12-01,Facebook,Share,Negative
d98a5116-3836-43d6-bb54-ffef96f9fd00,3712e75c-5e85-41fc-9242-c71310562c6f,2024-05-25,Instagram,Share,Neutral
48ba61eb-1ce0-43ae-88ec-82a11872e1f3,9154fd05-93df-43da-84bd-f3d52c0126db,2024-01-24,Facebook,Comment,Neutral
479399de-abf8-41c7-9568-e82c741e7bff,bfb0f436-8a7d-4da9-8c3f-cffcdb2fc040,2024-05-14,Instagram,Like,Uncategorized
a6cdffb1-b3cf-4aa3-af54-e42be3a8c260,c8725fb6-7e77-4857-9645-37c94b5bceac,2023-08-25,Twitter,Like,Neutral
4ed0e404-e360-4f0b-ba81-b14ac4be70de,d469e113-611a-432c-8155-804e383566ce,2023-10-13,Instagram,Share,Positive
f4274d3a-db95-4b02-b4cc-2b414f25d80d,a7553223-20e4-4bc7-a0a5-2454f41917a7,2023-07-20,Facebook,Comment,Positive
56b27186-f97e-4afc-9dc4-bf8324dbc2b9,522db0d9-81c2-40bf-8021-65d6579d0722,2023-11-09,Twitter,Comment,Neutral
209e0eab-c6a2-42b4-96a7-d13b8191ff41,f6c9cd8a-545b-4357-a344-da843282e3fb,2023-09-17,Facebook,Like,Neutral
edd44c40-873f-4fbd-9ceb-8e9c59254485,90bc104d-e567-45ce-92a2-9037bd45afe1,2024-02-02,Uncategorized,Comment,Positive
9f6b9ab6-1055-4a20-912e-23adb444695c,70a14249-3ba7-403b-a1f2-7a5a3daa9dcc,2024-01-09,Facebook,Comment,Negative
3cff3ced-315b-413b-9c0b-99bae1c5f85d,17a0a306-648c-494f-93ce-227abd93691c,2023-07-21,Twitter,Share,Uncategorized
3f77788b-c066-4700-845f-bb87269c1d5e,ea67adaa-bad6-4fc8-b690-fdcc3bdbff8f,2023-12-11,Instagram,Comment,Neutral
28097c07-e810-4e64-8eae-bff2abd81bc1,3e9b686a-ca44-470e-8c94-ba0d438d37f3,2023-07-12,Uncategorized,Share,Neutral
50b1a4f9-30de-4811-870a-0dbfb8285730,99955bc7-0bf3-481c-bf70-9b9b5e383883,2024-05-20,Instagram,Comment,Positive
a6b32804-271f-49c4-b6e0-6bab25fd7313,f231e718-166c-458c-ac14-d8f688d14e90,2023-11-06,Instagram,Share,Negative
f0fa23f8-ad7a-407d-a63f-d4fba28cf6ac,c65880c4-9444-4225-bfa1-546cd2333bd3,2023-10-17,Twitter,Like,Uncategorized
fd35b6b4-ad1c-49cc-9c34-8c2d696f38e2,a5a47dee-2bbb-4c10-a961-f2dfce3b3fa7,2023-11-03,Twitter,Like,Negative
af7e73a2-6c53-4483-aaba-8b6c9074e1ea,a715c109-fee1-4e38-820b-3f762a76610c,2023-11-01,Facebook,Comment,Positive
7e7d6c28-572b-48ff-b443-05ff9709d2d1,98ceb0ff-4697-4556-8d90-ad959926b902,2023-09-02,Instagram,Share,Positive
ea8aa9a1-7a06-4c9d-be6d-e8f856d49e1f,3001ea61-4e53-4379-822e-ea88482955f0,2024-02-11,Twitter,Share,Negative
bc888183-8dfd-45d0-9bc2-d8584e9b8064,3db7ccef-a92a-4aaf-8449-147cd461f222,2024-03-18,Twitter,Share,Uncategorized
479399de-abf8-41c7-9568-e82c741e7bff,7e83274e-773a-4e8d-917f-acb015be7bc0,2023-07-24,Facebook,Comment,Negative
c83975c7-77b5-4f08-ab0c-c6350eb0a7dd,c90ae03a-1d78-4072-9c1b-6d3538016621,2024-05-22,Twitter,Share,Negative
8a4e842f-affe-430d-81a5-15102e10eece,5416a58f-2c4a-4859-8753-14f8e44862aa,2023-10-12,Twitter,Like,Positive
1cc636ba-e6ea-44c6-a056-0de95dce9831,d7a772d0-e5b6-40a6-9ba0-8e67389f0a1c,2024-05-15,Instagram,Comment,Neutral
4daabb30-a613-4170-bdb6-b79e45d9856b,6d0ca9f4-cf32-4b7a-9450-09b0e35df5eb,2024-05-20,Twitter,Share,Positive
a182297b-e38a-43a7-bc51-572645ba843b,01a9bc36-1595-4587-8143-a9cd7a4164e0,2024-02-12,Twitter,Share,Neutral
56a1a6d5-3e94-4e3f-aa56-2d6c0dcad380,cb51b82b-af50-49d8-9ef5-56acac64ec45,2024-04-19,Facebook,Share,Negative
cd733ffe-4726-4d32-b2a8-06a86d0dfa20,7f3ba71d-b7fa-4856-ad91-82ce507751cb,2023-11-24,Twitter,Share,Neutral
8c2a3b88-0071-441b-98ec-b521f10ccdca,e4d11cd3-947d-4c3f-893f-a0647ab4a839,2024-01-09,Instagram,Share,Negative
8704391b-7a78-454a-a257-cefaa907d324,45ca189c-a607-4420-8962-6aceb1f538b0,2024-05-13,Instagram,Like,Neutral
0c4b59d3-f907-4240-8849-6d592af9f7f6,10ba5b7f-832b-44c8-9231-abdf9c980ef7,2023-09-23,Twitter,Comment,Positive
3e3228a0-0d67-4e2a-aa10-7e68395e7fab,459a18ec-238c-4907-b971-fbee0cc2556d,2023-12-06,Instagram,Like,Neutral
43872b6a-ac3f-4119-9531-a148e6893eb3,14cb567c-9ce9-46b5-b1a9-02d849baf5d3,2024-05-25,Facebook,Comment,Negative
9ed2792c-bffb-472f-9c11-61bb7203b01f,71c6b35c-96b3-4cde-9125-26f3f8216f00,2023-09-10,Twitter,Share,Positive
edc655e1-174f-455f-8ae3-f12ff758a281,be8e11b5-ddb0-4785-891b-897e4b236c71,2024-03-28,Twitter,Share,Negative
f3606f64-3f9f-4758-bd59-c9424f0d8028,3fc9e908-a553-4335-934a-2d415974d468,2024-03-04,Facebook,Comment,Uncategorized
f510a5f0-b4b9-4445-82e8-0157ee2947e1,7382318d-dc79-4801-b92a-ab96c9e83b16,2024-05-04,Instagram,Comment,Negative
9915aa87-c969-460b-844c-f57548662f88,c1636a88-a0c8-43a2-a08f-612de071e1a5,2024-02-25,Instagram,Comment,Positive
29e33b63-81fe-4687-a132-06d0a5e6668c,04d38329-d4db-4f3d-8f84-2a3a0d7668f2,2024-06-08,Instagram,Share,Negative
99abe3ae-4c10-457b-b071-7edd0f122ecf,c991f02a-8c57-4164-adbd-09221fc0fc56,2023-10-08,Facebook,Like,Neutral
aac57e67-f138-426a-8f26-c4620e29f4e6,a522c586-463f-4241-a88b-2e5aa7f22213,2023-07-18,Instagram,Comment,Neutral
7a461a97-18fd-4686-ab3f-adaded72069d,f005d870-4350-42d6-8b8b-9b61f9cc09e3,2024-03-31,Twitter,Share,Neutral
6839b030-9abe-4bef-acf2-40fd28bef037,8c033edb-2b6c-47f2-81c4-dee187a62621,2024-02-26,Twitter,Share,Neutral
8dcf3f3b-cf2e-41ab-b2a2-85e0072ff25a,cc65d682-e481-480e-acd2-a8e0a60f6909,2024-03-15,Instagram,Share,Neutral
ac5436b6-4dbf-4083-88f5-87e9c9b2064d,a5ac035e-66f1-4080-8d86-e4426cbb29e3,2023-09-09,Twitter,Share,Neutral
5ff49c7e-70b2-46de-a722-92b0c1edbc17,76f139b5-af57-4ff9-9a8a-7120fefe0a18,2024-04-26,Uncategorized,Like,Neutral
5736efce-e87a-4e6d-a7b0-803d8aea3c75,d689da3a-a445-49f7-b470-4c176e2d28ff,2023-07-26,Facebook,Comment,Positive
a14c5d2f-87d8-4caf-b91e-ab6865872c37,7e2642a5-3779-492f-ad57-831801c45ec7,2024-05-12,Facebook,Share,Neutral
9190bec9-2cbb-4b52-b9e0-263afc6bc0b8,49073c2b-829a-4072-98ae-7b9c374a2d00,2024-04-28,Uncategorized,Share,Negative
97245577-2a94-4929-be69-e2dafa5af66d,817a95db-a64b-4c57-bbcc-3fda624f0e3c,2024-01-13,Twitter,Like,Positive
0d54a00f-7e0e-45e3-804d-5a43044cfa0b,7ca677ca-7419-422f-8f2f-e04b1f25e6be,2024-02-06,Facebook,Like,Negative
4f6d0e26-dbf8-4abe-8b06-083acba71564,09895bf5-70dd-4324-be71-54b5f22a5870,2023-09-09,Uncategorized,Comment,Negative
0dd7e84b-0aa4-4883-8bda-447e31b595d5,f6c2eff0-c39c-40e0-979c-3ff2267795c3,2024-05-30,Twitter,Comment,Positive
648dac00-686c-41c0-8d59-3bee7d3bd390,1880f87f-ee98-46ce-95e3-753eb49e93a0,2023-09-07,Twitter,Comment,Positive
2be2a985-68f6-42b1-95a8-768c5c661980,4ddf9425-3639-4d80-8592-f3479543c6da,2024-03-14,Facebook,Like,Positive
12dc6fed-c847-4040-93a1-dd00eb7ccbc0,fd919b6e-5b10-422b-a77d-4bb490786130,2024-05-22,Twitter,Like,Neutral
d351a939-0f64-41bb-91d3-5a90b091c928,5b601dfc-905c-4dd2-8f7d-34257555d170,2024-05-19,Uncategorized,Share,Uncategorized
4221b3e2-b488-480a-a819-42969646c3fb,2684a30f-89ec-4afa-bba6-0446f4741b16,2023-07-14,Instagram,Like,Positive
6539c670-03a7-4f89-8fb2-8190024380cb,338ce9d1-356b-4ca0-9860-181445860eed,2024-02-29,Instagram,Comment,Neutral
a3167bf4-3e37-4b74-b60f-bed399191b75,cf56b54a-b3dd-4ed6-b4d3-2c6d28d38a41,2024-02-18,Facebook,Share,Neutral
6506a08f-8725-46af-8aaa-1b3c5c913d84,14dc13d6-8756-464f-907c-5f7186930c8c,2024-04-04,Facebook,Share,Uncategorized
6f822fa2-fe63-4c4b-9948-7ecbfe600173,e27a5a18-d0c3-48b5-aed0-3f48a08c6d33,2023-12-18,Twitter,Comment,Neutral
b07eb18e-8b83-4ec1-b0cf-ec3e5cfbd799,aa73c853-d2d3-49a6-a0ed-6d8503028f5b,2024-04-01,Facebook,Share,Neutral
209e0eab-c6a2-42b4-96a7-d13b8191ff41,9e9fb33e-f656-47ed-9376-72d63a8d0ec2,2024-04-26,Facebook,Comment,Neutral
2d6cbeb6-36ce-4d08-a706-d0e58d68ca4d,df85c0fb-48e5-4574-866a-a7bb66682347,2024-03-01,Instagram,Like,Negative
0cf298e7-5527-497f-b764-90599766f2a3,04a0c87d-02e1-4538-a16e-6b286fa553c5,2023-08-06,Instagram,Share,Neutral
99a198c8-1b8a-48cf-8741-11e3e84e94bd,5cee659c-a8e2-4bc4-8c1d-326ba83b77a3,2024-06-24,Facebook,Like,Negative
571620a3-d3b9-461c-8b8d-54ccfdfa1a49,ea25090e-7038-4bba-96ef-0ccd601d3eb5,2024-03-01,Facebook,Like,Positive
97ee26b8-320c-4c59-9abb-62380716854f,e484d395-2380-469b-8dd1-924b91efb9d6,2024-05-02,Twitter,Share,Negative
f61abbed-511c-48c3-bea7-784a7b1f4ef9,e52f1a53-8ff8-4eb4-bc07-dc5d370d94d9,2024-03-06,Instagram,Like,Negative
3d921b43-7411-4048-a294-c1f40ff81a30,dd654f51-6368-484b-a7e7-cb3fe39f60c9,2024-06-05,Twitter,Share,Negative
2da6af33-03ca-4206-9735-eaa16ed458d9,35c5ed45-08d3-402f-b2f8-f0e6f18a34c0,2023-10-27,Facebook,Comment,Uncategorized
1938b05f-14b1-4bda-bedf-24863003259e,22858756-bee7-4099-8fa4-15335a42b638,2023-12-25,Twitter,Like,Uncategorized
c8729633-03c2-4e78-9f08-fa98a0f68780,d6a03c31-9a97-4fa9-a969-90da414eda17,2024-04-29,Twitter,Like,Positive
ed583d72-569d-44e6-a43a-922d87610bc1,e1a413c2-8bae-45e0-b89d-e082d2ca4208,2023-07-19,Facebook,Comment,Neutral
ed27f98c-9eb0-400a-94dd-227a49b0597f,f6ea2740-b8fd-4177-a49d-62409558c7ad,2024-01-30,Facebook,Comment,Neutral
0340d565-36b4-4d28-9619-7899512b31b8,b8d7b0f8-bd3f-425f-ba2b-be99c3ba5316,2024-01-03,Twitter,Like,Negative
92012350-c38f-4911-987b-6c574e4826b7,7ae624e1-76b5-4cdf-8965-35ab18bfc7fb,2024-06-11,Facebook,Share,Neutral
b22ea045-5ad5-47fd-a03a-6657307f82bf,298d122f-813b-40e1-bb45-86ab03968d29,2023-09-26,Instagram,Share,Neutral
086370e7-8884-47d7-89b0-776401a43e1c,ca302d7a-7abd-42f1-9232-1a0df58efe0c,2023-11-23,Twitter,Share,Positive
b29ddf39-3a1e-4a11-97fd-a2ec8ccf01c5,00fe0e74-e05d-4a36-a908-f9744cf97b86,2023-11-04,Instagram,Like,Uncategorized
b46b45f2-bb07-435e-b5a8-0626db6f7a07,e4573009-48d9-4b7f-b169-1fcc80929443,2023-08-07,Facebook,Comment,Neutral
3f77788b-c066-4700-845f-bb87269c1d5e,7342d60e-b385-4959-ac50-f79a80f8a844,2023-08-11,Uncategorized,Comment,Neutral
5d6d2580-5c52-4659-9001-60b251e5f66c,d2b5b55b-067c-4cb6-bd77-a54a17c14835,2024-02-12,Facebook,Comment,Neutral
70c48d78-7384-4aae-988f-d59f6de6fb14,1dba2a96-da1b-447a-9fc5-c23730689348,2023-12-18,Twitter,Like,Positive
f1f5c413-2160-4dac-97e1-be254637d804,c1f7541f-3488-4474-9496-15546000a659,2024-03-15,Instagram,Comment,Negative
ab87ecef-f7ea-49b0-8c50-c31442ad5c46,4ba281e8-18ff-491a-8cde-c8ab342ef1ec,2024-03-15,Uncategorized,Comment,Neutral
9b74e9c4-2adc-45b1-a389-ecf83885c1d0,cdc6654f-a464-4263-a815-75c47072ae48,2024-06-26,Facebook,Share,Neutral
240b78f9-8532-4b9b-800a-14a47b658404,d016e9fa-38d4-4b5a-87c2-a01f2e40a28b,2024-02-15,Twitter,Comment,Neutral
105cb802-0866-4111-bd51-75f58598eb73,3d976b6c-c0ba-4991-998a-e9eadec92fbb,2023-08-25,Facebook,Like,Neutral
56f11a95-76f1-4a97-b38f-db1dc95da1ed,dd531f07-0688-459d-8939-54d2ca20c7ac,2024-02-25,Uncategorized,Comment,Negative
d8fc115f-73be-487b-bdae-921eee1052bb,cdff5787-4b00-4802-b17d-cb13137ddca1,2024-01-13,Facebook,Comment,Very Negative
f2ae0761-35fa-44a8-ac81-e607e89611ef,89043f37-2f17-4299-9d4e-16c1e6993e7e,2024-02-07,Facebook,Comment,Positive
b3b31b3c-778e-4086-bda6-72c7bad8a9d6,75a15d1c-0563-4d9f-9e53-d80375661c8b,2024-06-17,Facebook,Like,Uncategorized
24883904-8fb6-40fc-b288-1e20291c98c6,88634d32-1b97-42dd-b804-74455dc8a0b8,2023-10-18,Instagram,Comment,Negative
d8ed673b-8d73-49a5-aa5e-ae50b2113777,c3e26e3f-2287-4910-b0f6-4e8a851b8493,2024-05-16,Twitter,Comment,Neutral
b7aa5481-366a-456d-b996-1f8146f93d9b,03b76324-085d-453a-95f9-6c6f93120ec7,2023-11-06,Twitter,Like,Neutral
4aab54a1-b555-48ec-9b0f-0e87abdcc45b,7f2a0e4a-8e5b-4858-9e2e-4758f4723a8f,2024-05-25,Facebook,Comment,Neutral
4d348827-d2bd-4303-99aa-97a2ce15563f,a03dd991-0129-4e92-b1a5-e4ea8824f603,2023-09-17,Twitter,Share,Neutral
0b112fa1-e37c-4493-b4ff-64d56b4e3526,5340abcd-57ee-49d2-a2ae-f5977aa668ec,2024-05-30,Facebook,Comment,Neutral
ccf4d58b-5087-45c8-a8f8-bb99be9a13d1,eb4942b5-2745-40f7-bc6e-1b1779a58640,2023-07-06,Twitter,Share,Positive
8f913b3f-65fa-4fff-b402-bff340ad86c8,4f8b862a-662e-4644-8929-dad5854693a9,2024-02-29,Instagram,Comment,Neutral
8c30e42c-b170-4826-8bd3-c884b5f0715d,172842e3-d9dd-4a8b-bd7a-f814deb0ebe4,2024-01-15,Instagram,Like,Positive
ce2ece8f-91c3-420a-9d80-8b1f5051dc77,5c1b5cf2-d6c5-439a-a1df-a0e586b05539,2023-12-17,Twitter,Comment,Neutral
ed72e313-f92e-42ae-855f-0673b532ff14,fbe4df58-9d6c-4035-ae30-b693edb40355,2023-10-15,Twitter,Share,Negative
f6bbcdaa-e3ec-489a-9d20-b2599f57323e,0588320f-df44-4bf3-ac95-497303857f5a,2024-02-07,Twitter,Comment,Neutral
6596f49d-5c9f-4bcd-84a0-82d866b98314,7dcf3798-ac98-4458-ac1a-ec0c9a0ff710,2024-02-12,Twitter,Like,Negative
045ab4a7-5793-4f93-bb9a-8becd4e20422,604f631f-2768-478e-a1cb-c2d0c464f8d2,2023-07-29,Facebook,Share,Neutral
55038679-e6d2-495a-8d92-c85d70eef696,ebff70d3-ad95-478c-bd6f-b4518797d1e5,2024-06-23,Instagram,Comment,Positive
b79b5054-0141-4007-8a24-fca072355faf,90e8dc1e-ca2f-4f8c-8bb1-344bb87b7387,2023-11-12,Uncategorized,Like,Positive
f41fdf51-bf58-4cb8-893d-0ca400e640e5,808ed406-5f35-4d3c-b382-919808112dc4,2024-05-07,Twitter,Comment,Negative
9c649d2d-4a30-4ae5-865a-044f7f0bb386,5a8e5406-6afd-4db2-8894-054795da977f,2024-01-31,Twitter,Like,Neutral
e8960cfa-6e94-4260-8a99-74188b90a1fa,53e6ce8d-1f13-4f95-806f-82ac7a3b858f,2024-03-13,Facebook,Like,Uncategorized
b2d839ab-012b-4966-90dd-de4311498b7a,573a38a0-f03b-41b0-9859-7a9d263d4e3c,2023-11-13,Instagram,Comment,Neutral
c8ed5272-be7a-4d76-a4cc-e70330c69ba0,80180c96-43d7-4716-aff4-61f35a88d25f,2023-10-22,Twitter,Like,Negative
07546534-fcd9-4a32-8a9d-49027e807494,048cd9a7-c099-4e77-bdc8-2c462ec760fb,2024-05-22,Instagram,Comment,Neutral
75e2b1f9-ea4e-4d40-8035-4c6447576b3f,d524bdc9-d8e0-4783-aa7d-48a0334762a9,2023-11-26,Facebook,Share,Positive
7c1ced6e-c1ff-4cc8-ad63-480b951db4e7,eda45250-cd92-4bb9-b1cf-bdc5cffb0ca3,2023-07-09,Uncategorized,Share,Positive
d809597e-df4a-45f5-aa75-fbb76b0218aa,c0e3d707-cdd0-4ebf-81b8-1eb9deb968b7,2023-10-16,Facebook,Like,Negative
f8b81878-73cb-4468-9601-5242564e8bef,0256a7b5-68ff-4fc4-b127-8e5c34a6971c,2024-03-09,Instagram,Like,Negative
85efcfc8-7afa-44db-95e7-10aee30a5567,d96e9489-ffdb-45a5-bd6c-87ce9d1b43f0,2024-01-05,Twitter,Like,Neutral
a8094112-0900-4bad-801d-3ad673b8a229,638ebc7f-08f6-4d50-8ae0-c00c717ab42f,2023-08-06,Instagram,Like,Negative
234b9754-ca0d-43ea-93fc-fd65b2be91da,42736f2a-70f1-4810-aa63-36c8d3b93bcb,2023-08-14,Twitter,Share,Negative
aabb967f-0fac-406a-b5c5-ffb0480b80c5,30a835c1-cb0d-4dd6-89e3-8eecb4625b37,2023-09-20,Twitter,Share,Uncategorized
72aec0bd-fd32-472c-9b49-055bb88e33c6,10beb824-9dff-40d5-bdb1-06161c663f13,2024-01-22,Facebook,Share,Positive
999ad741-dfd2-46fe-afcb-7d1a3347c5c1,0859d745-2266-4ca7-a3e1-6de35d3343aa,2023-08-18,Twitter,Share,Positive
af7e73a2-6c53-4483-aaba-8b6c9074e1ea,705a2a02-8aad-4d71-825a-ebf8746dfdf2,2024-01-09,Uncategorized,Share,Neutral
472dd3d5-946e-4c40-804d-110cc6faae1d,ab3bff46-6fff-4a4a-9b2a-02860d839db3,2024-06-19,Twitter,Comment,Uncategorized
c964a44e-9457-4af8-a2f0-903fa35c491b,c55d8b26-056f-42fd-9ee5-817ab9484dc6,2023-10-28,Facebook,Comment,Uncategorized
4df1a36d-5681-497a-b53b-8729cf2f173d,e06e05cc-2e7d-4652-98ef-8f8d7e73d948,2023-10-04,Twitter,Like,Negative
e7eb8a7a-5c2b-4b0d-9783-eaef25a5cd27,3b56fb3f-3311-4443-bd3d-03d1683d2500,2023-11-17,Facebook,Comment,Positive
e8960cfa-6e94-4260-8a99-74188b90a1fa,67b22429-e523-4934-bafc-1ecf0e04b687,2024-01-09,Twitter,Share,Neutral
ba7bec5f-29d6-4c9b-8a13-9370b6bddae9,b901c7fb-7e6e-4b0b-a64b-4eb409825730,2024-05-07,Facebook,Like,Negative
6f4e2bbf-feb8-41b0-b542-e5d434c8e6d5,1e52cde2-630f-48fd-b326-8d5cf3ec0d96,2023-11-30,Uncategorized,Share,Positive
9c2ebbeb-6db8-4943-8d4b-bffe5e36f92d,3c4c20c6-a018-45df-aa05-e10266a286ca,2023-11-10,Facebook,Comment,Neutral
82f41b29-3a03-4309-8ff4-96465e800a62,5307fecc-50a5-4dae-8ca0-e74937e54591,2023-11-25,Instagram,Like,Negative
79a5eedf-99cd-4151-9007-8d0904daf592,d6b7067b-0430-4759-a033-d1fa1c0f348d,2024-05-14,Twitter,Comment,Negative
1a5115af-2fa7-4198-b838-be2cdeccb768,4467d426-92c1-49e0-8240-19d17bbbd876,2023-09-16,Instagram,Like,Positive
b5f38234-8e05-4df6-aac3-f95d5ff82b7d,30bd3fb8-925b-46d9-9f42-110bc6daae6f,2024-05-27,Facebook,Comment,Positive
e8d6099f-0a22-4eb8-af2d-e1b9db315936,b2f92935-0c80-4e18-b608-ad6e4abcbe40,2023-09-02,Facebook,Share,Positive
91214d6a-4b1f-4500-a478-415aa3f0742d,0dfa74f0-f57c-4bcb-8571-b3901bc19cf9,2023-10-25,Twitter,Comment,Neutral
78bee088-4d98-4eaf-ab74-cac78e41e898,95cb16e8-3ca8-4ab9-87bb-05ae209fcb0e,2024-02-29,Facebook,Like,Positive
684e0f75-2c90-424b-ae2a-0a669b799215,435cca5c-2bcd-4273-ae84-9f5e66b0e119,2023-10-05,Uncategorized,Like,Positive
a19141a4-b574-4bdc-a9b4-c05e8b2519f7,8f16a081-6950-4947-b777-1f1d89032757,2023-11-22,Instagram,Comment,Negative
9bd04ab1-225d-48d3-a9f9-f2338a40a439,05bb4fe9-f964-4a11-8ad3-70a9ce70289a,2023-09-10,Facebook,Like,Positive
b449a41c-c911-4d86-8125-5d2aca600289,ab044997-5536-43c7-90d0-9674d478e261,2024-05-11,Instagram,Share,Neutral
f3cd4833-2966-435b-b091-8de00e4bbb1b,698ffe36-e46b-47f4-8ece-3d5d1cd06ea4,2024-06-07,Uncategorized,Like,Negative
5c87390f-f78c-4bd8-8bff-d4acb8600a9d,6718f3e5-8fe0-45be-b13b-90b4fc74be03,2023-11-15,Facebook,Comment,Neutral
43654f02-1a8a-4a68-b462-e9346673d1e1,48f36d94-469a-4c0f-a8ed-87e44a660c3f,2024-02-12,Facebook,Comment,Negative
2ad7dcee-ed9c-4a7f-b631-377268bc623b,019fe9c3-83c6-49e4-b827-5ddd614c72df,2024-03-14,Instagram,Comment,Positive
8de0429b-700b-4253-b914-e61d580aeb08,94ac9974-e423-4c0f-a850-b2ea8aa8e4c1,2023-11-29,Twitter,Comment,Uncategorized
13ac9037-7cc4-4585-8329-34a338044f38,bb457959-7e56-4cdb-8d4e-23604b619395,2024-03-07,Instagram,Comment,Positive
1cc636ba-e6ea-44c6-a056-0de95dce9831,35eaeedd-e74a-441c-8fb7-71b68a67c34e,2024-05-20,Instagram,Share,Positive
a39d48bf-a98b-4846-924e-cf1c0c65bd63,e87cf49e-dc1c-4e9c-ad37-3197cef69153,2023-10-28,Uncategorized,Share,Neutral
41515dfb-2748-4294-af0e-530898e03af9,55c1c9c7-536d-4a2d-a6b5-53c2f72d2f1c,2024-05-02,Instagram,Comment,Positive
a7b667f7-d6c7-4fc6-b6d9-bcdeea32297c,205f6936-f13a-4c9c-88d9-67c93ecb2379,2023-11-11,Facebook,Comment,Very Negative
f295375f-e649-4961-9cd1-6104411c00c8,98e24594-73dc-4b42-b480-f3df5223c900,2023-07-27,Twitter,Like,Negative
311fda86-bb13-4018-ad0c-7bc594d6148f,2c1d4b42-58df-473d-983c-653242381b72,2024-02-01,Facebook,Comment,Positive
a30b5c34-8a68-4d85-bc60-bf4d3885b983,784fb3b3-efc7-4525-aff5-2f57e8989adc,2023-09-20,Instagram,Like,Negative
a2f70070-c1b3-4802-a195-3de5441635ae,1b093a0e-b834-4360-a31d-ec4705ac0aec,2024-03-02,Facebook,Like,Negative
5e0088d4-e37f-4ce9-add7-cc4e056dd95f,db5396ce-db59-4810-aeca-b1e67c9a1cca,2023-07-09,Facebook,Share,Neutral
2d71443b-57dd-4422-89b1-57ade9d5002d,ec2247de-9796-42ed-acf3-e0bc5dda904f,2023-08-08,Instagram,Like,Uncategorized
14845984-5bef-45d5-9c6a-daf55f287206,c5b10ca7-494f-406b-afd9-c4b4301a123a,2024-01-26,Twitter,Comment,Negative
a19f06e3-a107-4580-b351-30b8533aab4b,76ff61ee-b2d9-46ec-9ae4-a24c9286b424,2024-03-09,Facebook,Like,Neutral
02b325b3-f763-47f0-8454-d8cb65fa1832,c0c27f0c-851d-4d3b-ba55-bb28217c1f27,2023-09-21,Twitter,Comment,Uncategorized
173f209e-2950-4eb7-bcdf-3415c7ed16af,803af96b-c9e1-47ea-97fa-b0218cb76e6a,2023-09-02,Uncategorized,Comment,Negative
e84dc82e-6702-4702-9c98-6a60f3be6158,44d3e97c-1627-4af4-a9d1-c28d6fc97561,2024-01-28,Twitter,Like,Negative
32cef811-93ec-48b4-9fa5-e1174156e8cc,10ddc0f8-02fd-4335-bedd-0700a27d743a,2023-12-05,Twitter,Comment,Uncategorized
e42f4991-d951-4403-985c-c5633581c34c,9feff6e1-be26-4b7d-9e01-38b4cd5d5fd6,2024-02-26,Twitter,Share,Uncategorized
0e663785-6555-49a9-ac34-ea04406b1ba5,61fbada2-4ff1-4142-8770-04465b31a942,2024-02-26,Twitter,Comment,Neutral
2f4b0e43-8c15-4ac9-ab73-085dbde5dc4f,f90754e8-78ed-4a35-a3bb-26834ea2abe1,2024-04-08,Twitter,Share,Uncategorized
f8146100-569d-4cda-9d64-88c6ad98de5f,454a0b90-d1bb-437d-ad50-ef01821fbf0a,2024-06-20,Instagram,Like,Neutral
c6253172-8dc9-4c82-8816-9d2740b0e3b8,14265414-560d-4861-9ff9-f96feb72d312,2024-02-16,Facebook,Comment,Neutral
f3c5ed90-b092-407b-b79d-de8893ed319d,fa1c0bee-51d2-4692-be77-209f072ccd85,2024-01-14,Facebook,Comment,Very Negative
89ae8d7c-cbcd-4117-8a06-d7ddc5fa9132,eb621f95-9913-4144-8f95-07474832ee7b,2023-07-16,Instagram,Comment,Neutral
0cb9ffd9-da09-4b10-8e1d-60d84889933b,4f156a2e-c16f-436c-81ec-c48268423ab9,2023-08-10,Instagram,Share,Negative
d53a55f4-9c91-4868-98ac-f29628316b5b,9e11df62-a9ec-48ac-8d2d-aa98705343b6,2024-03-13,Twitter,Like,Neutral
f6bbcdaa-e3ec-489a-9d20-b2599f57323e,89ef1e9f-2457-4efb-a6c1-6c3c82af29e7,2023-12-15,Twitter,Share,Positive
94e58d8c-228b-44a0-b759-2e26941068cc,33bd785e-29c2-4360-a12b-c6428e5fe7fc,2023-07-12,Twitter,Comment,Positive
89432125-8fd0-4b2a-a3c6-4f2e6f8ddc64,26f3d40d-23b3-4dcf-9f47-4a91e7678d47,2023-12-05,Twitter,Like,Negative
11015464-f408-48d3-91b9-4d7c3de1f494,a250b1a6-9f6b-4aaa-bd4b-e99c7e674916,2023-08-20,Instagram,Like,Positive
e0e1f834-2d6a-4c2f-b150-377f0644f027,dfa380e9-a8da-485a-aae2-00aab99f9e93,2023-11-28,Facebook,Comment,Negative
c4564107-c103-4f5e-bda4-314c9d46af7f,e7b30e6e-65be-4483-8848-1b63a39f9934,2024-05-14,Instagram,Comment,Neutral
8b01dabe-8fbe-46b0-8684-d7cc59a613ba,135b3106-a29e-4353-bec8-22bc88c85d09,2024-03-18,Twitter,Share,Neutral
b94a126b-755e-4ee1-91f6-c5f86ceef780,510c39b8-05a5-4a9b-93e3-b1ddcfda2326,2024-04-30,Instagram,Comment,Negative
c16f42a8-3339-49f4-9aea-c1dda8b0701e,ff866cd4-75dc-4f38-8069-a06595246f08,2023-08-21,Twitter,Share,Positive
130ef83e-ce3d-4b3c-83cd-a2eebddb2289,e3d11995-d3b5-42d2-bf18-388af681277f,2024-03-07,Twitter,Comment,Positive
f0d87968-72cf-4817-b871-c8812a52c570,8544aac9-ab69-4b75-ab59-16ea5bc1bc37,2023-11-07,Instagram,Share,Positive
01264132-b542-471e-ba65-038975091843,4682ac74-be99-4f0d-aa91-2e967d5694fc,2023-09-12,Instagram,Share,Negative
3971a489-00e0-4673-a9b5-7b411d729996,e6546ead-84c6-4315-b27e-557f663a1e3c,2023-09-20,Facebook,Comment,Negative
7617f0d0-1006-4e72-8d8f-8135611236b1,cb35e1f5-f54d-48e7-92f7-2cb7af9ad6a6,2024-04-15,Facebook,Comment,Neutral
484eea6e-2367-42bd-9c83-b3c3783b4bd7,ef122e1a-34e4-4d11-9fb4-320d2c46a89b,2024-06-11,Facebook,Share,Positive
87b396df-5a80-447a-8bb5-4dbcec4f9a07,1e299498-4855-47ee-b059-9297b13f0289,2023-10-15,Facebook,Like,Uncategorized
7e98133e-29ac-443b-a139-91a28f510ce8,06f3bb33-d53f-4ab8-81dd-1aa39f30c674,2024-03-07,Instagram,Like,Neutral
fe12cf9d-7da0-4ef0-a48a-bc3cff545790,0eee5d78-15bb-441f-8af9-d762ae739fb9,2024-03-22,Uncategorized,Comment,Negative
181cfca3-5fbc-40fc-b4d6-a1a92a61ea51,b7a6dd31-c90c-4173-9dfc-484835127eb0,2023-11-02,Uncategorized,Comment,Negative
e7c7f991-9b89-485f-b2e1-216ac5c661a0,8813c7c5-20a3-4a44-bbe9-46ec21c926a2,2023-11-17,Instagram,Comment,Positive
d1604f83-72bc-4c5a-b280-e213dfec9cb5,656b7cde-1e43-4b2f-be0b-eddeede1d8fc,2024-06-09,Twitter,Comment,Positive
cd96202c-3c7f-4132-9e13-949b62ca0df5,89c08f49-55bb-4990-b0ab-ea2425c89333,2023-08-25,Facebook,Share,Positive
08995799-8d0f-40d6-986b-452074709b5f,eef7b68c-25ad-40a4-b8c4-c7a67470b509,2024-06-10,Facebook,Comment,Negative
7a7ebefe-7936-4e6f-9cf2-6e80c7d2d849,24799442-13df-4fe9-a20f-120e96c3e168,2023-07-02,Facebook,Comment,Neutral
f5a1c5be-8d36-4fb6-aba2-ba5a2751d3d4,c663225d-27db-4535-92e1-8eaf77e1f9ed,2023-09-19,Twitter,Comment,Negative
f8f26365-669b-43fe-8d77-83bc85a13073,b4c29332-a84e-4a89-8865-3d60a3a0daed,2024-01-18,Twitter,Share,Uncategorized
f6cc6186-5ab4-4a50-9513-a5f1104bd599,e72d9c3c-9d98-41ec-8144-6dce55493393,2024-01-15,Instagram,Comment,Uncategorized
f53ca52e-ad0e-49c5-84c4-25c8be29ceff,c33779b5-bece-4f6c-ae87-15c4cd0421e9,2024-04-10,Instagram,Share,Negative
06d90ad7-f0cd-411b-8dc6-2b3132fe42d8,e12c0af5-1e50-46f7-8d89-d8202d1bde4d,2023-08-08,Uncategorized,Like,Positive
0633d4dd-14d7-4462-b210-59de9d63bef5,8ece3e6c-43a9-40b6-93f8-ca3f80a73f74,2023-11-03,Facebook,Comment,Positive
29d21a4d-17ed-49ac-a141-71619723bb4f,41bd4a8d-8980-427d-9c8c-5c2443fdb09c,2023-11-26,Facebook,Like,Positive
95b348c9-df6a-49eb-9473-bc798fb8499b,b27c4682-3403-46e1-aa76-6d596e9f0bde,2023-11-09,Uncategorized,Like,Negative
e66af974-8c25-44b9-af2e-d200074e6625,39973dce-6dcd-423b-968b-f3911b082073,2023-12-27,Twitter,Share,Positive
cf5e534b-1b96-4260-86f5-3bdfa7333ff0,24d7a5bc-49e0-4e99-8e49-138ea381aea2,2023-09-14,Facebook,Comment,Uncategorized
1223fb41-781f-4bbe-95ee-cfc4163ff736,fcd509e5-a669-47a8-a384-d5a01343ef4a,2024-02-26,Facebook,Comment,Negative
eb404291-dab0-4733-b0e2-00676e7678a1,b449c35f-3ee4-420a-9f37-e2bd6b1b8844,2023-11-18,Instagram,Comment,Positive
c946bcca-f938-4fca-b45a-d8d06efce38a,d34851e8-94fb-4a45-b728-d67f222737a8,2024-06-27,Twitter,Share,Positive
686db601-0d7e-47bb-b291-bafccdd88579,e0446591-4aa7-4cf5-a5b6-f41aa80f7f38,2024-05-29,Instagram,Like,Neutral
3c416f98-facf-4483-8f9d-db1816cebfe0,56f815e4-a7be-4789-bd29-90ce2c08f344,2024-04-20,Facebook,Share,Neutral
6cc1eaef-8496-4485-af7a-9812ccdac060,9dc84216-64d8-4383-855b-8b760c78b3a9,2023-08-13,Instagram,Comment,Positive
b33cc50a-b96d-4bae-b056-82446c576152,1402547d-7087-4cf8-b693-f460dc9fa20d,2024-01-20,Twitter,Like,Negative
858b2173-fa72-42f1-8e11-acde120e697e,5edb64b3-9655-4cad-8319-adc724e035e7,2024-03-08,Instagram,Comment,Negative
26ffdfbc-43b8-4a9b-b23d-0e029dbbeea1,e795a14e-587a-45d9-a9ea-197e02aafc2d,2024-03-14,Twitter,Comment,Neutral
b2dd40c0-e0bd-43ef-b0f7-a178faa348cf,bb2241ef-6549-4a0e-ae9a-b31aeb69ed7f,2024-04-05,Instagram,Like,Negative
b5c0628b-1e18-48db-b35e-fd3e959dd948,c4864eb9-39b5-40bb-ba6d-4827012ed88f,2023-09-02,Twitter,Comment,Neutral
d2c44a3f-8094-4a89-aa38-1c49a82f41ae,3a240a8a-0f23-4f77-b025-a465fbfd5a96,2023-08-12,Facebook,Comment,Neutral
4d348827-d2bd-4303-99aa-97a2ce15563f,4901c973-0aa8-42e1-b0a1-a0c6fa692758,2023-12-13,Instagram,Like,Uncategorized
e7fbdcd7-aac5-4a3c-abeb-672f410dfc99,8f22120d-aa98-4633-8d7b-f329a1409db8,2023-12-03,Twitter,Share,Uncategorized
74653505-85eb-4155-a90b-abe2b30179db,03bacfbe-41fc-44e9-8990-f8b59ab79d37,2024-01-17,Instagram,Share,Neutral
24884bac-7030-408b-b834-203c963e5f30,a395bc7d-4453-48cc-98ee-a5c4cd42f629,2023-08-13,Twitter,Comment,Neutral
152b0a87-9600-4cb1-b0ae-b43c85433787,e0a6dff0-904f-46e9-af70-2a1f12f148fd,2023-12-30,Twitter,Like,Neutral
42557c76-96c9-4961-9b7b-3e1e8e7857da,856ebcb7-52d0-4104-ae52-fb1726693f6b,2023-10-20,Facebook,Share,Negative
d9ebf03c-6e01-4a50-9db9-58681d604dc0,f3a5e77a-77cf-492b-906a-6937b0c0eaa8,2023-08-31,Uncategorized,Like,Uncategorized
8baf40b4-2477-4993-8371-0f4d5f29d42d,eb557e56-0f3b-4efb-8c4a-57f8f2b530f4,2023-10-26,Facebook,Share,Neutral
16120901-738d-417e-a271-6aaf0d6caa83,d4ac8d37-6276-4964-b667-bd3d6990e2b5,2023-08-07,Instagram,Share,Positive
9f30999e-2fb8-47f8-90df-b669aaaa8fbc,ab1e35c6-9cf5-40f0-81e1-b48e2892c75d,2024-05-18,Uncategorized,Share,Negative
f969ee04-7064-470e-8e2f-b4ed0fc6d140,beff1115-f6e4-4c73-b9fa-c89062e37612,2023-12-10,Facebook,Share,Negative
36bc83c7-adc6-45b8-960d-685e9d19661e,36ee04ee-eabd-4e24-b12b-52338c0d8632,2023-09-18,Twitter,Like,Negative
4df1a36d-5681-497a-b53b-8729cf2f173d,21a2f1e3-adda-4dbc-a964-1dafe30f1482,2024-03-09,Facebook,Like,Positive
40c2909d-983b-4c95-a737-2022acba98ee,0048e027-87c1-4eed-84ad-8558b7be44b4,2023-10-10,Facebook,Like,Neutral
841fd92c-2c00-4beb-b870-76df175c4398,a38dc0aa-a7f4-4141-a79a-653b8f823965,2023-12-14,Twitter,Share,Negative
f8df7ba1-4e72-441f-b5fb-40b84666e1fd,55445320-c65a-4331-a58b-e89bf616b519,2024-01-13,Twitter,Share,Uncategorized
089bd09a-4241-4fa4-905d-425bfc36b78a,6b9a7ef4-4923-4df8-af05-95b03e9b1355,2024-03-04,Instagram,Share,Negative
81f707be-02c8-4a57-9bc5-ddaa9b6f31db,7bec6547-6f30-44e0-a899-20e5c46b8f77,2024-06-19,Instagram,Like,Negative
882f2271-7120-4805-a126-849b41837856,f77fc564-8cb0-412f-9209-331228ab5e3e,2023-12-02,Facebook,Share,Neutral
32cef811-93ec-48b4-9fa5-e1174156e8cc,60829b9c-fcff-458a-a79f-4033cd1e46bf,2024-03-19,Facebook,Comment,Uncategorized
70ab53ec-988e-4765-a059-e2c9e574c6b5,4c005cc3-b978-4ce9-a0f1-673ebfb70248,2024-03-24,Instagram,Comment,Neutral
af4927ba-261a-43f2-93fb-87c102029ebb,38bffc8b-bc0f-42ed-835a-c20e97eeddb9,2024-03-21,Uncategorized,Comment,Positive
962f1fa4-cd1c-49c4-a5ad-a9a1d9d5ddf4,bb1b1ae6-be56-454c-96b4-8950c8d631c3,2023-08-20,Facebook,Share,Neutral
c234d519-1d1c-4822-b812-2d4fb2d7d0d7,ef5b3729-a1bc-4af7-ba68-86284b502033,2023-10-17,Facebook,Share,Negative
4c15fab5-9db0-45c1-84e1-ec0829328556,9ca1a607-bb66-439d-8db7-3338b4e76adc,2024-05-27,Uncategorized,Share,Negative
9d62293d-b5fd-4efa-b359-2039d2427c59,647043b3-3f48-4c7e-a267-dc5658ef7792,2023-11-23,Instagram,Like,Positive
4231fa1b-073c-4bf2-94d6-22dd9dd33929,5484dffc-fce4-4111-9137-5e15aca727a3,2023-12-28,Facebook,Share,Negative
85efcfc8-7afa-44db-95e7-10aee30a5567,587b2591-2810-4f9e-9878-f7f5b153ffeb,2024-06-16,Twitter,Comment,Neutral
58aa2ad8-c939-4b1f-aef8-27708b775c44,71495a67-30e4-4c59-af4c-de3a5be002f6,2023-10-21,Facebook,Share,Positive
108b24fe-ab06-4eba-b13a-dc2c521b76af,c38b8c72-92cd-45cf-ad2b-22ac80996a90,2024-03-30,Twitter,Like,Negative
a3bb452e-6a1c-41ee-a2c1-0c3556751726,7f8b96e3-3da9-4722-bfca-3cb0530a707d,2024-01-17,Facebook,Like,Positive
325613bb-4024-4737-902e-cd9faf933cfa,b585680b-21af-45e9-9cf9-c0ed181ce593,2024-04-12,Twitter,Comment,Negative
5c93a1f6-6de1-44ff-a2cd-69103c213a50,49985e27-e2c0-4a0e-9b49-c9312adc3a6e,2023-12-22,Instagram,Like,Neutral
940e1d2b-75a3-4eb3-bcfb-94f899c04a35,12fca51b-2687-442a-826c-3c4784e516e1,2023-12-29,Twitter,Share,Neutral
7eb7f7df-9b0a-416a-829e-bcf4d8bd57dc,fc1c707f-44bb-43df-b184-6411525332df,2024-05-22,Instagram,Share,Negative
8895020d-182f-4965-b790-0e11ba1063c9,28c5c73e-0660-4cc0-a685-9b55d33350b7,2023-12-07,Twitter,Comment,Negative
48beaec3-aa4c-408b-a03d-b8d321b5b153,920ac716-b160-4aa0-854c-1a1cc8cb10cb,2023-11-25,Facebook,Comment,Positive
72622d98-45f7-4977-b6b9-052494b2d929,592722b5-9b50-4efa-99f0-df88942b6bda,2024-06-18,Instagram,Share,Positive
987867d2-c4a0-4679-9686-b0557c8c22ee,03c879f0-9c75-4bda-8326-8e8763988228,2023-09-08,Twitter,Share,Positive
a4a6c9aa-bbbf-4155-9100-4f770078551d,dbc71d89-5a21-4883-82d4-26a0ca74e2da,2024-04-04,Instagram,Share,Negative
6cd89d06-a718-4b42-bbd8-91439442bf56,1b8e5e80-937a-4587-891a-20304240dec9,2023-07-22,Instagram,Share,Positive
4e5864a3-6386-4d03-a1db-1e24f50e0128,041cfbf2-f5d9-4b82-a6c7-82d177d1ebf6,2024-04-08,Facebook,Like,Neutral
f8146100-569d-4cda-9d64-88c6ad98de5f,ee3afadf-3533-4243-bde7-4bdb7bcfcba4,2023-09-10,Twitter,Like,Positive
fdd82804-b91c-4adb-837e-88e9b8194b57,74dce231-18ee-438b-bcd6-8a0c5f7b2618,2024-04-02,Uncategorized,Like,Negative
083a0655-df0b-4f0d-8360-4867dbc97219,0fec45a1-cc21-4793-8687-4f86034b63ff,2023-11-16,Twitter,Share,Negative
280a26de-f65d-4d7e-9721-7652fa3a8b0c,1f717a47-1f99-410c-ac76-9d471ee9f329,2024-02-19,Instagram,Comment,Positive
a808b2b2-0be4-423b-abec-24068d450f73,c0767002-4180-4453-a436-8fe1ed6968af,2023-10-21,Facebook,Comment,Neutral
e36847ec-fbf2-4270-937c-a010c528fba4,9eb697b3-4e72-44ee-b25f-45942989f550,2024-04-07,Instagram,Comment,Negative
ab1b3b16-c910-4450-bf8a-8817de7019ee,b43d7e75-2201-4842-b5e5-c84df7c86956,2023-08-08,Twitter,Like,Negative
dc72a8be-9df4-4223-83ee-50131b249bd3,a78da6f3-2870-4e06-800d-c731085a094d,2023-12-17,Twitter,Like,Negative
64ddd43e-3235-4c30-a6f2-ee0ec01295f8,85cd7f95-9614-483d-b431-3bde126123e3,2023-11-01,Uncategorized,Comment,Positive
f102f93b-f32c-41d3-adcc-25e02a67c34f,78044284-dd96-4847-a435-a7f1dfbf01c9,2023-12-03,Facebook,Share,Positive
5be78fe8-76f4-4e6f-8f63-551c6a35f380,3855b800-1ecf-4a6f-be59-4ddaa6a8a5a8,2023-09-29,Uncategorized,Comment,Very Negative
f0f3d785-a479-4101-8a5d-f805766e949d,bafd442b-0ef6-4eff-84fe-e658b3536eda,2023-12-28,Facebook,Comment,Neutral
1c9ad74b-39e5-4a66-912b-1ec5bd75d9e0,8de1156e-2cef-461b-b40e-05e0bfeffb1d,2024-01-13,Twitter,Share,Uncategorized
29bce3fc-ae36-42db-88d0-d9a87542acfa,6c056dbf-64c7-41bb-b063-5c917adae222,2024-02-25,Facebook,Like,Neutral
5659a8c6-0397-4396-b561-52ec1c8a760b,6b981fa1-ae85-4ede-8a92-bcd185d48f1a,2023-09-18,Facebook,Like,Positive
277d7dde-f587-4238-93da-37c90ea570ab,f9a7cd3b-08a4-47df-a0a7-c33756a08c32,2024-03-25,Instagram,Like,Positive
cf93db25-321f-4148-805b-662d6258ddb3,4a0e9464-6562-46f4-83c9-3eb177c73bcb,2024-03-30,Instagram,Share,Positive
f26e70b2-0535-4b15-a778-c10c1f0edfab,28dac1af-1f8d-43f0-b9d4-f98e6046fef7,2023-12-07,Facebook,Comment,Positive
64531be0-1043-4a93-84c9-a3fee938661a,b6783515-a91f-4152-a096-112e74f2a5e5,2024-04-15,Twitter,Share,Uncategorized
aa53dc4d-35a6-45a2-9ffb-f83d25cf0e60,43d5f06e-2ca9-48c2-a331-f26575d5025e,2023-12-25,Instagram,Share,Uncategorized
e3d2d960-e591-4007-b0b4-2748a6ae0963,ad8513be-13be-4228-b6f5-dfabd06db08a,2023-11-11,Twitter,Share,Neutral
67619ae7-5006-4efb-985d-fc76d2bde842,5ad601ef-1ece-4e55-978b-c9f03183da82,2024-01-31,Instagram,Comment,Positive
1e061351-11f3-470c-905f-60f244516c43,11cd820a-55b0-4b04-aa37-12867aaf8b30,2024-05-23,Twitter,Share,Neutral
37c2adef-c273-4da9-a16b-a542116416cf,677db550-1ae5-43f1-8ce5-e4889104b3bf,2023-07-05,Facebook,Comment,Neutral
fa4c97fc-4a9f-4857-969e-ea9528b2792e,46cfbd61-2dc8-4cc8-a3bf-22bda7f79881,2023-10-23,Twitter,Share,Positive
9f110be6-2f67-4e3a-9e4d-a30319dba9da,58ed0f3e-c4fe-4d3f-bc49-693d5835a8ab,2023-11-14,Instagram,Comment,Neutral
588c9d82-2e86-4652-92ce-35d99355e561,2f6e0a94-c2ce-4da0-8a33-0e4d53c4c5b1,2023-12-16,Twitter,Share,Positive
fa6fd647-df0a-4c45-a6c3-d6354d7249b6,f1784700-019b-40cf-8f78-863752b29221,2024-02-14,Twitter,Comment,Positive
fa34c74f-0db0-4879-9d53-d079f93b924d,466910b3-c296-4fcf-b987-93d46e082e58,2023-09-04,Facebook,Share,Negative
b57b9637-7237-4987-8eb4-a01f567d590f,f8942c47-00be-446d-a738-89957d48a16b,2024-01-19,Instagram,Share,Neutral
772896ae-d11f-4bbe-8cca-3e3043b390e6,1bd6220b-d1cf-454e-8e93-bed695017886,2023-11-06,Instagram,Like,Neutral
32ea36b7-323e-451a-8b46-7c3540e03d4d,da1bd476-d48e-4b76-b2a8-65502aac5cbc,2023-11-14,Twitter,Comment,Neutral
a8f82019-5586-46dc-87b2-3660e80ecd7d,aa7bdad9-9efd-414e-8708-30e703c49012,2023-10-31,Twitter,Share,Neutral
64b89b9e-1cf4-4b42-add8-94b7ec861f1a,d1d5738f-4783-44de-abf3-01f6db0e56ec,2024-01-30,Facebook,Comment,Positive
8bca00a4-2829-49f2-9375-7515df7b6810,ebcc5b55-caa0-41b6-b823-49f4119cfcd3,2024-03-31,Facebook,Share,Negative
7be6d71b-02f8-4b79-af40-2cfd25692d9f,d0b7da10-77b1-41e5-ab75-7f070a1dd9cb,2024-02-04,Facebook,Comment,Neutral
65ebd3e8-3032-46c7-ae26-8fdcca6aae96,030786b6-5a68-4015-b6d3-ded6418576d0,2023-11-29,Facebook,Comment,Neutral
d1c847af-df39-48d3-ad49-9cb659e3638a,3998ecc7-e4ee-4f38-a017-8162e0b7576e,2023-07-05,Facebook,Share,Positive
cd733ffe-4726-4d32-b2a8-06a86d0dfa20,6fb8af91-41bd-4141-90aa-b158b62b77c5,2024-01-27,Instagram,Like,Uncategorized
1f5c50db-9c55-4bbc-8a93-c7994a7bb3d3,4df5b3db-7ae5-4d0b-8a26-9410388ebd59,2023-12-20,Instagram,Share,Negative
557b5b5b-984d-480a-8798-ff441a7028ad,4a0490b7-0834-4570-a8b3-05038f4ee6bf,2024-03-09,Instagram,Comment,Uncategorized
805a0997-8b18-4366-b129-93ff2a9c75f0,e9da582f-5dad-4659-86ab-1188dbdff019,2024-01-27,Twitter,Share,Neutral
a420497a-653c-4a0f-bdfa-32543a7a94f6,5399708a-73f1-44b7-8f5d-ab23c50bfc70,2024-01-14,Instagram,Like,Positive
18fd1ce2-ecbe-4157-bdc1-4f5a8698b476,213b2a0f-a9f2-4113-813d-ca018accbffe,2024-02-06,Twitter,Comment,Positive
83dc47eb-0ad1-4c15-91ae-d18f9fd2e6cb,37f1f5e8-21af-43fb-bb1a-dafe664ea998,2024-06-09,Uncategorized,Like,Positive
0ede97d1-bb46-452d-893e-b63f37da4fa8,819b4557-0634-4b17-bec7-404b1fd3b841,2024-03-15,Twitter,Share,Uncategorized
6d1c4d81-a5b5-49d0-b19b-821b2da6ad21,e14f864e-0c2a-4eb0-b371-80fe337fd97a,2023-09-05,Facebook,Comment,Neutral
83355281-fda3-4776-9f9d-a812243c3b56,9bce69d5-3e48-4b05-86b4-b8c09bc146e5,2024-05-09,Facebook,Share,Positive
91b64546-d5de-4665-834c-4dd0de6f8026,8bdcbd08-2164-4dd6-9aaf-ee6c42e8b5f1,2023-10-29,Facebook,Comment,Positive
0fb0bd8b-df5e-4029-be1f-b861d1ded562,9919d377-5236-406c-8170-bd8ee00ecaa6,2024-04-10,Facebook,Like,Positive
5659a8c6-0397-4396-b561-52ec1c8a760b,75a0922e-f172-4e35-b141-aefe289cb7da,2024-05-03,Instagram,Like,Neutral
6ad843a9-9ca3-4835-a20c-6e81665594e6,897a4352-5ed0-45e4-b130-091e41866304,2024-01-22,Facebook,Comment,Neutral
d8cb6f8b-4e79-4640-b542-2746b8718e7d,41855df8-ead1-45a3-bc1b-04ac08948b58,2023-08-11,Facebook,Like,Uncategorized
ff481c1e-2398-41e4-a0ab-621985a4a44b,10b69d68-29e5-4817-92c1-8822d1b82501,2023-08-30,Facebook,Comment,Positive
8fc8a8ff-33a1-43e9-91a1-37969a253271,106d48b7-98a9-4273-9303-0b66963cb1e9,2023-12-02,Instagram,Comment,Neutral
411c2202-f939-4b1f-bdd3-7eb0257bd14a,89490333-9f78-4523-bc54-c03baaaa720b,2023-09-20,Twitter,Share,Neutral
57dbd7f5-3428-4452-82f8-0c140234a864,5555738b-7ba2-41ef-a965-72e434686c1c,2024-06-10,Twitter,Comment,Positive
2595b6ef-fefb-4725-821d-bf18ef364499,9c7eb1cb-0ee9-4ecf-81a7-dd983111b0da,2023-12-04,Uncategorized,Comment,Positive
be148fdc-ceb4-4b47-9f09-219b96803d11,fbd7ebd8-d874-4ff5-a3d8-1c0361d704d7,2023-10-06,Twitter,Like,Positive
f8573ea3-e775-4d36-8b8a-a4ba6a539eab,c92a789e-d870-4902-b638-2b26b61f4c73,2024-06-05,Instagram,Like,Positive
5e2d6375-1d4a-46a3-9b9a-85b3462f804c,cc8a0cb3-cc11-4171-ab0c-c8f6eab2f2bb,2023-10-31,Instagram,Share,Very Positive
cbfff6f3-c193-4b56-a6ff-92bc84ad3789,e7929d19-c9d0-4a36-8f10-793993702446,2023-12-09,Instagram,Share,Negative
9fdb68bc-77c1-4651-9cc7-1346395a265a,c825b683-8b76-4a6b-b8ec-4b49aed205dd,2024-03-21,Uncategorized,Share,Neutral
afafc055-f6de-427f-8b2d-2f2cc262c0a8,6e28b23f-3434-46f0-b775-eb6ee50f277f,2023-07-27,Twitter,Like,Positive
3086bbcb-41c0-445c-bb8a-9ae2d41a307b,e59f5de7-4604-492c-9058-30ffe3f428ce,2024-05-29,Instagram,Like,Neutral
14175128-9b22-423d-90a8-33812779999c,9ea9dcd1-c5ed-4c7b-a005-ee39341c7c4d,2023-10-13,Facebook,Like,Neutral
9423d089-86b6-4df7-a231-b9a7d06c43a5,11fc9a65-4463-4ce1-80dc-5b4ec8401799,2023-08-02,Instagram,Like,Negative
c3a3cdb4-7e4f-4017-a8bf-5f329b6938c8,e3187a27-761e-4e61-b9c3-724e9c1e382b,2024-02-28,Twitter,Comment,Neutral
80beb9b6-a0a9-4d5e-9bd3-58e9a85a92a8,3420031b-822e-4824-a01c-57322eb70f0c,2024-06-29,Uncategorized,Comment,Positive
d1994e4a-365b-49fc-8a99-3bd92ff155e4,05bc0234-d903-464e-8f80-be48e2b61a03,2024-05-31,Instagram,Like,Neutral
55089953-71c4-47ee-982a-996d42016a40,1681d401-cce2-471e-b541-7ac23552837d,2023-08-31,Instagram,Comment,Positive
243a5ccd-31c3-440d-a3ad-73d3972dd39d,a16581f0-c9de-4729-82a6-7f6e43f64c6f,2024-03-31,Instagram,Share,Negative
4a8ebbc3-f442-46ee-ae83-476b6767802c,51ccbe60-c651-4c4f-b7f7-05744018d291,2023-08-13,Instagram,Share,Neutral
1fbbc3ad-d48f-4e64-9ef7-4e58277af29a,72f37c4e-3db8-4781-aa0e-fad9aa6cb969,2024-01-18,Twitter,Like,Positive
dad5383c-36f9-4dd6-8a63-a3466a8ca819,19ab82db-c7c3-4481-bc75-53f4baf38640,2023-09-07,Twitter,Comment,Positive
c680c6e8-2bc5-44a0-a713-98fe776bebc2,2745039a-9707-423e-8383-628c51d6aeac,2023-08-06,Instagram,Share,Negative
b77c0398-2ff6-41e6-9ebf-410290baadc8,09d5cb02-7504-4c49-8a1e-c98870703b4a,2023-08-14,Twitter,Comment,Negative
592c60d1-2f03-42d4-aa26-ca11f9fd0e0f,19201409-2a75-4ab2-9cb6-9a7c2278a82e,2024-02-07,Instagram,Like,Very Positive
6596f49d-5c9f-4bcd-84a0-82d866b98314,a386b0ee-81fd-43a0-92ac-a9133c286806,2024-04-19,Uncategorized,Share,Positive
c0c0ce5a-4539-4013-abca-d0a3e41b4e2a,ea7a1770-0313-4d57-9d9c-799a1d3399de,2023-12-28,Instagram,Comment,Negative
d06373dd-8d92-4e7d-8329-c4ce400b0d42,fb1f7452-8cd4-4d6f-b190-34777fe741f1,2024-04-26,Facebook,Comment,Neutral
1fc78651-b7b5-4637-b42f-bc2725e27946,e6ceb650-9561-4c16-b05b-94765506b396,2024-06-02,Instagram,Comment,Negative
b46c7ee5-934c-4e73-b1d8-53a9dd65d7cf,99a051cb-a806-4922-ae23-dad57034fd9b,2023-10-30,Facebook,Like,Positive
6076a9cc-64ea-49d3-8b82-41a846411bf7,0eb14cb4-8616-4dc3-b437-bb6a7d1de486,2024-04-23,Instagram,Share,Negative
c632c148-56e9-43bb-9f19-c28e8536a1e2,2588cfea-38ca-49eb-b564-ea821536f587,2024-04-02,Twitter,Like,Negative
d1c17e57-cbb9-4dc8-b638-ba2f1b1a8cef,bffb0074-9de4-49f1-9040-72cb69fe2024,2023-10-21,Facebook,Comment,Uncategorized
8fc8a8ff-33a1-43e9-91a1-37969a253271,fa4c1574-5d5c-4c10-930c-0d19f51e220e,2023-10-30,Instagram,Share,Positive
87c6dfbe-82fa-4ca2-a49b-717454462841,a455efc0-7b4f-488d-9a07-df8ad2301875,2024-01-09,Instagram,Comment,Positive
32c30314-8914-4cdc-8dbf-3101b123784c,f685056b-560f-44b1-8750-b41ed618b052,2023-09-09,Instagram,Comment,Negative
a7937edb-0b78-4642-afd6-50e3b4cf66b3,8096e409-ec32-44de-a4d7-2c3b48a4e18b,2024-01-20,Instagram,Like,Positive
7e633526-86ba-4795-8d80-a79b26014c0d,81790e86-ac8f-4348-9e81-daf02bc608f0,2024-05-28,Uncategorized,Share,Positive
318b3d11-6e23-47e2-a20a-9ec272db6123,ffc833f4-c7df-4bff-bca8-043ba0180eb5,2024-03-22,Instagram,Like,Negative
be291608-29a5-4143-a9dc-701f91ea3952,f0e3d782-a7b0-4a3a-b586-efc92de57321,2023-08-27,Twitter,Comment,Positive
b69f9ff9-837b-4582-8187-1f2f28c6e2d2,b6ac1481-0684-4857-908b-ee605568f88d,2024-05-24,Instagram,Share,Negative
0a610e96-95c5-439b-9804-e19af5aad6ff,7e06b1d3-b94b-43c8-91dd-dcf8dfc2ed98,2023-07-06,Instagram,Comment,Negative
02dd6be5-0a8a-4efb-9d7e-45d9ad82b1d8,a57cc529-892a-4bc0-a280-d168e172135c,2023-09-19,Twitter,Comment,Positive
4136afc5-911d-4ca9-a07b-432b9ea2b30a,62822722-1f89-46d2-81b5-93ae4707df30,2024-02-12,Instagram,Like,Negative
4ece241c-935a-4380-bda6-715cbae36f17,6b5134cb-2684-40b8-a6ed-43e83e55679a,2023-07-02,Twitter,Comment,Negative
999ad741-dfd2-46fe-afcb-7d1a3347c5c1,044fad14-c766-4671-a4cf-080634ae614a,2024-05-25,Facebook,Share,Positive
5e060e3f-1255-47e2-8a4c-22dc4a414c8c,dd6cb50e-fd3f-4e24-b6f5-950f41c7f267,2023-09-30,Instagram,Like,Uncategorized
015006df-480b-4c0d-9a6a-550691817c48,3fee6c51-c118-4312-a836-05c6ac0bc3dc,2024-02-13,Twitter,Share,Neutral
2bb89c7f-6cf2-4501-85e4-b881aa0cc217,922bdf3b-2818-4416-8a5d-b7379dacbb14,2023-09-09,Uncategorized,Like,Negative
4d6201bd-1955-4e6a-adec-a7afe7109977,ecbdd202-3ecd-45ea-864e-f0903f2f46d1,2024-03-27,Twitter,Comment,Negative
6db13c6e-a2bb-49ad-a464-502b5043aa88,62408f55-47d7-4cc7-bb3e-d96c8d5e11cd,2024-01-12,Instagram,Share,Negative
1044f1f4-cce8-4bcb-9615-150b05a3cf5e,d8b48072-63a1-4c9a-b27c-0e3c24a06d96,2023-11-13,Instagram,Comment,Neutral
8a3b08df-5162-4ee5-b1fa-55bd3bedf3e4,d9e67c36-f343-48a6-ab3f-b027909bc79a,2023-12-14,Facebook,Comment,Positive
3ff07f9f-8d50-442d-b5b7-0d84510af6be,58722b33-91be-40ba-bdbd-d87488ff192f,2023-11-09,Uncategorized,Comment,Neutral
f01b204b-74d4-4c28-8f90-450dcd6b26da,4929e33a-a5c2-48cd-9e01-05f3c04647af,2024-06-06,Instagram,Comment,Negative
87861eda-cd76-417d-9519-b5a9d412457e,1e838572-4269-4121-b217-12f96bf2aa4c,2023-09-24,Instagram,Comment,Uncategorized
142d2fe3-3958-433b-a163-3899040ab178,27a1b24d-8661-44c3-84ed-d6b070a5b943,2024-04-20,Facebook,Share,Negative
57ed9f50-dca0-44b5-9d66-807135eccbee,eb0ed97e-48a9-4ab3-8f9e-ace36a2223d1,2024-01-11,Instagram,Comment,Positive
ae0b84ca-a55b-424d-a556-40e89db2e099,e2be3d6c-363f-4f70-b9a7-2bd710d95ace,2024-02-20,Instagram,Like,Negative
f9edc899-39cf-4227-9b37-c40003bc28af,0d9ee815-86ac-4b06-8bc5-9ae7d9477f21,2023-07-11,Facebook,Like,Negative
f53ca52e-ad0e-49c5-84c4-25c8be29ceff,1bc09346-b780-4cb6-9843-8fc100c360f2,2024-06-15,Instagram,Like,Positive
49e88aa3-3b35-4509-9a10-49f25f06b615,90671a4f-cb90-4569-b27a-d44703ac32ed,2024-03-18,Twitter,Like,Negative
4136afc5-911d-4ca9-a07b-432b9ea2b30a,c29ae81f-4eef-4f34-a0a8-6f81a188c96c,2023-09-23,Twitter,Share,Neutral
9556b64c-756a-4825-8c23-26a54a672a01,a1b7fe86-8bde-4ec2-bdf3-37a9c179ba97,2024-04-09,Instagram,Share,Neutral
30c2e5ab-f717-40b2-84e8-018ca33b5467,6d9d58d4-77cb-4966-be11-d8549d21340b,2023-07-27,Twitter,Like,Positive
b997c175-798f-4376-b922-812f74e38986,43556ccd-f155-4f04-9f13-b27ba857fd80,2024-02-11,Twitter,Like,Negative
faf73ad2-9d18-40fa-943b-69efe9d685a8,6e6b42ea-9b96-40d0-9032-2a626d82dbda,2023-12-31,Facebook,Share,Negative
b2dd40c0-e0bd-43ef-b0f7-a178faa348cf,91b88631-0d33-46b9-935f-29466d5c777b,2023-12-17,Instagram,Like,Negative
afc2a89b-0b66-4b13-83d0-54cc54e5dae0,bf5de3fc-7bda-4dbe-a82e-917c6f9525f9,2023-10-07,Twitter,Like,Negative
e84dc82e-6702-4702-9c98-6a60f3be6158,e4a7065c-854f-466f-b6d5-c94036af3ac1,2023-12-09,Instagram,Comment,Negative
32ac11aa-a64e-463e-a6f7-37ce1c10f2cf,891a77f6-a4e1-48e2-908f-1e35a471bd9e,2024-02-02,Facebook,Share,Positive
b988bc34-74fb-40cb-8d52-d9df313be7f0,391a6176-8902-423d-bb2c-4548def71974,2024-04-08,Twitter,Comment,Positive
6506a08f-8725-46af-8aaa-1b3c5c913d84,11ab80a4-6957-40e5-bf08-9de8a40fd54a,2024-03-26,Instagram,Share,Negative
ccb5b16c-60f2-413c-9d6d-e5aa0091df54,1b4bc896-4120-4a5f-8016-93eef04fc7c0,2023-11-21,Twitter,Comment,Uncategorized
26731b9b-4666-4a73-9d31-723dc46be09f,69039f99-d888-4ad9-898a-d9c346f44d9f,2024-01-03,Twitter,Comment,Uncategorized
6cc1eaef-8496-4485-af7a-9812ccdac060,a88489f8-2389-452f-b394-cdac8d43a2f0,2024-02-10,Instagram,Comment,Neutral
fd8b7c0b-06c7-43cf-9e1a-7094f5920ed9,9650f196-f66a-48f1-910a-6c4342ae849e,2023-08-05,Facebook,Like,Uncategorized
9047570a-6d08-4ff0-8e07-9009d87ac90b,b4e2b6fb-dfe2-4183-be8f-7494fbb20dce,2024-04-15,Uncategorized,Like,Positive
3aa802b5-f744-4c3a-ba56-d6bad87185b6,d7162016-a7e5-48df-badf-a8190dcc2f72,2024-06-09,Twitter,Share,Positive
551a4700-bea6-4596-b371-48c0ee1b5bf0,88cc96d0-4124-4a9f-bd88-44150a247a64,2024-04-16,Facebook,Share,Negative
71d71a33-628b-4ec1-a3ed-84a3853e3cc5,fd9f950c-b296-4c45-9bc4-d7e3357e37ba,2024-03-11,Facebook,Share,Neutral
850b944b-16e0-4dce-a61f-84cb687b5c05,77251664-6ccd-4b1a-9803-67fdad9c5137,2024-05-18,Instagram,Like,Negative
576d68cf-0bd0-40a8-8710-eee2c706f81e,14ade7c2-0ec7-4ea5-ba11-322ce485f9f5,2023-08-06,Twitter,Like,Negative
5db2e5ed-d30c-45db-b5f1-9db8008e178b,a4b9a2dc-7d77-40a3-8da6-d7d6f15eecdd,2023-10-17,Twitter,Comment,Positive
243b28fa-f273-42e7-90c7-7885be2a8b62,0e538ab8-c255-41bf-baa1-f0f7ff6d9258,2023-12-16,Instagram,Comment,Neutral
7f06d32a-671e-4125-95cd-ce560c2e630a,1a64cad2-f570-4ea1-a241-5e7c8d82d323,2023-11-18,Instagram,Comment,Neutral
29ce6245-1cd1-491d-a68c-33bd56b6bc16,3eb452a9-7be3-4dcc-90b3-a7d9bd5ed8e4,2023-12-12,Uncategorized,Comment,Positive
ee462937-e0c4-42bd-a4ef-7df8946ba9f7,84dda0ab-5173-4e23-a366-8b8bd3a5deeb,2023-12-04,Twitter,Share,Negative
0d5f73b8-7cc5-41ac-87c0-6df5c741ff8f,29d8eee3-9ecb-4c74-b131-2891b0972e82,2024-06-02,Instagram,Share,Uncategorized
fa0dc784-a706-4a5f-b6de-f40b3b592312,32359b1f-c15a-4186-b811-cdf54369a1fc,2024-06-06,Twitter,Comment,Neutral
7874d078-3021-4170-bc0d-08bff84130ad,f0402f76-441f-40a8-96a8-ae1a3c62ebb1,2024-04-27,Facebook,Share,Negative
8b1b4742-dff4-4987-87c3-24057d04a94b,c9847636-fc2a-4d1f-8716-cef64bbd678c,2023-11-27,Facebook,Like,Negative
83e67ac8-6dd6-4dc9-b16c-eb05aa77e6e7,65793399-5217-467a-bc22-d87bc3efc751,2023-12-05,Facebook,Comment,Very Negative
8eb5a52b-e337-426c-8005-a95cb7c02e85,8988cf8f-7f58-4d9a-8837-310072298eb5,2024-03-30,Twitter,Share,Negative
f9edc899-39cf-4227-9b37-c40003bc28af,18e9836c-a116-4f4f-a681-7a87621f2bf0,2023-12-20,Instagram,Comment,Negative
3afbecff-d6c3-43a5-8533-b4bf714f51de,2f272825-c44f-43e0-a516-1675a0e3c658,2023-08-24,Uncategorized,Share,Neutral
92a23695-98ec-457e-906c-b6627ef55b45,4836a7af-7b75-4769-9ea6-d6d36d4ef0c8,2023-09-09,Uncategorized,Share,Negative
babddffd-9064-4f6d-99fa-0ca97adefb69,9c716e1c-adbb-43c7-8f10-f54edde14414,2023-09-04,Twitter,Like,Negative
f213d3a3-0a7a-4889-b80d-5bcced6d7201,cce564de-3eb7-43c8-b6b8-6da3feb50b91,2023-10-07,Twitter,Comment,Negative
e227d514-7382-422e-adf1-fbf694f7c0d5,2d549c47-4dc2-4307-954b-537bfe6f6dbd,2024-01-13,Facebook,Like,Negative
094ee9c9-a553-4e24-b3a0-643ceff051fd,abc4c4db-3ee7-4987-bceb-b1cf57c29079,2023-12-26,Facebook,Share,Positive
c6789ac7-81c7-469a-a613-fe1fe1487953,bfa16d41-3c5c-45f9-8e95-ce502ca54dc1,2024-02-23,Facebook,Comment,Neutral
1904daec-e2bf-4b0b-854c-baaf9e4df3b7,17c5788c-38c1-4744-ad8f-1ab1670e8d46,2024-04-15,Facebook,Comment,Negative
8ee0d652-42be-43fa-940a-0489b7e73791,634f196e-684a-49e6-8575-5e713bee0c98,2024-04-15,Uncategorized,Comment,Positive
654f1dd3-acd2-4297-af49-a68c601db98a,758859cb-69f3-47d5-a0f3-edb0a4e1202f,2024-02-26,Facebook,Share,Uncategorized
ac4f15cf-2b72-4696-bb7a-774b524f7cfd,909846fc-631e-4192-9944-ceccf5d52e06,2024-02-27,Instagram,Like,Neutral
060cfd42-8d99-4264-aa27-e8d0b537e207,bd403c39-df73-44fc-82f6-b458dc0e44e4,2023-12-27,Twitter,Comment,Positive
faa7e23f-e0c8-4181-b8a5-f1eeb8fa2000,738d1e0d-00be-4225-83c4-6e53452369d4,2024-06-29,Uncategorized,Share,Neutral
ca6c1f4e-b7cf-46a6-abd4-ddf01db1c975,7d5effb9-5b0a-4d12-90d3-52361d0e3ce8,2023-07-04,Instagram,Share,Positive
10bf4b6a-7435-4251-9b86-01d9c4b75a3c,8e9bbc92-ffac-4099-82ac-5975666fe9a0,2024-04-16,Twitter,Share,Negative
0b78455d-7ecd-41c3-953b-4c883ce336f1,bc2ab7c9-d505-4eaf-b04d-eb024acf4ab1,2024-06-09,Facebook,Share,Negative
140b9269-0f39-4564-b040-d1ecfc5ebd7e,4fec31d8-ab3b-4804-91f6-771c66f2616f,2023-10-16,Instagram,Comment,Neutral
ac4f15cf-2b72-4696-bb7a-774b524f7cfd,de040123-da2d-4e12-a4c7-32d29f1afbc4,2024-04-03,Facebook,Like,Positive
c448b2f5-80a5-4fde-8144-8bea32bc3618,08c54ea6-22b6-4d42-940e-feffcc4789f5,2023-10-06,Instagram,Comment,Negative
d1c17e57-cbb9-4dc8-b638-ba2f1b1a8cef,54e79832-14c0-438e-a920-9cf042009df7,2023-07-01,Twitter,Like,Neutral
38795c70-655b-40f0-bee1-cfc588d28848,453ad63d-469c-4fa6-80f2-bc53c1d5ec33,2023-11-11,Facebook,Share,Uncategorized
a8094112-0900-4bad-801d-3ad673b8a229,afcdf08f-8f6e-4b3f-95ba-064ff2d3f9ef,2023-07-10,Instagram,Comment,Negative
f3606f64-3f9f-4758-bd59-c9424f0d8028,98aa3c61-3ec2-4c2c-b428-de6a92bdff04,2024-06-25,Facebook,Like,Positive
0a3c84ac-0979-470f-83b6-adb135f223c4,fc3894d4-1d48-442d-8000-edbfaf49864d,2023-09-01,Instagram,Like,Positive
084a89ee-5eee-48c0-b30b-53da89258015,2693c99e-fe54-4d9f-a85a-6d0628893f21,2023-08-03,Instagram,Comment,Positive
e2114d58-4f01-483d-84fe-cd9601cc8be9,23de5398-054c-4634-bbdb-d143addac1d7,2024-03-26,Facebook,Share,Neutral
32ac26c6-b07d-4ac9-b659-f36459af6337,d978d3d7-f2cb-4384-97eb-91a46f888877,2024-01-05,Instagram,Share,Uncategorized
38d9b383-17dc-41b5-886b-f318487d67a4,7a27cd72-4674-4c41-b696-da4952069963,2023-10-31,Facebook,Share,Neutral
70da266d-0532-45f4-b771-dbccb4c66583,c7ca5b66-5751-4042-9b98-3a707ca22884,2024-06-15,Instagram,Like,Positive
322d552c-3a57-48dc-bfff-7804e35ab734,a0069810-fa80-469b-8200-054fddf3052d,2023-12-29,Twitter,Like,Neutral
fd35b6b4-ad1c-49cc-9c34-8c2d696f38e2,bae7fae5-6d87-4836-b3a7-bddc3ee7280b,2023-08-09,Twitter,Comment,Negative
570259d3-ecc5-4bc2-8154-51134d7944c7,ffb0fb99-5c52-4fe6-9c9a-0ff77f2cb1ef,2024-03-01,Facebook,Like,Uncategorized
d9b9723a-3f5d-4ed4-bcd5-68bccf69338b,aabef2b5-9434-471d-8d69-addd590170b6,2024-06-09,Instagram,Like,Negative
ea9c6ace-9cbb-43fa-a98f-7825fcc7508e,dc4226b0-1be8-4141-a3e7-3684e441c844,2024-06-29,Instagram,Comment,Positive
752d0d0f-c234-44cb-b36d-8808b640faae,88979bf0-b8c5-4b98-9049-61a2952cd408,2024-06-13,Facebook,Like,Negative
4f826eca-8187-4f86-bb0b-37338c896d50,bc1bc800-c5a0-4703-847d-331c143d7919,2024-04-06,Instagram,Like,Neutral
473f3b1f-2e0e-40a6-8917-b3aac5296a01,954602e4-ff27-42c4-b08e-0aa491599924,2024-02-17,Instagram,Like,Neutral
b14fcb71-e3f9-4cba-99de-f0e79d7ac5bc,234d4385-dd86-4509-a21e-7feb13e37415,2024-01-19,Facebook,Like,Negative
3daeb50a-a388-44a7-8aa8-0cde8a0c1947,c73ed96f-df46-4c2c-ba08-4e37e13a2f3f,2024-03-08,Twitter,Like,Negative
ee462937-e0c4-42bd-a4ef-7df8946ba9f7,7bf1b705-21f4-4b8f-b73a-61dfe3b513a7,2023-07-18,Twitter,Comment,Positive
a8b18a86-6dfc-4bdb-b4df-f9bab44fdf0c,45fda50c-46ca-4d82-9908-1d1561dd3a42,2024-05-13,Instagram,Comment,Very Negative
b01cf495-5ea5-4cb7-acd3-b2c1e6983959,b1bf47d0-5c42-4c8e-8108-6d8b36b38bde,2024-06-29,Instagram,Comment,Neutral
b8a3bca9-79e2-4a99-96be-f23108c05f00,6f360872-b510-4e7c-b6a3-01473ae7cc1c,2023-11-01,Instagram,Share,Neutral
818e18a9-18f0-4ffc-9cbf-8c447e4bee69,497b6d92-86d9-4045-9907-182c17ddb267,2023-12-02,Uncategorized,Share,Positive
df6e97e4-a79a-4429-a4f7-300a2e95ec73,f5c72a9a-a244-41ca-982d-04d1911f6497,2024-05-04,Twitter,Comment,Neutral
c1805670-0d42-4583-bfda-646f85252829,38b33f48-f065-4efb-90d0-980b3b566719,2024-03-06,Twitter,Like,Uncategorized
e1f9dff8-fef5-49c4-b14b-c31bc3d61cc6,3529f834-066d-4a01-90d2-34097818fe60,2024-04-26,Twitter,Share,Positive
ee802844-8070-4699-b60d-3568a7d306b6,2cd71279-f7cf-486b-a95e-44f33bd62715,2023-07-17,Facebook,Share,Uncategorized
2d1c8d1a-be1f-45a9-82d8-036f5e17d809,a28b1857-1ed3-462b-bd4b-b7d1003975ac,2023-12-05,Facebook,Like,Negative
7ad2f808-14ec-407a-9485-a0a140891701,1b737b2b-31bc-489f-94c1-63562af3097f,2023-09-01,Instagram,Comment,Positive
91564ff4-c8f8-42b3-97d4-b9e15b97dc69,45a34ae1-d105-4be2-9fc6-e59be81f3ae9,2024-02-09,Facebook,Like,Positive
a44b6ca5-c73e-4f7a-919c-617931e33a29,13b59881-5aaf-4510-9dcf-4f9d116bf645,2023-07-28,Instagram,Like,Positive
bee79853-c1ce-4da8-89d0-e36c93828c1c,6bdbfd0f-a68f-43cf-b64e-75f45a99fb0a,2023-10-24,Twitter,Comment,Positive
b3a0d002-1b78-443e-9605-fafe8a22ed3e,535695a4-0d5a-4c90-b45e-7ecfdb04d7c6,2024-06-21,Twitter,Like,Neutral
9866b7ec-4394-4a83-b3d2-b56182c0758b,35c40a04-34fe-48ff-a4dc-f99510f805dc,2023-07-06,Twitter,Like,Neutral
c6253172-8dc9-4c82-8816-9d2740b0e3b8,341b1c14-e0bc-4bd1-9886-0eafa65e0f6c,2024-03-05,Instagram,Like,Neutral
f77576df-bc7a-4f79-b5c3-e2da4eff130e,9f7db9ad-b040-4b79-b362-fd9cf19247a9,2024-02-24,Facebook,Like,Uncategorized
cf50d018-07b4-4e98-89ac-090099a0fedd,f29801ca-6110-4839-bef4-b77e726fec8b,2024-06-03,Twitter,Share,Negative
fd2ee575-5efb-4aa7-b877-b25e2188ce27,7234fa5a-a11a-4e8e-8444-81d12f570a78,2024-04-28,Facebook,Comment,Neutral
db686608-4e73-4a34-8018-95f212c2361e,53c01932-09ca-4fbd-ba70-765417c49d52,2023-07-28,Instagram,Like,Neutral
961ea5d2-d165-46be-9e55-798607bc8177,837dd6c7-f186-4c43-881f-e1603e47aac9,2023-08-04,Facebook,Comment,Neutral
454e8612-79c8-4ef6-96d8-c369d6f50825,d3bde2d5-0fbc-491f-a1fe-f5f66dea4ad3,2024-06-06,Twitter,Comment,Neutral
81c75c59-8474-41b9-84fe-ad1840d6ee75,c0d58784-0846-4624-9f28-aad168915282,2024-06-17,Instagram,Like,Positive
9423d089-86b6-4df7-a231-b9a7d06c43a5,69f42ab2-cb15-489c-885a-d98f55ccee91,2024-01-31,Facebook,Share,Positive
695733df-dac7-4995-b5b0-4ea7aa00d6f8,7f31e660-6f02-4052-b8f3-110b040289cc,2024-01-30,Facebook,Share,Neutral
5ea0aa5d-040f-49a9-8d9c-d311f9c06e12,2a677016-e6e5-466e-a2be-75e8b7a70d34,2024-05-18,Uncategorized,Like,Positive
56b27186-f97e-4afc-9dc4-bf8324dbc2b9,b3e8273a-6cc2-4c4f-865c-ad83a9a53596,2023-12-05,Facebook,Share,Positive
76c1d696-0f1c-44b5-b749-8859545658eb,3ab03c80-fdaa-4dda-b769-4e8065ff1fff,2023-07-01,Facebook,Like,Positive
6c5fd8b1-191b-4c4e-9940-63097bed25c5,8be77ea8-5a34-4b25-9dc1-35637ec20246,2024-01-08,Facebook,Like,Positive
f71e72b6-e451-42da-a1d5-6ef629c553f8,6662d80e-55c9-48a2-b51c-9becf4ecb6ee,2024-02-01,Instagram,Like,Positive
709c87f5-082b-4b18-a197-0d7d4e1588e3,6ff8bc92-778b-4a80-b2c9-23f0556ee829,2024-05-27,Twitter,Like,Neutral
9e85fb2e-f7af-4338-9b2e-0b900102405c,a86956c1-7c1f-4ce0-b23e-6e0a7ed55cbb,2023-12-19,Instagram,Comment,Negative
e090aa28-e78f-4052-99f9-29ba5260652a,4ca403df-7fd2-403e-91b3-afdda3de209b,2023-10-08,Instagram,Comment,Negative
478f6102-4807-431b-8bc5-c7f535335571,ac8570ee-f4d6-4e6b-b1c7-603b11c8a80f,2023-07-14,Instagram,Like,Neutral
03d020b3-45b7-4afb-ac37-223524d2e652,9b5c0fec-459c-4c48-8ca2-b10d3b388198,2023-08-15,Uncategorized,Like,Neutral
409c8d3d-63e6-4280-a699-91933c1eee73,c6f336db-f579-48f9-84cf-c1e6863079ef,2024-04-27,Instagram,Comment,Neutral
1d623917-5083-4420-99bf-79b1816e881a,d4e804e2-8da1-4daa-bca3-7948e329c4a8,2023-11-08,Facebook,Like,Positive
8ddf315b-2c2b-4768-a1b8-2836d9f9546b,04577e53-d52f-421c-aff4-847b112096f3,2024-05-12,Uncategorized,Like,Positive
1222d9f6-54ea-4077-a362-84a828c4152d,993f2264-009d-4bcb-9379-3ae07776f1b5,2023-08-06,Instagram,Comment,Neutral
06125b2b-549c-4bee-9724-c03f0aa58dbb,4b18dbd2-e31a-4e19-9877-b7e76d1f534d,2023-08-31,Twitter,Share,Uncategorized
571620a3-d3b9-461c-8b8d-54ccfdfa1a49,90eb2440-3237-43d7-9626-1cdb70516daf,2024-02-14,Uncategorized,Like,Negative
f8f1d636-5018-424b-8d1d-4e0b0938eb24,8aabf43c-4b06-4e02-8a54-386167a91257,2023-08-20,Facebook,Share,Uncategorized
88eec86b-65ca-49d4-9f92-55ee41cf25ca,86edfb02-7d87-4a16-9231-2d13d2db4537,2023-11-19,Twitter,Comment,Neutral
c12ab95c-d42d-4e32-ae97-95faef364e52,e2ec263b-e917-4f60-858d-f06aefb30f84,2023-08-08,Twitter,Share,Positive
30c2e5ab-f717-40b2-84e8-018ca33b5467,a78a6216-2c3d-44c6-82e6-35e1c872e1b7,2023-11-06,Facebook,Share,Neutral
31d9ec99-f02d-4c52-ae2f-eb87b0bbc5e9,f8fe7ee8-3fdd-494a-8202-d4c1b97d0821,2023-07-26,Instagram,Like,Negative
c3ee84bb-f586-4e4f-9d43-48af820faf03,61a8d411-763e-4059-b4b4-747078482101,2023-10-20,Uncategorized,Share,Uncategorized
48b0fbc5-7de9-4720-9f39-6e820834dced,c74530f1-15b6-4b0f-ad5f-6f40cec965f0,2023-09-13,Facebook,Comment,Positive
1bd87b89-9fa1-4af2-94a6-d0fa3ad7f5bb,e04f184e-fc1f-4e31-837e-c380670421d9,2023-12-06,Facebook,Share,Negative
e589e6d4-bed7-4af0-9968-5a079fc22ce3,c9810336-3113-4b6f-a6c7-ae86e8e6488e,2024-06-22,Instagram,Comment,Uncategorized
d0874909-2b8a-4921-bec7-610d9452b113,752f94e1-3cea-4d8b-9c84-b482f3c46a2b,2023-08-05,Facebook,Comment,Positive
c95dd000-c041-4a0f-9bb4-1d43d2336aa1,62f9f904-4746-4ec1-8dba-742d39345c47,2024-04-13,Twitter,Like,Negative
d1c847af-df39-48d3-ad49-9cb659e3638a,cce772ef-d348-45d9-86de-7539b004d466,2024-06-28,Facebook,Share,Neutral
20cf5d25-bcb2-4574-98b8-2f11d28ec2a0,44f61e34-ded6-420c-8070-a71cdb45eab2,2024-06-29,Facebook,Comment,Positive
4a75d71b-1263-43c3-9533-a0b94f50fee0,629bd0a2-7a00-49e5-b7cc-6eb1f4e62238,2023-10-02,Facebook,Share,Positive
1fbbc3ad-d48f-4e64-9ef7-4e58277af29a,8e3bea67-349e-46e4-8493-f93feee1df48,2023-11-26,Instagram,Comment,Positive
321acf6c-c401-4f7b-9835-bfb7cd5e48ff,9258c2bb-93c9-41ee-a73f-4e247dc25104,2023-11-04,Instagram,Like,Neutral
000c6bbd-533a-432d-922c-ab64197e71c5,72c0bb82-9307-4ba4-8925-a5100d3d0e56,2024-03-12,Uncategorized,Like,Neutral
b94a126b-755e-4ee1-91f6-c5f86ceef780,b487f01d-cba2-4f72-8ddf-fc1cabe930d2,2023-12-26,Facebook,Like,Negative
2ddc8052-fbbe-471c-a43e-54b81467423d,04391eb2-8391-44d8-9f45-29edcde96e5d,2023-11-30,Twitter,Share,Negative
da1f6038-aa85-4ecb-8bb0-de46a620415d,8af44146-7353-4f0c-89db-12a719d39c04,2023-09-30,Facebook,Comment,Neutral
e428f752-7388-44dd-8461-13f18101a835,5c0d0bfb-ff4c-4964-8b49-faf2350d2f71,2023-08-25,Twitter,Comment,Neutral
fd63f236-3ec3-401d-9fa1-53bda0bd7c0e,f12b89ac-7bc9-4976-aab9-ef48816551e1,2024-04-23,Instagram,Share,Negative
7c3af602-49dc-4416-b471-cb86cb8a378b,6e5c1c06-61e8-46bf-b622-3a57899006bd,2023-09-15,Facebook,Like,Negative
13de3ef5-64a6-4603-9a24-8f3c51c18ee2,a8cf1f1f-a66c-4f96-8e1f-da8738ccd1b6,2023-11-20,Uncategorized,Like,Negative
f9a95810-d0b9-4606-baac-d7240340b329,202605ba-b3eb-4b89-bcb7-367ebaecfa98,2023-07-02,Facebook,Comment,Uncategorized
5fb09cd8-a473-46f7-80bd-6e49cf509078,3d962e49-3930-4131-aa8f-ad8753338770,2024-01-01,Instagram,Share,Positive
9423d7e7-2239-478f-9a2a-5ce386882aa2,47a12218-f220-436b-b1fd-1ee09e7dc865,2023-08-26,Twitter,Like,Negative
2de49c7c-32ae-4ba8-b058-622a090d7094,1938981d-34a2-4811-8c16-ec1482a1ea2a,2023-09-05,Twitter,Share,Positive
b29ddf39-3a1e-4a11-97fd-a2ec8ccf01c5,4fdac7b5-b5cf-4e5b-8112-1c69b278de29,2024-06-30,Facebook,Like,Positive
d74439c1-90e1-4a46-951e-89fe6e092b9f,d8a30a07-9c2b-4bad-a185-53827c917cbd,2023-10-08,Twitter,Comment,Neutral
89a1568b-5c22-46d0-87fb-6ff0ff6ba8aa,43fcfc92-147a-4d80-abfb-b527f89bf595,2024-03-24,Uncategorized,Comment,Negative
b8f3474f-d05d-4aca-982b-6af4a856305a,28c5386b-e2a3-421c-8510-4c03144fc945,2024-04-19,Facebook,Share,Neutral
9af1e27c-d8ef-446d-a941-3991c0cff209,c8961bbd-04da-4eea-abb3-c777396f0a6b,2024-03-17,Twitter,Share,Neutral
6ee69819-b275-4409-93d0-b62be6a7146a,b1997b94-9ced-4849-ba62-51cf64d1fbf3,2024-05-07,Instagram,Share,Neutral
981deb70-b1e1-4d06-a2b3-489bec80c7e9,2ca1e7d3-229c-4ac8-a2c1-eeafdb87e691,2024-01-01,Uncategorized,Share,Neutral
8602d631-457c-49c1-8b59-8efb2a4448d4,a07d0772-b8c2-4352-a935-9ed67c6b08a5,2024-06-08,Instagram,Comment,Neutral
e6f4ae74-d58d-4770-8ebc-89c1f8778a6d,7c6d265e-1331-430f-8bc2-fcbf00a68d02,2024-06-26,Instagram,Like,Positive
6233eaa6-2b6e-4dfa-9e68-0bf69d01fbe3,06440f02-08a7-488d-8579-8eebd8050043,2023-12-18,Facebook,Like,Neutral
a5fe1b34-7c1d-40d7-b156-2124bfadb490,95f92624-4a6a-470a-8bb4-02672f9194e9,2024-02-07,Facebook,Like,Positive
3c0a3687-a1aa-421e-b671-9e4f859c56e4,90832c0d-6752-456b-bde7-447fb7d717e7,2024-01-29,Facebook,Comment,Neutral
ba78abe5-c514-46ca-8feb-95426be7f8a3,bb301692-908c-4ad4-9ca7-e1909354ab4a,2024-02-28,Twitter,Share,Negative
b7e6da15-7fa4-4b59-a121-b3c6edf7b416,42183e7e-f693-4d80-b404-385061151d2e,2023-07-12,Facebook,Comment,Negative
36656b2c-c7ad-4c3e-b2f3-c9d7beb78aec,0f41d074-2cac-45be-8e7e-0b673770fadd,2023-11-04,Instagram,Share,Positive
bc3d81a3-8a04-4df0-bec8-ed35408264cc,a09d19f9-62b3-4935-9c65-cbba643fc37f,2024-05-02,Twitter,Share,Negative
94e58d8c-228b-44a0-b759-2e26941068cc,afc5dbe7-de55-46dd-a56c-23b9185a4ea4,2024-03-06,Instagram,Comment,Negative
82184ef4-a46e-4d6b-b18e-c7fdd84cb269,18fc62d9-0ed6-482f-9657-fdad015001e0,2024-05-09,Facebook,Share,Neutral
46402a3a-4a33-4677-9540-3043a4fffe14,45606d40-7153-4b80-9d52-3b252884f69d,2023-12-22,Twitter,Comment,Negative
1756838b-8368-4852-b4a5-32a23643a3dd,a38c6fc8-df5f-4aaa-9413-c15939379640,2023-08-18,Facebook,Like,Positive
696ce056-c101-4cd0-b18c-b36573530ce9,ac57445d-a8ff-4155-8528-626d0f5b901c,2023-12-15,Twitter,Share,Neutral
4f6d0e26-dbf8-4abe-8b06-083acba71564,af584e41-7c41-4625-a47b-b9976f2755f0,2023-07-01,Twitter,Comment,Neutral
6539c670-03a7-4f89-8fb2-8190024380cb,2ce9d47d-41ea-4ad0-a2a8-e9e834b5d2ca,2023-11-04,Facebook,Comment,Uncategorized
a179e2b9-047b-40ce-b9f8-b13f2a8f969d,e0840a27-1f7f-4e69-8efa-9e2e2bbc7272,2024-05-16,Facebook,Comment,Negative
9556b64c-756a-4825-8c23-26a54a672a01,dbd90d64-f97b-4928-8f0b-b111ce4f1c66,2023-12-22,Uncategorized,Like,Uncategorized
18882dff-81af-47c8-8bc4-a0f21e17e7ed,1456cfec-0241-49f4-aed0-3c289f3fa97c,2024-05-28,Instagram,Like,Very Positive
a319acae-e640-4d21-8215-b5b0eac9c64b,c926d293-963a-4709-8800-e618c6b1cf4b,2024-03-04,Twitter,Comment,Positive
411c2202-f939-4b1f-bdd3-7eb0257bd14a,aa24e921-295e-46ef-ae72-9fac61026417,2024-01-14,Twitter,Share,Positive
b46c7ee5-934c-4e73-b1d8-53a9dd65d7cf,32b05600-632c-4779-baf2-1393eb293fd8,2023-08-18,Instagram,Share,Positive
57949a01-31cd-4f78-b64c-392e0a74bd1f,f0b0aea4-3f10-4473-ab33-61f24bdcd058,2024-05-02,Facebook,Comment,Neutral
2e04f5ca-4a8a-4971-b73e-a1699b9777be,510dd054-108a-40b2-a3ab-a1c7e98fc12b,2024-03-31,Instagram,Like,Neutral
66e01489-30f2-4461-bd51-1a6713c7634b,906ef382-df55-4ead-89ca-cfbc460e90f1,2024-06-09,Instagram,Comment,Positive
4db786fb-341d-4ed2-b5d3-0e0b5f6dff9f,033adad1-58b7-402c-9a51-4c6414efd923,2024-01-29,Facebook,Comment,Positive
db18bd1b-8476-4835-81ac-5328b72d473f,7b9021d4-0ed0-4abc-9783-73096bbe3310,2024-06-10,Twitter,Like,Neutral
225bd0e8-25ab-4049-b175-617bd77103db,62ae062c-6bee-4fb4-81fa-46229786c2e8,2023-07-11,Facebook,Like,Uncategorized
1eea3d52-fd1a-403e-8e70-7919dca848ee,72f8b2a7-ea4f-42ca-b245-05c58f59385e,2024-01-13,Instagram,Share,Positive
1e659a88-5f9d-4c17-9739-1b3d30470928,c258df89-15cd-48b8-83da-e49c4e412a20,2024-04-24,Facebook,Share,Positive
8496167f-5a05-4be9-bb1a-eaedcc0d9dc3,2e20bf02-3346-4e2b-8221-2654e6c60cf0,2023-12-24,Twitter,Share,Positive
af22c4bc-8b3d-4261-9920-fddb8b83607b,72036e42-66f1-4add-9919-45244e50348d,2024-02-09,Facebook,Comment,Negative
3cff3ced-315b-413b-9c0b-99bae1c5f85d,bfae5f1f-c082-4454-9587-b7c7ff7280ff,2024-01-04,Twitter,Comment,Negative
0c6c6e4c-ef0a-4dae-a296-8bd4b01b13f7,7e0787b8-7a89-4d37-9979-167f2f6bf07a,2024-04-25,Twitter,Comment,Neutral
c8ed5272-be7a-4d76-a4cc-e70330c69ba0,0fd0b3a8-9627-4080-9aef-37eab46417a1,2023-12-25,Instagram,Comment,Negative
0865a620-9ff4-46ec-9f14-7efdd071a041,06e8f272-586d-4b65-bad6-a8c70f86797b,2024-05-01,Instagram,Comment,Positive
089bd09a-4241-4fa4-905d-425bfc36b78a,e2fde59e-4b23-4983-ac91-31e4bbf6cdbf,2024-06-15,Twitter,Like,Positive
a1b34f69-42df-4700-b878-f549f5a7f520,8bc31e7f-638f-4a6d-b617-e426df55aa0e,2023-11-18,Facebook,Comment,Positive
978c4300-e302-4677-b7f0-7b4a8e2a87b8,c5a41a73-ec88-46ef-9b0d-74c9d138ae98,2024-01-30,Instagram,Comment,Positive
662e1733-738d-41ef-8538-645f35333eb3,9a22949f-3e01-40de-b9e9-68e57649cfe3,2023-07-01,Facebook,Share,Uncategorized
18b3ff1d-ad70-4064-8d66-743289d65204,d6aa9ed7-1f8c-45e0-9ce5-3bf551d78c98,2023-11-29,Twitter,Share,Positive
c849d8b0-2b3a-414b-842f-3f4c8bd24004,407307d1-2da0-4f8b-9a69-61d1347c29f3,2024-01-24,Twitter,Share,Neutral
c812445a-852f-44cc-afdc-20b7bdfbcf11,743afba8-3327-44b1-9d94-908f31164ae9,2024-04-03,Twitter,Share,Positive
db9c2206-4487-47e9-8fb0-0ddc81b7310c,8be973f9-10b7-46b1-bc39-7ff8d87b17f7,2023-10-12,Facebook,Share,Positive
01b59002-9e5d-4e67-bce9-c50430acef3a,4c3a1b46-730d-4112-99fc-ed41b30fa848,2024-02-07,Facebook,Share,Neutral
92d3a47c-ab00-4c27-8fd4-460a47314db9,d801ac1e-b65f-472e-8975-4786d5e52e43,2023-07-17,Facebook,Share,Neutral
24b043e8-6fca-4d86-95a8-837e0ca09072,753dc5f1-f8c6-4a96-9429-93c78b7d5d7f,2024-05-24,Facebook,Like,Positive
acf61979-471d-4d03-99cf-bdd3668261a6,de5ae19d-2be4-4d62-9a57-b852b52b834e,2023-11-24,Uncategorized,Comment,Neutral
a9f7d8c3-9b3e-4598-8056-d62573a5a229,9919d8c6-2a3c-41a8-bca8-4c33b05cf01e,2024-05-07,Instagram,Like,Positive
62a5ff3a-beb7-4c13-9c36-b5655a9f05b0,b3ce2b3d-e6cc-4df4-b0e1-3f9529e646ae,2023-10-12,Facebook,Comment,Neutral
856a25cd-56a1-4558-a8ed-6e0e655cdb0d,756f1ef1-fc65-4bfe-aed7-e17752a7498a,2024-03-27,Instagram,Like,Neutral
26a40f69-7707-465d-8455-583546cd02d4,d6ad6756-bb13-431f-b985-161fb5e0e8e0,2024-05-08,Twitter,Like,Negative
3341628f-8548-4ae7-9000-ec20c5973e5a,5fbd5be5-d8dc-47e4-94c5-a42a4ae447f8,2024-01-20,Facebook,Comment,Neutral
b2859f73-c572-4bb7-90d7-51e5cc6747eb,02bcd042-42a3-4b05-aea8-80f6533e0f40,2024-03-09,Instagram,Comment,Negative
c95dd000-c041-4a0f-9bb4-1d43d2336aa1,456c5f1d-14eb-4b71-a5fd-b0d36b8a8616,2024-03-08,Facebook,Comment,Uncategorized
d74439c1-90e1-4a46-951e-89fe6e092b9f,fd08c79b-8cd1-4d2e-9104-57442568e9c5,2024-04-29,Instagram,Comment,Negative
e8a5fdb8-fcd9-450c-9635-e376266c8bcf,188baa55-d207-41ab-9c46-59d2a1b28783,2023-07-25,Instagram,Like,Neutral
b2ef78d6-e56a-4084-b072-c5104448b76e,98819a30-6c90-42d1-a07d-6838d3bc6545,2024-04-29,Twitter,Comment,Positive
b2f4c25e-be11-4912-9d14-5c288616e56e,507a1927-2a78-4050-a893-d6d0c64ae723,2024-04-02,Instagram,Like,Positive
68479040-6691-495d-8ca9-122ec5010fb6,450871ec-a352-454b-8b92-869fd2622138,2024-04-15,Twitter,Comment,Neutral
cccb312c-4304-4bd8-a66f-6a39a1129846,255aa529-3717-44af-bf2e-fd1be1a1aa5c,2023-07-07,Instagram,Share,Positive
f9e210c2-0090-42fd-9d80-8f5ab0267c32,c3cfcf30-ee5a-4305-9ae9-723e033def50,2024-01-01,Instagram,Like,Positive
d79f6ce9-0373-42e3-a016-984ba61188ce,daf6a0d9-7fb7-4a56-a258-aaaf7483da29,2023-12-07,Facebook,Like,Positive
6e59ab74-2fb0-4ed5-9db4-fad5264d0631,31f3d475-0852-4d81-8542-c50be2c4e3b6,2023-09-13,Facebook,Comment,Uncategorized
2755d0ae-8558-49ab-b712-56b4dcc09003,ef489cb2-49fc-4d46-bd71-3505aa5088ad,2024-04-13,Twitter,Comment,Positive
081df560-dc5f-45d3-87ac-9992b5050133,1993425c-a42e-49eb-877c-c2353017723c,2023-08-14,Facebook,Comment,Positive
d8e2c905-3d1b-4c83-8ac2-02d8452291bc,92891b67-82fe-4764-84ef-7a68ade3137c,2023-08-28,Instagram,Comment,Positive
c82f4cc5-e3e9-4919-ad14-bc9ad485fd45,15fb5e5d-0b3b-4315-aa5c-ffaabd0a18c5,2023-09-23,Facebook,Like,Positive
425d34ad-d5f8-45f2-a4c9-02e101348139,875214b1-41bd-4974-b88e-8ebc43e92740,2023-12-27,Uncategorized,Like,Negative
597f2463-8973-4fa8-9710-7683cb399bf8,f9dc52e4-80ac-4e01-ae41-fe304e72ace6,2023-12-01,Instagram,Like,Neutral
e580ec3b-fcbc-40d8-9af7-5e0a110d1cb7,2605cce3-430e-45ec-857e-331789d911c2,2023-11-22,Facebook,Like,Neutral
be10f9ef-a8e8-4ee2-a296-48c31c209b14,e6c7bde4-b232-4328-b931-3ac9ef077629,2023-12-10,Twitter,Share,Neutral
7d7f14ea-53a3-4bd8-885b-ca6973b32df5,033e00b1-d4d7-47b6-90ec-9b992f572c14,2024-03-06,Facebook,Comment,Negative
60978a24-9522-4d96-8eed-a1ddb6cede08,0b26f014-6a15-4853-9968-2db8ba01c427,2023-12-09,Uncategorized,Share,Negative
0c68dabb-b818-43bf-96de-e0b384ace943,31e9ec0b-518a-4313-a39e-584c1f0b53c9,2023-12-07,Uncategorized,Comment,Negative
21d65157-1b88-4ac7-a89a-4b938f2eaf97,7b736202-b0a2-44d2-997e-31875bb680b0,2024-05-04,Twitter,Like,Positive
407c3e47-8309-4423-a2bb-e025b3239745,07d509dd-d0bf-4f26-942a-704bada6c5f2,2024-06-18,Instagram,Share,Negative
96f0eb54-ca26-4ec6-b15e-2d1263d5a701,09b7a5ce-d3d5-4776-873d-bc43afecf57d,2024-02-27,Facebook,Share,Positive
f0fa23f8-ad7a-407d-a63f-d4fba28cf6ac,21d3dab7-5da5-4195-bf18-a0cacbcb2ac7,2024-04-17,Facebook,Comment,Uncategorized
f6cab49a-a8b5-42a8-92be-42e200212268,067c468d-2946-4065-82be-f6614b2053be,2024-05-16,Twitter,Comment,Negative
aeaf225f-d2a0-4a65-89cc-332358117295,95bb7ba5-e287-4a4f-b659-db1e2270f1da,2024-01-20,Instagram,Like,Positive
01264132-b542-471e-ba65-038975091843,209ae965-5dd1-4dbb-b50c-113d37e37bdb,2023-07-25,Facebook,Share,Neutral
1161ea51-6692-436a-961e-19526aa76f84,0f4495e6-c64c-4f93-b90b-8ddf0b7c3ad1,2024-04-02,Facebook,Comment,Neutral
f2ae0761-35fa-44a8-ac81-e607e89611ef,ec329d24-5519-41d9-8b77-2aa5b493e5bb,2024-02-16,Instagram,Like,Neutral
890f10ce-36f6-4993-9a2e-a00dfdf01609,9dceac54-8a3a-4a75-ab35-eaa6eb0f0c3b,2024-05-10,Instagram,Like,Positive
80065540-0427-4aa7-83d5-b7e24f8d7962,a634798e-4a28-4d21-8735-4865f0cd9bf1,2023-12-20,Instagram,Share,Neutral
86d1b8e8-2777-45fa-83d1-b0d08dbbc476,6708953a-a9b9-424e-8312-810bd026c53d,2023-10-12,Twitter,Like,Negative
1d26411f-e5b9-40b0-8082-7e069a926f9c,1eb327ad-47c0-48dc-a21d-74b11ebae269,2023-07-08,Facebook,Share,Neutral
1e66b466-e10c-48a8-a1a8-b1f7c963d0dd,7874a556-f3e3-4b00-b2e2-379fc276af7e,2023-07-15,Twitter,Like,Neutral
6492040d-56f8-4c1a-bbe0-5b62fb39c65d,b902b95e-81e0-43b7-b9df-d1324529f416,2024-01-10,Facebook,Comment,Neutral
9eead230-c70b-473b-a234-7002688b42b6,f334daba-40f3-40c8-8aee-cb7644fd85e2,2023-09-22,Facebook,Like,Negative
d1819fe7-bcfe-433e-9f59-83aa549cc779,8ac9c7fe-75be-4f4c-91a4-fc7d917445b2,2024-02-20,Instagram,Like,Neutral
9bdf4403-1e6a-4b6c-8556-a58e26591bd2,55823228-7e06-46bc-a006-7c0055ad73a3,2024-06-02,Twitter,Like,Uncategorized
1fbbc3ad-d48f-4e64-9ef7-4e58277af29a,fb59db7c-f6e2-4c61-88fa-8a5f001a472a,2024-06-10,Instagram,Like,Positive
e227d514-7382-422e-adf1-fbf694f7c0d5,fa6c7eb9-ec34-4978-9648-05fc5931b73e,2024-02-04,Instagram,Share,Neutral
fc9f91cc-00f1-4ffa-8016-878c069f3a1b,96a44e37-7965-494a-981c-92fc42b54760,2024-01-01,Facebook,Comment,Neutral
43719ae4-97cf-43e8-9702-636e2b44cb40,ddcb86de-c9fa-43d0-9f19-9b6cfc769569,2024-05-21,Twitter,Like,Neutral
fe9cb5ea-d704-403b-9efa-46d2e2c6b5ae,3be136cb-b77a-445c-849e-eb1363d55098,2023-09-06,Facebook,Share,Neutral
1c139f1f-280b-4c07-8fe0-db50181fe77a,babe2c92-fa34-4feb-861a-7b48ff5b00fd,2023-08-13,Facebook,Share,Positive
ab1b3b16-c910-4450-bf8a-8817de7019ee,8f6b51d6-ca3f-4701-8519-ee1986195741,2024-05-15,Instagram,Share,Positive
428c1b00-d1dc-4d9a-b4e0-60d112f3352b,ccdd0261-7af4-45fb-b3a4-86e49148019e,2024-04-11,Facebook,Like,Negative
d2b307f5-9903-47d3-815f-79ab5283a49c,26ce9f5a-3190-43b1-a2cd-8c1a1299d91c,2023-10-18,Twitter,Comment,Neutral
6506a08f-8725-46af-8aaa-1b3c5c913d84,2d4ea4cb-edf8-43b1-a9c9-27912a977d33,2023-08-28,Instagram,Share,Uncategorized
ce17823d-388c-4b95-a747-f24fdef0ebe8,afb9f08c-3d39-4b1e-9a7a-53554c928465,2024-02-09,Twitter,Like,Uncategorized
c3f22991-8910-4823-86e4-8637520d3952,3922576f-cdc9-40af-b1a3-22baed6e8a8e,2024-05-10,Twitter,Comment,Positive
ed89b7fb-0b0a-4e28-b086-538479d7cd24,b8cc6592-57d1-47f3-a931-fb4099341a37,2024-05-01,Twitter,Comment,Positive
922f254e-c6a3-4248-8d71-08e99bb103e3,67e0e79b-bf9f-4880-b940-b46885e049df,2024-06-11,Instagram,Comment,Neutral
a89a9ca8-afae-4f78-9dfe-514d9d8e5735,5be17552-653e-4af3-b483-f9d666a8c30c,2023-09-20,Instagram,Comment,Neutral
66515d36-ce81-4765-b76c-9ee0eeb66c98,dc9d72cc-e54f-448f-a31b-43c92731ac7b,2023-09-09,Twitter,Like,Neutral
3d1c05ef-f343-4096-92a7-d06628c422d0,5d772eeb-de49-4ed3-b589-bb105c03d58e,2023-09-26,Facebook,Comment,Negative
373de510-66b3-4c4d-8e17-40d55e208b9c,8a268b33-7af6-41af-8796-e979e6865ddc,2023-12-01,Twitter,Share,Positive
6dec1421-f6db-421e-851c-a98d5688392e,a904d7e8-8326-4422-8515-9f3d195ba7f8,2024-05-05,Twitter,Comment,Neutral
eb8ff265-d183-472a-8f74-de381b6afb74,05f610a5-fab8-46c5-b365-28ef1ac41965,2024-01-05,Instagram,Share,Neutral
46e97136-3a44-4567-a58c-a434c0b3821f,9dd8b1be-1b2d-43d2-a01e-1c4bc177e83b,2023-10-05,Facebook,Like,Positive
643baf74-7e23-45d9-9cbb-187705c442fd,5c18d546-d4e6-443d-b115-82e71802f33c,2024-05-29,Twitter,Share,Neutral
bcdfeb3f-35d1-42e3-b630-602a9fee5214,0a1b24de-09da-453c-9422-899caff6cf6a,2023-09-04,Twitter,Share,Positive
88c11bb5-495a-4fa4-9dca-ba16c044b52f,ba7df936-4848-4e50-b0d0-964a415b271d,2024-03-12,Instagram,Share,Negative
9bd04ab1-225d-48d3-a9f9-f2338a40a439,bf3cae64-c5aa-4336-96d2-cffc32181d5c,2024-02-19,Twitter,Share,Negative
a89a9ca8-afae-4f78-9dfe-514d9d8e5735,6b41ac15-311f-4c18-893f-6e2ac31ac6dd,2023-07-08,Facebook,Like,Positive
a3b96c20-01b8-45de-9498-3ef19433a68f,5f0fed90-74d2-4f93-93f7-47e98cb72569,2024-05-15,Twitter,Share,Neutral
4804e20e-8110-4cee-9c6b-b0a01c41eeb1,553caaa1-58d5-47c8-8418-18f7ba006fbb,2023-12-02,Facebook,Comment,Neutral
9683330f-de08-43c6-bc90-a11eaf8b5af5,df556425-5247-4873-9e12-cb558cf3ec56,2024-02-14,Twitter,Share,Negative
533b0ffc-a629-4763-8e6e-c2324e6914d7,1bbabcde-cbfb-47da-8f87-e133e094e789,2024-01-21,Instagram,Share,Positive
32ea36b7-323e-451a-8b46-7c3540e03d4d,d67cf644-1952-4398-af53-52940c9605fb,2023-11-05,Twitter,Comment,Negative
f3fa82c6-4086-4756-96f8-eff3ea337f59,b78d41af-ad91-48bd-9eb8-8c9807346715,2024-05-28,Facebook,Like,Negative
0c298fc3-6e30-4478-bc30-f1b56b2e655d,779f0c9d-5847-4396-a2c9-aafeffb80858,2023-09-01,Twitter,Like,Positive
9ff4729f-7386-448c-8205-ce0995a50c9b,587a4b42-5366-42b7-9174-d11cc9149e0b,2024-03-14,Twitter,Share,Uncategorized
4824bfa4-0e82-461c-a6ab-4b79b8b3ee39,eb1cba6a-4c30-4bb7-a590-96b3bc148286,2024-04-20,Instagram,Like,Negative
3151b4f8-afe8-405a-b152-aa1cc8616f05,fa4ef880-867d-40a4-a5d8-53c9ba630672,2023-08-12,Instagram,Comment,Positive
d8ed673b-8d73-49a5-aa5e-ae50b2113777,9f8fd2a9-c7b3-4cb9-8529-2dd51c723ee5,2023-09-26,Uncategorized,Like,Neutral
bcc0e767-8943-4823-8f47-6f5d958039fb,55c968fc-c06b-4e92-9043-ae97aa62206b,2023-08-14,Facebook,Share,Uncategorized
5dc17b80-c365-4827-963c-6f1e86a9c6fc,93d7f75b-bfd9-43da-808f-44da6f14f546,2024-06-02,Instagram,Share,Uncategorized
37a8ee69-e419-4e15-a2dd-215b57b3ba67,36f9e09d-26e5-400c-b04e-2cac02f82ca1,2024-05-04,Instagram,Comment,Positive
255b77a8-7dbd-4d7a-a0cc-ad8b8634ea21,5d92736b-eaab-400f-a5e7-d9a5deada423,2024-01-02,Instagram,Comment,Negative
89c1e39a-75ad-437b-8bfb-317d6b651197,ecbfed62-11d6-439d-ba5b-a2aeeb1c1b23,2024-06-20,Instagram,Like,Neutral
0f70d4f1-a4ae-46da-ace0-376023462fe3,bc5e545b-b0c3-470e-93af-e27f25bf4eae,2024-02-05,Facebook,Comment,Positive
c2fe7e28-037e-4cea-822f-1a067e6d4ce3,81f03bf6-8671-4cd8-af30-033fdfd1320f,2024-01-13,Twitter,Share,Positive
6ee69819-b275-4409-93d0-b62be6a7146a,b01ddf30-6a28-4e11-93af-80f7ea68aeb7,2024-04-10,Instagram,Like,Positive
418354d2-ebb2-42d4-b789-4bea92bda55f,b45c0703-77f1-4a68-88f6-b2bfc49e7765,2024-02-29,Instagram,Comment,Negative
b5c0628b-1e18-48db-b35e-fd3e959dd948,23d41152-7d67-4bb0-8489-083ca7a6306a,2023-09-11,Twitter,Comment,Neutral
f71e72b6-e451-42da-a1d5-6ef629c553f8,bacd85d2-a3a3-46b4-8904-db325da16e71,2024-01-19,Twitter,Comment,Neutral
a9a3ce5a-1459-428a-b461-2ec4611ffdcd,ce53408a-6af6-43e6-8a46-a9b8a9a32e13,2024-03-23,Twitter,Like,Negative
c39b1fb1-7f69-4631-9279-b8051420c444,03caf7ea-92e7-4280-9dd5-fa1caebf043d,2023-09-08,Facebook,Share,Neutral
d3b2f0c4-722a-4b0c-bdcb-19a8cbc80193,76c7d6f4-cf95-4ddc-9446-331321e6d799,2023-10-01,Facebook,Like,Negative
f9aed600-08f5-4583-b6d8-5ab32daaa213,dc68ea28-4ec2-456e-9af7-4dd76b372f32,2023-07-01,Uncategorized,Share,Positive
9af1e27c-d8ef-446d-a941-3991c0cff209,25b29da7-e216-4c9e-86d2-3135c46fe255,2023-07-27,Twitter,Like,Neutral
a5087e16-7348-4e69-a8e3-9b9612243cfd,821aea6f-c940-4cd8-a37f-f9eeeb395719,2023-12-19,Instagram,Share,Negative
6c83e1cf-e48c-49fa-a33b-046d66e3b061,1166a077-dc47-41d7-b416-078926ea99b1,2023-12-03,Instagram,Share,Positive
abeab0fe-53bc-42d0-98c4-cf2ad557a781,aa53ed8e-492b-4cef-a4dc-5081a509e29e,2024-05-30,Facebook,Share,Negative
6601e9d6-7e18-48f9-ba38-71d0d9cb31cb,556ea7fb-be87-4208-aade-cf57ca1c79d0,2023-10-18,Facebook,Like,Negative
a7937edb-0b78-4642-afd6-50e3b4cf66b3,7c3dc22d-1bd3-4489-958b-9661acd58b2c,2023-07-16,Twitter,Comment,Very Positive
cb5e4e77-f873-413d-9e16-c8922842d051,846d857d-a02e-4216-8c51-c5e7ad3ba08c,2023-11-07,Facebook,Share,Negative
b8cd2f3f-1d2e-4658-8e68-13dd239f7e26,4ddae253-6815-497f-95ab-2a23ebdfc96f,2023-10-17,Instagram,Comment,Uncategorized
8414f142-72a4-4343-9afd-48c4333bfda4,7b7b6359-0636-40ed-8fa7-dde0b481fece,2023-12-30,Facebook,Share,Positive
7b163557-7f81-495c-8d21-7e9e8fab6abf,8d2ce858-75d6-4776-8162-bae3e0ff5529,2024-02-24,Uncategorized,Like,Neutral
0ede97d1-bb46-452d-893e-b63f37da4fa8,e7565c44-922f-4942-8da4-afb17a1f9a86,2023-10-04,Twitter,Comment,Negative
9e99f76d-1daa-44b5-89df-85554e334b59,b2e12721-14d9-4c85-a194-33da23c71123,2024-03-24,Twitter,Comment,Very Negative
9b74e9c4-2adc-45b1-a389-ecf83885c1d0,f9db686d-b86f-47e6-8124-e02e0231212f,2024-02-18,Instagram,Like,Negative
c4f6aa80-a70c-44bd-a085-2241bdc87e1c,9b64ff89-2382-4d80-bf40-3c57ed7e1d6c,2023-11-17,Instagram,Share,Negative
a9f321a6-c23c-4863-8828-f8d287543a9f,0bbf0c27-e469-46e6-b449-d3150afcdad0,2023-08-19,Uncategorized,Share,Positive
e4f5c19b-60e0-4e10-9735-88d05adf0667,4783a23a-a563-4f6c-9a47-795e645ab8de,2023-12-21,Twitter,Like,Negative
3aa97bf0-e4f2-412e-a669-ad23b5c3a7ec,fd712c1a-9a62-4359-b74f-f9fc7764cc17,2023-09-27,Facebook,Share,Positive
f30941af-ee3c-4d65-93bf-517f9dc6f0da,f0784f79-8bf6-4220-b021-9f1dacb85183,2024-05-21,Uncategorized,Share,Neutral
648e2751-83d9-4720-a2cc-2f7ab8db97da,729ee270-1441-4ba1-8959-2a728b5665d8,2023-08-10,Instagram,Comment,Neutral
c849d8b0-2b3a-414b-842f-3f4c8bd24004,026d78bc-434d-4b5f-b3fb-abce4ee331df,2023-10-05,Facebook,Like,Negative
505f098c-bcd0-492a-b421-032dd423e894,f89e9173-7c95-420c-86da-71872d4890e5,2024-02-08,Twitter,Like,Neutral
a2c21cab-0da7-4273-b2a4-f4b62d2aa701,bdcb1851-4068-425f-9e5b-c2d3b11c5a29,2023-09-19,Instagram,Like,Negative
618bb55c-2c9a-4e5c-ae8d-a79bc0754d75,027b4c76-6088-4b94-bafa-ef46283e25a2,2023-12-11,Uncategorized,Share,Negative
bd90f5cb-05a7-40f4-acb1-eedf48b58ffa,30b1aa9d-3215-4f30-b9b1-a430622684d6,2024-03-15,Facebook,Share,Neutral
af4927ba-261a-43f2-93fb-87c102029ebb,23625be2-7247-4aed-9305-c19f9927a765,2023-11-07,Twitter,Like,Negative
c288b8e0-209a-408b-8135-28f8e81b053b,d09ca261-c896-46af-a0ad-f9a16b3c0bce,2024-03-17,Twitter,Like,Positive
d2f2a30a-dc1d-40ba-aca3-8fe7615f7b01,0b880a32-9d98-4e0c-8056-918db4319b8f,2023-07-26,Instagram,Like,Negative
6d6a803c-8aa3-4555-8074-0f7aa01937bf,40d3edc5-b518-439d-9225-8fd1a8566100,2023-07-22,Instagram,Share,Uncategorized
70da266d-0532-45f4-b771-dbccb4c66583,11de0b7d-8278-4b37-b2af-039b0f914c33,2024-03-07,Twitter,Share,Neutral
567e8154-f199-4535-b9fe-ce9cdb311901,db8ef302-2881-42b7-bba9-f104ac8f8fa5,2023-07-03,Twitter,Comment,Negative
442035e0-e8f3-4958-b765-00181de92874,6df916d1-3781-4a81-aac3-e26cf4033f69,2023-07-18,Twitter,Like,Positive
4bade271-e2de-48e1-9207-006875a7f23f,ebd8bdc4-128a-426c-896c-dfe960fdc87a,2024-05-25,Uncategorized,Share,Positive
f808e889-308c-4356-a639-281ef3820b50,47d36340-4847-49a9-9115-a6e1f92d9da4,2023-08-25,Twitter,Comment,Positive
839d63cb-15d2-4fe1-890c-9943028eb8aa,df76909c-4e82-4c5d-9207-653127c3e077,2023-10-12,Instagram,Share,Negative
feec3360-e51d-4b60-b4f3-9435228b8cfc,40750afa-dcce-4f81-adbd-0d4a7ae161bc,2024-02-29,Instagram,Share,Negative
b707539e-7eaf-4c76-8a2f-944b44eee698,0afd8e6b-5248-4d8c-8bde-7f87efe29096,2023-08-08,Instagram,Comment,Neutral
ed27f98c-9eb0-400a-94dd-227a49b0597f,87178a05-60ff-4cbc-b6e5-38697c21d80f,2024-05-30,Instagram,Share,Negative
b86a502f-f1c9-4fdb-835e-c38a3471cdd8,84e84bf9-9bce-4158-bd3d-864ca8b82b56,2023-10-27,Instagram,Like,Neutral
5deb572f-01dc-4c1a-8989-e1494df43017,e115ad4b-c759-4740-9040-4119c48b2f04,2023-07-21,Twitter,Share,Negative
08995799-8d0f-40d6-986b-452074709b5f,ccea3e41-74c9-4b9a-9036-d193e4b55f50,2024-01-21,Twitter,Comment,Uncategorized
ba7bec5f-29d6-4c9b-8a13-9370b6bddae9,d8816539-8992-4371-abd9-ade89752f097,2024-04-05,Uncategorized,Like,Uncategorized
126a19e5-9bad-49df-a564-60ddf3c6afa6,b25e51a8-2958-4090-98cc-8e9b4f9b545e,2024-06-05,Facebook,Share,Neutral
f2e3736b-2014-44ef-a28d-597330b00882,57c81969-d4bf-4409-8303-afb8429f5b11,2023-07-14,Facebook,Comment,Negative
5dd3f3da-d9e7-4b28-afb0-30497d1f5014,94504992-b332-4f51-8705-42d7210a5921,2023-11-30,Twitter,Share,Positive
e29c9045-3b53-479e-b8f7-4e9da6afc6a2,35367ad0-0a44-4fee-b3bc-11d066e28957,2023-11-16,Instagram,Share,Negative
ce88db51-39aa-4149-8ee6-d6063d12768f,e1390067-f1c8-401a-a1af-8d43f90c2a77,2024-03-05,Facebook,Like,Uncategorized
dad30372-5fe9-40fb-a895-b85af25c2f3c,a3239b61-5acb-491b-92b7-787ac84334d8,2024-02-18,Instagram,Share,Neutral
c30de55f-687c-46f5-bbd2-a9e73d2d138d,9d35b89b-1595-4db0-b988-603978dd4dc3,2024-04-02,Twitter,Like,Negative
616e2347-91b4-4a50-8a15-4c65aff20788,1dabebac-8efa-47b3-87c0-793ac27e5934,2024-01-25,Facebook,Share,Positive
e8de7d84-5ca6-40a2-8b3f-27cda500b8d9,77968edf-431e-47b4-8ec0-0dc402790d07,2024-04-21,Twitter,Like,Neutral
c98edfc3-4819-4b2b-9af8-281ada990517,c2cefc06-8b2f-415d-be01-d7721de8ec3e,2023-08-04,Twitter,Comment,Uncategorized
81be7ae8-5f41-4ee9-895e-b001c5c63186,47ae4384-ae3e-4ad6-8366-80b8d9574d64,2024-03-08,Instagram,Like,Positive
230c7314-8729-4043-a486-7b0110e235b1,c91ee923-cbca-467c-ab33-5e214d70014a,2024-02-06,Facebook,Comment,Neutral
17b835af-f4c8-414c-a611-0441d5485734,d9bd0400-c610-4d00-9a4c-2abdca4b4f87,2023-08-01,Uncategorized,Comment,Positive
afc2cf41-aacb-482c-a3f0-2f68035c44f7,aea936cf-e276-47c4-b4be-1211fd3bb295,2023-10-14,Facebook,Share,Uncategorized
b0f6482c-2895-48e5-b17d-76f51f537dec,728be840-20c7-4219-a69a-787e33cf22ee,2024-01-22,Instagram,Share,Negative
d8a93878-8a64-48b1-9099-65b5695c42c2,416cc18c-ce98-4352-825b-8f54daae6ea5,2024-05-29,Twitter,Share,Neutral
5f539a11-81c1-497a-8df1-b7a6c8989b88,80984eba-9a6b-438e-ab23-80093fcfed54,2024-05-21,Twitter,Share,Neutral
165308ea-2fc5-43e5-80ae-d135c2aefe70,01710b5a-28df-4b1b-8e41-575c829f3735,2024-06-14,Instagram,Like,Negative
ac4f15cf-2b72-4696-bb7a-774b524f7cfd,2f05f3b6-d4e0-4e56-a502-93d54bd1a0fd,2023-07-12,Uncategorized,Comment,Negative
f8b81878-73cb-4468-9601-5242564e8bef,538599e7-9d4d-422e-af3c-de898d12472d,2024-03-15,Twitter,Like,Negative
9da165b9-c803-45de-b8df-1c4fb275aa98,0521a79d-cf21-483d-b143-2f03f5e0f030,2023-12-15,Twitter,Share,Neutral
1ccb71e6-8f53-423f-808d-a2023aa0c5a8,a349f9f0-1b5e-4fcb-9633-60959e91d851,2024-06-17,Instagram,Comment,Positive
d8fc115f-73be-487b-bdae-921eee1052bb,8d34499b-427e-4735-9f9b-0c9b34477faf,2024-04-09,Instagram,Like,Negative
5be24c07-9b89-479a-ba96-5edb10b65b3d,dcd397a0-469d-41b4-9f60-157d184fccbd,2024-02-15,Twitter,Like,Neutral
b7aa5481-366a-456d-b996-1f8146f93d9b,d189f9b2-139e-4fc3-b616-b649a2d5be23,2024-01-05,Instagram,Share,Positive
4e5e8598-a3bb-4580-8c9f-a2ec0d98afc4,269256db-0b29-44bc-b3c8-ed7c007e372f,2024-05-09,Instagram,Like,Positive
08dd80d5-e63f-4618-be5f-161de25625a8,16e68977-6cec-4551-8fdc-9c2b117d9726,2023-11-05,Facebook,Like,Positive
bb798529-5f0e-4731-8377-244690335f1a,4f1f8035-cd10-479c-b111-a90430e38e54,2023-11-10,Facebook,Comment,Negative
41a1f2b8-4685-4f0e-a1ac-09fd44234559,24f74dde-1def-4ef5-9f9f-a7b4f8ea1527,2023-10-23,Instagram,Like,Neutral
2f736c67-3ae7-404c-9ea3-bda4b6662844,f8012275-ca1e-4749-8ad4-ecda6bea8ac9,2024-06-28,Instagram,Share,Negative
cdd71e46-7539-41af-b9d5-6758abdfa2e6,3604cb0f-317a-4c20-be87-c921f4c56317,2024-01-16,Facebook,Like,Uncategorized
89480374-82ec-44e5-ae61-bbed82bfd5b1,8212a7c7-92b6-4856-9980-08dd8f1ad74b,2023-10-15,Facebook,Comment,Positive
7c7df909-aa25-48c7-af9d-6ebe714b28b6,4526b2ee-7734-49f0-915d-4f8bb95fb724,2023-11-25,Facebook,Share,Positive
68b5a27d-980f-409d-9b64-acc242c86f8e,474a2b83-94b4-4f47-a870-284bfd6cdaa3,2024-03-06,Instagram,Share,Positive
472dd3d5-946e-4c40-804d-110cc6faae1d,4966a362-8b8d-42cd-b73e-d5eb9f607bd9,2024-06-10,Twitter,Like,Neutral
9207fa75-5758-48d1-94ad-19c041e0520f,20320eb9-5f38-41f5-b855-e0a0880d8c46,2023-08-25,Facebook,Share,Positive
f75af46f-9dbe-4565-9adb-b8ca9122b671,137828b3-ba6e-4a24-ad91-ec2994f4692c,2024-02-23,Instagram,Comment,Positive
697c8e16-03a9-40f0-99f7-eddc12cc7f04,60bec0df-ea6b-4da1-ae21-95e0e758eb4d,2024-05-14,Twitter,Comment,Negative
54a1bbb2-9523-41a7-b8b5-9acd08f46da4,f3f1a39e-354b-4248-af20-30339c70ab6b,2024-03-02,Twitter,Comment,Neutral
cb0a2640-ca08-4221-a20a-6fa05b58af18,75fe6889-9421-4130-95a6-cc0056912d28,2024-06-29,Twitter,Like,Negative
23c9a49a-62de-4659-8a96-8e0313f04cad,f715f230-0f10-4acf-9996-5e073fa516da,2023-09-25,Instagram,Share,Negative
3341229f-34c8-44d8-9800-6f383b9843ee,bca58f43-b84a-4f3e-ba0c-04db0014728d,2024-01-14,Twitter,Like,Negative
86c8bcf9-6c61-4615-98c1-2c572d35722d,409272eb-80da-4559-9494-d887f6ed763b,2023-08-20,Instagram,Comment,Positive
76e9df41-7bd5-43bd-b6d5-3869431ffd28,2b4b1a89-81d5-41aa-b7e0-6a81ab7c11bf,2024-06-16,Instagram,Comment,Neutral
03f87e96-5555-4698-8c2b-5e8f59c1cd76,7776127c-0b0e-41b1-a2a6-69b16d9824c3,2023-08-19,Twitter,Like,Neutral
57d07b58-1c57-4f29-a180-459d7928dfc0,1799a14b-484f-4954-b236-c4e791a2946a,2024-03-12,Instagram,Like,Positive
7660320c-8260-4493-b067-e3d2262ba83c,19df4db8-b911-4fff-a454-cbb044c15e45,2024-03-25,Twitter,Share,Neutral
6712eba4-a966-46a5-8f52-26f53054787d,f3c0eb0c-90cb-4811-ae9f-212159e14c0c,2024-04-30,Twitter,Like,Positive
1c188e21-9a0a-420e-a39f-e17691fe17a6,3e069b3d-737d-4283-8437-e18234257462,2023-08-15,Twitter,Share,Positive
b69f9ff9-837b-4582-8187-1f2f28c6e2d2,08a2500f-0783-44e1-88ae-edcc690ec45d,2024-01-12,Twitter,Like,Positive
e9189470-3e2e-4bbd-8fe4-cabc0d75d976,7cd3278b-bccd-4f38-85e3-f4744d99d607,2024-01-30,Facebook,Like,Positive
537e91d6-b4d5-4e04-8964-1ec4cf45dcdc,24dcd3b7-52c7-4d4d-aefb-fe07408883a4,2024-04-18,Twitter,Like,Neutral
bf5570d2-e655-4cf6-a889-cd3deb01b150,4ab92710-13c8-49e9-97f3-6e7f3deda625,2023-08-28,Instagram,Comment,Positive
262a3360-ed1c-4145-a745-3d5ecad9794f,9b274ada-fd59-4e81-a82f-2a2f8b001bff,2023-12-30,Instagram,Share,Negative
2b107ca8-df3c-4676-9974-e9c486f7763e,7f8bdafe-219e-4473-a035-4b6f292d42fe,2024-02-07,Instagram,Share,Negative
62a8fa58-109b-4f81-a035-ba7ce2b39f38,c0fcd0e6-f227-4c7a-8330-bc385e8626eb,2023-12-31,Uncategorized,Like,Negative
2d9ee92e-f200-426c-bea4-ced009f598ec,26176d1e-b513-4421-b6cb-65fed39182dd,2024-03-19,Facebook,Share,Negative
d8a36267-ed6b-4880-a1d6-2c33c5e77271,cb6e6e5c-0b08-4af4-a0ab-3f7a850af738,2024-06-05,Facebook,Like,Negative
420a3a2a-1ac8-46ed-9009-30c3a0e75a3b,32a3fa65-e61f-4d30-9ac2-b06a7b3e08ad,2023-09-02,Uncategorized,Comment,Positive
b56473e0-5c57-4325-94f2-6414db34f557,b406b789-2d3c-49c6-a614-f77663de084a,2023-07-19,Instagram,Comment,Positive
404f9aca-5c0b-484f-a4ec-65ef1b401718,bd50871e-235e-44f8-aaa8-faafaf580b4f,2024-02-06,Instagram,Like,Uncategorized
da210b8b-9cc5-4076-8f5f-597c046ac00b,9e2a776f-b9f3-40ba-ba78-666ee5dd381c,2024-05-23,Facebook,Like,Positive
e8de1a9b-bad9-4f91-b33c-0abd185856e5,8d411a32-ac62-4b15-8477-d76ae7ab9a34,2023-08-13,Twitter,Comment,Negative
a7937edb-0b78-4642-afd6-50e3b4cf66b3,ce82d632-d9d9-43f5-a7e7-f0c99ed0c0d6,2024-06-20,Twitter,Like,Positive
a33b4c6b-8873-48ff-8d29-33f3a3b64251,8912d57b-1b5a-47c8-9b72-6be2493a8e7a,2024-02-01,Uncategorized,Comment,Negative
e40b7ce6-997c-47ed-b2c3-1bb342cb3eb5,7374bfa3-17ab-469f-94c0-d50a16827d69,2024-02-22,Facebook,Comment,Uncategorized
7cb2fd7a-621d-454a-92da-556e6021e3e2,19293544-87ba-4c8d-9633-ef4d49df3450,2023-07-29,Facebook,Share,Neutral
2172c7bf-0780-46ea-b512-112eff96c8c9,76982dac-3f9f-4818-a2ee-90eac30105f2,2024-05-07,Instagram,Like,Positive
255b77a8-7dbd-4d7a-a0cc-ad8b8634ea21,093ed5f9-ac43-4963-8389-f55fa4d5713f,2023-08-07,Twitter,Like,Negative
697c8e16-03a9-40f0-99f7-eddc12cc7f04,d2aeda96-e906-4561-bb71-e456c6afa7ea,2023-08-10,Uncategorized,Comment,Negative
8da1bcf2-03d6-4c67-863e-94f77ad8a850,1ec5abf1-8115-4542-bd57-6c2f605f736f,2024-01-22,Instagram,Comment,Positive
7f39b2ac-eeb9-4198-8950-4e561f743343,589f452b-55f3-47e3-a18f-c5a8e36b4e5f,2024-03-03,Instagram,Like,Positive
40d70488-aa98-4c83-8e41-b30adb59c2a4,89a92e64-c0c2-4762-a43f-a45cd1d57d86,2024-05-21,Twitter,Comment,Negative
7ebb1bd0-ca6b-4090-9351-c4793fdf4bfe,6932d53d-96a1-4b4c-88fb-c102c7713c71,2023-07-31,Facebook,Share,Uncategorized
d809597e-df4a-45f5-aa75-fbb76b0218aa,7a9a7b5b-6823-445d-8d91-a3af056ee67e,2023-10-27,Instagram,Like,Positive
22edbbf4-1eb5-4809-bf75-96d82a60bfb7,14915cde-0751-4433-bf49-d47f20ab0339,2024-03-01,Facebook,Comment,Uncategorized
689f12ea-3716-415e-8a52-fbba91707183,c1f7b9e6-9b88-495c-99ec-cc3ccbba9eb4,2024-05-30,Twitter,Comment,Positive
e793093a-6f6d-41c2-afd5-d0b6bb69aa99,31446cbf-d3b1-4b6c-b79c-e785795027b5,2024-04-21,Instagram,Share,Positive
7120aefc-7d84-4981-b4ec-64e036fba72a,a5104e74-257f-4248-b8d1-498ff97d9f01,2024-06-21,Facebook,Share,Neutral
6c0120b7-486d-460e-b11e-6c8b6dc4770a,c51e21de-33e7-423d-b8cf-c830ab3bee0a,2023-09-30,Instagram,Comment,Neutral
589eff22-1d5d-4138-8b42-ba0507aae51a,c3a11f29-e41e-41ce-8920-f152db246522,2024-02-08,Facebook,Like,Positive
c4dc94e9-3c8b-4dc4-b38b-7eb3c9aa9f00,5bbc8e7c-d28e-4aae-94d5-14a4a325bd70,2024-01-30,Instagram,Share,Negative
7e280186-770e-4c4a-b330-73dd471f956a,793d7885-c8d5-41a6-bc2f-6d88e3a8bbb6,2023-07-02,Twitter,Comment,Positive
97bce874-b534-43c8-a49f-563dabc968bf,c7578427-9512-42ee-bfd9-c219f15ab0ac,2023-08-11,Twitter,Like,Positive
3e6a326a-f09b-47a2-8d24-3f69ac0a119c,4e539a4b-3b23-4c1a-aa75-828ed9c174e1,2023-11-03,Facebook,Share,Positive
4221b3e2-b488-480a-a819-42969646c3fb,7e9764f3-a076-4bd2-866d-3679a819f11f,2023-11-21,Twitter,Share,Neutral
99462720-beca-4890-852e-79d16990f055,ec22cc0a-69b0-40c4-b578-1e318cdb9de6,2024-03-02,Instagram,Like,Negative
9fc2bfa2-6dd0-4557-883b-18c88361a277,cbec4cf2-d9d2-48ef-8e32-87dc1f5cbc73,2024-06-12,Twitter,Comment,Neutral
a6cdffb1-b3cf-4aa3-af54-e42be3a8c260,728d17f2-8b2c-4ae3-bc5b-334b6b94b32a,2023-12-02,Twitter,Comment,Negative
50118139-7264-428f-81cc-a25fddc5d6dd,afb75701-7c47-455f-ad33-42ab67a46bf6,2023-12-06,Twitter,Like,Negative
23b20ba3-dc64-48b2-9263-391c044bfe4f,b3e3cfcc-5e87-4b87-a84c-008e8fc58c57,2023-11-09,Facebook,Like,Negative
31a64c59-e32d-4d9c-ba9c-f308acd78daf,994c8ec0-99e8-42b9-9ceb-24ac6b3e6d8a,2024-01-15,Twitter,Like,Neutral
f0d87968-72cf-4817-b871-c8812a52c570,b6dd8200-9ed6-4551-b8fb-b6dee8c5dc24,2024-04-16,Facebook,Comment,Negative
6d8e562b-b51c-47b5-9ff9-18b624030aab,187906a0-3a8d-42aa-8b4e-a58a3faa0c07,2024-03-05,Twitter,Comment,Uncategorized
d351a939-0f64-41bb-91d3-5a90b091c928,e1461734-56f4-4f22-8787-d3769a8d7d99,2023-08-14,Uncategorized,Comment,Neutral
ac0248f2-5af3-46f9-9cec-2fb5a478f47a,cde7991b-e4fa-4261-942e-445bd7f20b68,2024-04-05,Facebook,Share,Negative
8895020d-182f-4965-b790-0e11ba1063c9,637ac2a5-f354-428d-97cc-5635fa3cfd06,2023-07-07,Facebook,Share,Uncategorized
afc2a89b-0b66-4b13-83d0-54cc54e5dae0,e5483266-d292-4247-91c9-68ad408ea723,2024-02-04,Instagram,Comment,Positive
9af1e27c-d8ef-446d-a941-3991c0cff209,1e7a0ca2-046e-46b8-8528-8c3b709706e2,2023-07-03,Instagram,Share,Neutral
75d01200-b9e2-4487-86d0-affb634392ab,b7a30f31-fba5-4603-98a4-a0ac12f8a7da,2023-10-05,Facebook,Like,Positive
331aa308-0011-4df0-80c8-83768817c3fd,e8d7a758-835b-4a83-8fd5-c8275002bffa,2023-10-10,Facebook,Like,Neutral
3c14e099-dc0a-4772-ae2d-524e33d81033,f21e6a03-8a5c-4d61-9ef1-53d86055d731,2024-06-14,Twitter,Share,Positive
f8df7ba1-4e72-441f-b5fb-40b84666e1fd,25103abc-9b10-4971-b732-0f115e632724,2024-03-30,Instagram,Comment,Neutral
b22ea045-5ad5-47fd-a03a-6657307f82bf,e7c1df3f-1048-4953-ad58-bbb6e62a0641,2023-07-26,Uncategorized,Like,Neutral
68afa4cc-e2d5-4150-b358-2e14e7508721,0942889b-a3a9-4039-b4b0-12fb8714c95f,2024-06-14,Twitter,Comment,Negative
8f95b24b-b425-4717-83ca-c2fccb6a6ea5,d11de12d-45ba-4974-95f3-db3f7ef2cc30,2024-06-02,Instagram,Like,Uncategorized
09db9681-6875-42ce-bdf3-b9cc13a8eb54,ab948cd2-94bf-4f04-bfb8-e54d3cc72d26,2023-11-11,Instagram,Like,Uncategorized
409c8d3d-63e6-4280-a699-91933c1eee73,7d1fbf60-6727-4064-9e95-0923e29132a6,2024-04-12,Twitter,Share,Negative
af70b9ee-0a2d-4c3d-b4ce-579ac96a14b2,a24b1884-a2f5-4237-892a-d57c6d58a62e,2023-12-02,Facebook,Comment,Positive
d45f2c3e-51ee-4f18-b761-b61a73fb8306,ddded684-3b38-4e63-835c-9ab16d6f6c9e,2023-12-11,Uncategorized,Like,Negative
8b01dabe-8fbe-46b0-8684-d7cc59a613ba,cab711ac-88e4-4693-9e90-7914b4c3356d,2024-05-15,Uncategorized,Comment,Negative
4d866e12-9820-413c-a5f9-e3a95d8d82b0,f52fff48-0fe8-4fa0-9bac-f7dbe83b81f1,2024-05-09,Instagram,Like,Negative
a0269f78-16af-4957-a09f-e99b2a0b42c3,417764dd-903a-4e12-a3c0-775fda67f9d0,2024-01-06,Twitter,Comment,Neutral
f2993ee7-a515-46ec-84c4-115ce0e6ac44,c67c20da-0b40-47e0-91c7-ae48d1bf92eb,2023-12-16,Instagram,Like,Neutral
f5980550-b834-40f1-bef6-9341ca473d08,8f6f58d7-002c-4e95-ab9c-343e280ac867,2024-01-20,Instagram,Share,Positive
181df381-a7e6-4382-9d05-df46b8cd042c,49aa34b5-3bba-4286-a757-2ee6cf945076,2024-04-10,Instagram,Like,Negative
0cf298e7-5527-497f-b764-90599766f2a3,eddd732b-070e-4336-a301-e844b00f6e28,2023-10-02,Facebook,Share,Very Negative
b8749ac7-628a-4fc6-81f4-8fd885fcca3c,5f5e8652-959d-43f3-92b4-02610f10df87,2023-11-09,Facebook,Comment,Neutral
a5537b15-92da-427b-bfa6-287f24e8c371,feeacc0f-d268-463b-b07a-7183cce6e7db,2024-03-22,Twitter,Like,Negative
d4d23018-9ee4-4ab4-b9e7-f13ae2e3e1c7,968e368d-686e-4229-a00c-ebd34e98f721,2024-03-09,Twitter,Comment,Positive
f2e3736b-2014-44ef-a28d-597330b00882,e4751048-b879-48d4-9bb5-8710bf459ae9,2023-08-22,Instagram,Like,Negative
812dde02-d36b-4bfe-ac08-d5323d810ac0,19e1e37d-24d2-40f1-98ea-5f6ad99159aa,2023-11-10,Twitter,Like,Negative
e61caa35-25d3-4132-8e2a-675d36c3d9d3,04416209-7f38-4d62-81e5-0631d6872a7f,2024-03-03,Twitter,Comment,Positive
d79f6ce9-0373-42e3-a016-984ba61188ce,1ba1c0d1-1967-4a54-bb11-7b172c420695,2024-05-02,Facebook,Like,Positive
3e6a326a-f09b-47a2-8d24-3f69ac0a119c,e0f5573e-0068-4159-a139-d7398a99e36a,2024-01-07,Twitter,Share,Negative
5db2e5ed-d30c-45db-b5f1-9db8008e178b,012dbb2a-3fbe-4b98-aa69-0304704db3c2,2024-05-26,Uncategorized,Comment,Neutral
1d623917-5083-4420-99bf-79b1816e881a,df2f84a2-69f8-45cf-9014-933c044376cc,2023-12-18,Twitter,Like,Neutral
f8b81878-73cb-4468-9601-5242564e8bef,8e006adc-65e4-4af4-b285-e018f233fb4c,2024-03-03,Uncategorized,Comment,Neutral
4824bfa4-0e82-461c-a6ab-4b79b8b3ee39,2157c118-fd1b-44e2-ac9a-4b092ed97b37,2024-04-06,Twitter,Like,Neutral
53408519-26e0-465e-bd85-3da3424c147e,52cc39fa-57c4-4e9b-ae76-4378a3ef8622,2023-08-04,Instagram,Share,Negative
b209dd08-f3b3-471e-8616-467021121966,049dff65-c5b8-463b-b41a-40b1102b2111,2023-11-29,Twitter,Share,Negative
9f5559c7-88ea-44e2-b7f4-39d44a8eba60,065bebda-44fc-49a8-b305-857d7adf65ab,2023-11-29,Facebook,Comment,Very Negative
eeebfab7-8917-4eb2-a187-fae698d2978b,ae90c538-8eec-4a32-ae80-7e20f5fbaf50,2023-09-20,Uncategorized,Like,Positive
7660320c-8260-4493-b067-e3d2262ba83c,ccf0a22e-00f8-4647-8a9e-ae01804b7747,2024-01-22,Facebook,Like,Positive
03d020b3-45b7-4afb-ac37-223524d2e652,4e96b2e0-80ae-405f-bda3-79670c5aaba5,2024-05-21,Facebook,Comment,Positive
44351274-c7c0-46f5-9c30-7b1fc22b590e,a5eccf08-836f-4008-a037-cdce59305daf,2023-08-21,Twitter,Share,Negative
cf5e534b-1b96-4260-86f5-3bdfa7333ff0,cc07eb35-a12b-4b82-87c2-5756194b43b3,2024-03-28,Facebook,Comment,Negative
edbc4b21-e53a-4f7c-bf1f-7dc9f9557ca5,9bc1c8a6-e0a9-4cd6-9e98-4e7d8dd1f492,2024-03-24,Instagram,Share,Neutral
b779c476-9543-44ef-b23e-72fd407bb706,8d9229ae-dbe0-4173-a2b1-fa3bf4b509db,2023-11-09,Instagram,Like,Neutral
9fc22cf8-1f95-4bc9-9220-044f9757a473,db4307a3-b5c7-4bef-8dd4-13910fd8f65a,2024-02-13,Facebook,Share,Neutral
cf5e534b-1b96-4260-86f5-3bdfa7333ff0,59918f74-e270-47cd-913e-1c691b50be37,2024-05-28,Facebook,Comment,Positive
7f010694-f12b-402f-bd02-6afa18b0fae1,242a4790-d6a9-4c1d-a71a-126886ca856d,2024-04-12,Facebook,Like,Negative
d6fe4961-6886-49c3-b6be-07bab52aa19f,9ef3be0e-6d68-42b4-920b-29a9b8ce7534,2024-04-22,Uncategorized,Like,Positive
25feddf4-42a5-47b9-8b95-ba74f0c0ea9b,685d8739-d307-44c6-929e-7b9b703601b3,2024-02-12,Twitter,Comment,Neutral
32ea36b7-323e-451a-8b46-7c3540e03d4d,249accd4-4fb3-4755-be52-cdcdf9ad2c4c,2024-02-11,Instagram,Comment,Neutral
2cecde18-be4f-443a-9e48-fc7013fce734,daf39dc1-6012-4c42-8c6b-a58b0d2a3b30,2024-05-21,Instagram,Like,Uncategorized
e06f0e16-8e48-483b-b103-9f105b139ca8,071a2657-12a8-4216-9c64-baf9ab5c9420,2024-04-30,Twitter,Share,Very Positive
c51a0615-0139-4cfb-84f7-0c5f12c7d9b8,c50cf305-0ea7-44c7-afa5-635ac54036d6,2024-04-19,Instagram,Comment,Positive
36d3fae8-8b8c-4f92-8449-f31f1d1507ba,3aa6163e-4347-4ba2-a4a1-921c4ad318b3,2024-01-11,Instagram,Share,Uncategorized
ea7308c9-73f0-4539-8139-b12ecad3575d,feb03076-5e8c-4ca7-80f8-1f4a73abf311,2024-01-04,Facebook,Share,Positive
9bdf4403-1e6a-4b6c-8556-a58e26591bd2,2e6307a8-6f8f-4d7e-a9e6-8f7fe237ed6c,2024-06-25,Instagram,Share,Neutral
f3fa82c6-4086-4756-96f8-eff3ea337f59,acaa4902-965f-4f12-97fc-c8a89fc9338d,2023-07-23,Facebook,Share,Negative
c3e01fbc-6b50-4d9b-a4bd-fb51a2604b89,e525a91a-dce9-48f9-b542-a05342cafda3,2024-03-30,Twitter,Share,Neutral
97245577-2a94-4929-be69-e2dafa5af66d,d84eda24-7599-4c1a-94a5-edba98e42f3b,2023-11-27,Instagram,Share,Neutral
a26416d5-adad-4ab2-881e-2b79b39896b2,d5d635d3-037c-44df-a1c6-25c6a980b4b9,2023-12-16,Instagram,Like,Positive
3cd2663d-689b-438a-bcf1-47a311955e35,680ea3f2-b9a1-4dd1-9ca5-60091336dafa,2024-05-04,Instagram,Comment,Positive
a8a7ca84-eb94-417d-a539-47f086159f3c,d3a25749-3dd4-4bba-88fd-337f63473749,2024-06-01,Instagram,Like,Positive
812dde02-d36b-4bfe-ac08-d5323d810ac0,748f573f-c75d-4e37-84cd-f275366d90bc,2024-01-02,Facebook,Like,Positive
588c9d82-2e86-4652-92ce-35d99355e561,1e44b3d3-5bc2-42fe-a468-c262ee26abe6,2023-12-14,Facebook,Share,Neutral
99aa2615-17e0-47c8-915d-3ec0250aba6c,dba10e39-d33e-49b9-99fa-77fd8bbb436c,2024-02-19,Twitter,Comment,Positive
00c60c9c-6cb7-4259-84c2-7bbe5da2bf87,ae8d705d-9d4f-45c8-ae96-c0d0f72f2fbf,2023-07-04,Uncategorized,Comment,Positive
33410797-fbbf-4d7e-ad1b-db2544d1b122,ffb93898-255b-4209-b85e-7150658b4057,2024-03-29,Instagram,Like,Positive
ce641770-fe31-4320-a990-6727108bc6fe,640a4700-e7d0-46f5-a3c8-a48b9171f9f2,2023-08-09,Facebook,Comment,Uncategorized
61434f1c-5389-463a-a76c-b96b2098b7f2,8783e96e-2282-4974-847b-a873d8ad3524,2023-09-12,Instagram,Share,Positive
a14c5d2f-87d8-4caf-b91e-ab6865872c37,8097b9ff-2030-4d36-8df3-f8e12efa3702,2023-11-13,Facebook,Share,Neutral
2ae65f5f-e0e7-4e93-bde5-f8cf2f1430cd,11dd7723-91b3-4f60-ac28-8082196c2194,2023-09-10,Twitter,Share,Neutral
d60227d4-2d7b-48dd-9d91-44365360dd82,f8a1ffb7-9e5f-43da-b02c-f503fb57f4c3,2023-12-27,Twitter,Comment,Neutral
f54846a5-1d80-4498-a956-32ed51018f4c,1c0eb27f-2a14-487f-a6d8-4edb20b0cdaa,2023-07-24,Twitter,Share,Negative
92d8fe98-faee-46c1-9fb3-b860fe226236,26a38185-e537-4ef0-a7eb-9ae203c9de55,2024-02-03,Twitter,Share,Negative
1756838b-8368-4852-b4a5-32a23643a3dd,2f50ca57-f930-4d3e-ae08-9f3b26c7f148,2024-06-16,Facebook,Like,Neutral
b791d365-bf14-43ae-9939-aabd2c982866,6e11212f-836e-4626-8ca1-8b0c1fb11470,2024-04-15,Twitter,Comment,Positive
554a56a2-12f8-4e57-a08e-706b37aabb1f,f7357384-ea1b-49e8-93fa-d2537ff4430c,2023-12-16,Uncategorized,Share,Positive
96a58a16-97e1-4ea9-99c0-4fca0b9a6341,f82b4621-45c1-45e1-ae85-ad0a1ddb002c,2024-04-04,Twitter,Like,Uncategorized
e8da7080-5d5c-4082-bb97-87d865a207f3,f5c81875-582e-4a54-9d5f-497d9d0044a2,2024-04-13,Instagram,Like,Neutral
153e984c-d96b-4749-b0b5-ca0f7490a048,63701303-5eb3-47d2-9bb6-544e452da2c4,2024-05-06,Facebook,Comment,Neutral
9190bec9-2cbb-4b52-b9e0-263afc6bc0b8,9852f437-cdd4-428a-acfb-be61569d6319,2023-08-22,Uncategorized,Like,Negative
d60227d4-2d7b-48dd-9d91-44365360dd82,a985e8aa-821b-4582-9a56-5b54287134a5,2023-12-27,Instagram,Share,Positive
92012350-c38f-4911-987b-6c574e4826b7,d957cd44-ad36-4740-9841-e15477b78795,2023-08-27,Instagram,Comment,Neutral
f381038c-b3ed-4561-84b1-0f60d4afb6c9,71f41a3d-9d14-42ab-b725-d759dfb89e40,2023-12-04,Instagram,Share,Negative
ce5437b0-66af-47b2-aa68-423d3b15685d,fc7ddc51-24bd-4f7c-a395-8bc9f0ebef29,2024-06-18,Instagram,Share,Positive
b990c65a-3491-4687-bf14-4613e85e5b4a,0db54070-de6b-434b-9aac-637d5b896fd7,2024-06-29,Uncategorized,Share,Negative
c2dfeabe-5bc4-4013-838b-3a34ec97efad,44c70b1c-c973-4f20-95a9-b2922d94dd55,2024-01-24,Facebook,Share,Positive
2082457a-0e0b-41a5-971a-a4896e094663,bd0455e2-b912-478b-94aa-1ee8f807e838,2024-06-23,Facebook,Like,Negative
bd7adcbd-3b61-4142-8f11-2975f7551279,084e6054-7be3-4da1-aad3-c62068b42fb4,2023-08-29,Instagram,Comment,Neutral
1ee3bb5f-94ab-451d-89bb-9f1180ed009d,0fd817ae-3d1c-49e3-aa47-49124629fc93,2023-07-02,Twitter,Share,Neutral
c02fb802-65f0-48f9-93a7-17d2e1275556,99d62e3f-1240-4ea7-9a7a-c314d00ccf92,2024-05-13,Twitter,Like,Uncategorized
7e633526-86ba-4795-8d80-a79b26014c0d,1e3f5992-7310-4603-a403-129c0a2a5c66,2024-04-08,Facebook,Share,Uncategorized
8f61e984-4fa5-4941-95ee-e42c92758e02,2019162a-57fb-4d94-ad92-5bc55a62b478,2024-01-11,Facebook,Like,Positive
20f360d6-65c8-4295-98f7-282d3a089d77,7d418382-1b01-449f-87c4-db713c1b831d,2023-09-30,Instagram,Like,Positive
ab0ff3f2-c413-41cd-a69d-9ec090b6739b,366681c5-6434-4bb0-ad7b-fa2be8e57b52,2024-01-04,Facebook,Comment,Neutral
2f3e0093-5f1f-493e-abc3-80fb29363656,4a675c48-56bf-40e0-8d7f-acb17d2d03b6,2023-12-06,Twitter,Like,Neutral
11c5d27b-7d65-4970-9ce0-960fa35a1f5f,6fdb8714-ce22-4cd7-80c9-b2d2399e9272,2023-12-27,Instagram,Comment,Positive
533b0ffc-a629-4763-8e6e-c2324e6914d7,432cedee-82d4-4cf9-a80a-28073d49ad3e,2023-07-23,Instagram,Comment,Uncategorized
6e3e8eb8-bc0f-4ffe-9f74-5d5efec9502f,24017054-74d6-4579-abc2-0665046f6dc0,2024-05-13,Facebook,Share,Negative
3afbecff-d6c3-43a5-8533-b4bf714f51de,85c6a8c1-df5b-4eb1-82c2-9741e3f1cd53,2024-03-15,Uncategorized,Comment,Uncategorized
5a0cec22-9828-4fa3-88ec-435606899c30,b2543960-0688-4c13-96d4-842217c0cb93,2024-06-21,Twitter,Like,Neutral
c39b1fb1-7f69-4631-9279-b8051420c444,afe55f17-b249-4212-8a25-d0524d5afa4a,2023-08-13,Instagram,Comment,Neutral
131e14c8-65bb-4559-9016-d0a0c4fc64e9,b5019916-45a3-40cd-a953-49da37a9c1a9,2024-06-27,Twitter,Share,Positive
5be46961-3dab-4faf-802f-8f0f9414e039,5b7a0869-459a-4f5b-a915-c085231a3d39,2023-12-15,Twitter,Share,Negative
1bdeb580-975a-42df-8248-fbb7d027d23e,c746afb4-d48a-407d-bb50-8f5c8aff7868,2023-07-11,Twitter,Comment,Positive
9c52add6-d6da-42b9-be78-9a5d2d771aec,3b944443-b544-4fef-a974-a763f95115e4,2023-07-19,Uncategorized,Like,Negative
d64b0c8d-1831-4b29-baa2-08c4d5c3a0f9,fcda08ff-f657-4371-adf0-16ef282c59ae,2024-05-10,Instagram,Comment,Uncategorized
c13169ba-5d3e-4cb8-9ffd-dfd1ade233a8,0cb30de1-edef-4421-89de-5a2c1dcf04b9,2023-07-13,Twitter,Share,Positive
32a6aab3-13d2-482e-ab35-d6bffcee7799,ae10e877-c5f7-4012-b780-f8c451d03d57,2024-03-14,Instagram,Comment,Neutral
2fb831c7-4ce9-435b-959d-3f69e179a6bf,1334b10c-320d-4cd2-bc0e-f2434b6783ed,2024-03-04,Twitter,Share,Negative
a6cdffb1-b3cf-4aa3-af54-e42be3a8c260,13d8a4b4-94a1-4825-9c81-b3da7eb27fe2,2024-06-30,Facebook,Share,Negative
471c3204-b4bb-4f9b-8b2c-29a2caa9e7da,c8bd1ac4-8a3e-4cca-8caa-b0ebdb276772,2024-05-24,Facebook,Like,Uncategorized
75d01200-b9e2-4487-86d0-affb634392ab,30509944-9298-409f-87dc-23dd7190fab7,2023-10-29,Facebook,Comment,Neutral
6df49541-947f-4657-8ec6-6a1a5d6f033d,6d1d8709-ce14-43bb-8542-4cd1a1f7302b,2023-12-23,Facebook,Like,Negative
1eea3d52-fd1a-403e-8e70-7919dca848ee,b0da5967-3278-4e04-bebf-a80ee0dc2c26,2024-04-10,Facebook,Comment,Uncategorized
0ef84cc6-0b4c-4c56-bdaa-d6b725ccc08e,a003fefc-d236-4f34-8756-b6ea3fe71e5b,2023-12-29,Instagram,Like,Negative
4ce980ee-f71f-4d5f-9fae-d097c78785aa,cf5dcff5-5b23-470b-b5bb-5dd79d49619f,2023-07-28,Twitter,Comment,Negative
48c379ee-e82e-494c-ab4b-0d813a8b9884,7c364728-f5f1-4200-84b3-df672353f2d2,2024-03-13,Facebook,Like,Negative
8f60f9a2-af9f-4d34-9b31-1b572d58b17b,803aae98-e6e6-459b-8788-51ff9c2ce1e3,2024-02-25,Instagram,Share,Uncategorized
64b89b9e-1cf4-4b42-add8-94b7ec861f1a,a1f36844-2e47-4bab-b98f-46182e78af35,2024-02-20,Twitter,Share,Positive
0b112fa1-e37c-4493-b4ff-64d56b4e3526,afa48b2e-93dd-4df1-8764-b4d3a1ab4de2,2023-12-18,Instagram,Comment,Uncategorized
29b0d097-a024-4afe-9b54-cce47df42f6c,bd99c567-916b-482e-b1ed-db930c18c68e,2024-05-25,Twitter,Comment,Negative
fd7e416c-1740-490d-b816-d909294eaa21,1d1c2f54-2b21-4004-a2ca-2983b01b0242,2023-11-30,Instagram,Share,Neutral
4a75d71b-1263-43c3-9533-a0b94f50fee0,02fe2369-cc53-4053-b8c3-5c29f98087dc,2023-09-19,Twitter,Comment,Neutral
acffc73f-c2e5-4760-82d9-6b98b0066a8c,8308b59e-5318-49c4-93c3-4cb9568d1942,2024-06-27,Instagram,Share,Positive
3ea377e6-1156-457e-8b4e-71fa6663e6bf,9996e3b4-8270-4b04-a675-e00fe91dd835,2023-08-07,Facebook,Like,Positive
253fa70f-a41b-40c0-8958-37f3b5e204e0,a05ab50a-33d7-4c59-abd7-f67cd4787757,2024-01-11,Facebook,Share,Negative
328e739a-ddac-4661-97aa-76b8ee47e373,b093302b-b008-4751-a1ac-1516363c9e6e,2024-02-16,Facebook,Comment,Very Negative
c0bac7ce-a529-4c71-912e-fe63f475b8e9,71887561-0ead-4ab1-b57d-cf2d457a7577,2024-04-10,Instagram,Comment,Neutral
f843cc6e-c50f-439c-a21d-041b211c07a9,17b9f560-43c3-469e-a8e9-55396009d0f1,2023-09-25,Twitter,Comment,Neutral
890a5374-7eb2-4359-8912-392d250cda7c,f57e2c1a-105b-4665-9fb9-128a988695b5,2024-06-03,Twitter,Comment,Negative
c00d08be-e282-448f-91ef-7c236e320404,cc224fdf-7410-4aa7-a274-bde5c0e0a4f5,2024-03-10,Facebook,Share,Positive
3330dbb6-1b22-4fe5-a4b5-0e5ce39d8591,2f60af10-76c7-4f9c-8af5-6d86232bdb82,2024-02-13,Facebook,Share,Neutral
37a8ee69-e419-4e15-a2dd-215b57b3ba67,d840fedc-0b3d-4e48-8029-090487137d00,2023-12-10,Facebook,Comment,Negative
a89a9ca8-afae-4f78-9dfe-514d9d8e5735,761664b5-f51c-4e94-91a2-ae8b73daf38a,2024-02-13,Instagram,Comment,Neutral
0633d4dd-14d7-4462-b210-59de9d63bef5,b0a67eef-ef38-4177-b7b8-33dbcadf9c38,2023-07-14,Twitter,Like,Negative
13ac9037-7cc4-4585-8329-34a338044f38,4d39f214-475e-4a75-8fcd-15f77a09e8b7,2024-04-17,Facebook,Comment,Negative
d809597e-df4a-45f5-aa75-fbb76b0218aa,35fb7777-5b6f-44f5-b06f-cfbbd4f931cb,2023-09-15,Instagram,Comment,Neutral
a0d6d267-5374-437e-9d14-2f781c3170c2,45f3db62-274e-42ef-80e9-3afeef7deee6,2023-09-28,Twitter,Comment,Uncategorized
dcaa94ed-6696-4caf-8d00-aca84e701e50,3e33a009-37c3-4979-bdc9-767d0fcadee2,2023-09-14,Twitter,Comment,Positive
68afa4cc-e2d5-4150-b358-2e14e7508721,3109ae64-81df-4a3b-a2d3-be71caa213f9,2023-10-19,Facebook,Share,Neutral
fd35b6b4-ad1c-49cc-9c34-8c2d696f38e2,3817f1ac-5210-4523-b5af-12557471bb3d,2024-03-22,Twitter,Comment,Uncategorized
984d1ffa-8789-44f8-9a59-3c82e4d1d9c4,716ddec5-48b2-4cf1-bcb7-5dbaa1755c4a,2023-11-27,Uncategorized,Comment,Positive
99d38969-3c5f-4387-bb49-1ba429f7acae,70eb65b7-04a6-4da8-bcea-2206484e246a,2023-12-30,Uncategorized,Share,Positive
8d8fe8bd-2009-4a15-be37-83dba3cef447,e8f77fe5-7973-4286-a0c4-c7e259159ab0,2024-02-08,Instagram,Like,Neutral
dff72d74-6b17-4e1e-a904-6b8823b94a06,60037cd5-c1a8-4302-9e21-e4713500fc54,2023-12-27,Twitter,Like,Positive
e8621a96-7c59-4079-88b1-b6ebd790f1b6,6b68df6a-3edb-468c-af69-e8108601b172,2024-04-02,Instagram,Like,Uncategorized
02b1b8cb-bc72-4ca5-af51-05e16bab084b,95089a35-9137-4706-acba-7c4d999f9b9a,2023-11-30,Instagram,Comment,Negative
c655d6d2-58ed-4584-a015-4f280e2c192f,e47c4b91-c85c-4607-8927-db0329be77db,2024-04-29,Twitter,Share,Very Positive
91ad2b3a-d2fe-4146-a0ae-cdcea44622c9,ed1b7edb-f149-4396-afd0-92c39bbf2869,2023-12-22,Facebook,Share,Neutral
527e3928-a848-4f61-a9d9-8c3cf8ce62c4,bfcb0583-2b39-416a-a0f1-5ec4ea31d076,2024-06-18,Instagram,Like,Neutral
c510c51e-77c1-4e2e-901c-b24996c6e3f0,87aca2bd-79b5-4be2-b123-6c2fb072dd67,2023-08-13,Twitter,Comment,Positive
2bdd585a-301b-4935-a32d-295b34e81010,46d15beb-4e8f-4dfb-b2ac-4e0c45f752d8,2024-01-18,Twitter,Share,Negative
e4ce98e6-81ec-48c3-a198-813996dfdf1b,9f3ddd15-9afa-4047-8ad0-d59929b999b7,2023-09-27,Facebook,Comment,Neutral
ceaa7320-d177-4067-9582-3811c3929178,06e05937-cc6d-43e1-8cb0-f924d91923af,2023-07-02,Twitter,Comment,Neutral
f213d3a3-0a7a-4889-b80d-5bcced6d7201,7f200564-58a6-44c6-94e3-cdfbe5d4d96b,2024-01-20,Twitter,Share,Neutral
ae0b84ca-a55b-424d-a556-40e89db2e099,ccc6dcd6-71d7-4874-bf7e-e39e5341df89,2024-01-24,Instagram,Comment,Negative
acf67b6a-1e28-4800-9f4e-71e803133d8e,00bdf2b3-3198-4d27-a424-4794025bd162,2024-05-30,Uncategorized,Like,Uncategorized
277d7dde-f587-4238-93da-37c90ea570ab,ab96af4c-6e4e-47e7-81c8-054338b67759,2024-03-30,Instagram,Share,Neutral
2cbc0b12-8048-4624-8149-0c9cd0920e35,a4d0c130-08b3-4ee4-80d3-8fc9a2f959c8,2023-11-12,Facebook,Share,Neutral
4c95e2ed-ec52-41cd-8258-01910de21d71,52286720-5307-4f5a-b70a-8f0a304e84d1,2023-09-15,Uncategorized,Comment,Positive
b2859f73-c572-4bb7-90d7-51e5cc6747eb,ab40aff2-f009-40d8-b42f-65777c63cab0,2023-12-16,Instagram,Like,Positive
c2dfeabe-5bc4-4013-838b-3a34ec97efad,cca8d5d1-b9a5-4bc4-a0aa-15a6dc82cc65,2023-11-30,Twitter,Like,Positive
3059a890-f9e7-4973-8f4f-be7e1d8d0634,64af808d-27f9-4e82-a857-db2229c433cc,2023-10-11,Facebook,Share,Negative
4aab54a1-b555-48ec-9b0f-0e87abdcc45b,9d1c5ea9-1495-4c06-a06e-94e8376a3df1,2023-09-25,Twitter,Share,Very Positive
76f1f27d-869d-4a4c-9c90-0cfd08917e83,879fb815-6273-4eca-a1e2-34f74428534c,2024-04-23,Facebook,Share,Positive
3afbecff-d6c3-43a5-8533-b4bf714f51de,7f04cb44-c1c2-4784-b4b9-c0bb258ac68a,2023-09-27,Twitter,Comment,Neutral
11015464-f408-48d3-91b9-4d7c3de1f494,d1b2351f-75f8-46ae-871c-111f7c901306,2024-06-21,Twitter,Like,Neutral
9cce68d4-6fd9-41ad-83e6-42f2bb1fd6cd,f71ad9a9-455c-4526-aa81-943afd932266,2024-04-21,Instagram,Share,Positive
104bf67f-1567-4f5e-b41b-64b230b1e898,9c6600a4-4127-4ddb-ac37-bfb8ffb42bdc,2023-09-15,Twitter,Comment,Neutral
76d96f89-e423-4468-bd4c-5f20037bb251,18b57e1b-0eb1-4692-9cb1-4604168f1c91,2024-03-29,Instagram,Comment,Positive
79800b63-a83d-4f32-9654-a869ca5b5ca8,85aa65be-4686-4079-b27a-1cd1fad1ba4d,2024-05-19,Twitter,Share,Negative
86afcf3f-ef6e-462b-84fb-589fddee7d49,e3473cb1-f7e3-4f8c-91b4-1d79fbbcad48,2024-02-15,Facebook,Like,Negative
cfd54725-4901-4a70-862f-2da2113346cd,6a8ac7af-b046-4a73-a926-5ecdbe280124,2023-10-11,Twitter,Like,Negative
5014dbd1-4580-427f-a1ef-32f1989687c8,6e175056-2211-4943-b2ca-981fa379ea80,2023-09-15,Instagram,Share,Neutral
b997c175-798f-4376-b922-812f74e38986,a6c6f813-6e16-4995-ad9f-6d8a3bf7a085,2023-12-17,Facebook,Like,Positive
c74dc709-15bb-4652-9930-1c5f5897bfe3,93fb1dea-14cb-43a5-8daf-382c3df0805e,2023-10-20,Facebook,Share,Uncategorized
6b6cd86a-d0af-48ab-ada5-e596f726cffa,14fa9e57-505d-45fe-81ff-cd43c672989d,2023-09-26,Instagram,Share,Negative
f8c0198a-5f47-4bbf-b9e4-e8a4dbf4380c,cfa04f5d-8d20-4582-bc0f-0074741925c1,2024-02-26,Facebook,Comment,Uncategorized
7ad2f808-14ec-407a-9485-a0a140891701,509dde18-6063-41d8-b4a2-abbd4c4869ad,2023-12-23,Twitter,Comment,Negative
1bc7f7da-3a8f-4df1-a411-c7c1d9a794fe,cd9c7c53-eb70-491d-baba-f570d95ebcef,2023-12-26,Twitter,Comment,Neutral
4d20c2b1-2f8a-4066-902c-bd068c2adccc,e5be1d7a-fdba-4e91-8674-577ac01cddf0,2024-05-16,Uncategorized,Like,Positive
93e30b51-c0cc-40b1-82cf-7478d75cac87,c6cc8995-f947-4842-a58a-17588196a15f,2023-10-16,Instagram,Like,Neutral
0d27c7ac-346c-454f-b37d-75fddef246ad,81bef40c-8d7e-4b8f-adc5-cec20db2a988,2024-06-17,Facebook,Share,Negative
d9ebf03c-6e01-4a50-9db9-58681d604dc0,95a005ee-12f8-42a4-8787-88bd7258f7c2,2024-02-07,Twitter,Like,Uncategorized
da548c02-b512-4343-8819-4a2a6b7f062c,fc297451-5327-4fc2-bec1-becb9c8e572a,2024-04-04,Instagram,Comment,Positive
b836eea2-4914-429c-af83-8f51b24a8a5b,2f0276ba-3115-493b-b746-890d4d3d504a,2023-09-07,Instagram,Comment,Negative
0b4b34dc-3ae8-4943-9f47-f27482de26a9,abe6f89d-46ce-444b-8b89-ab090718e637,2024-06-21,Facebook,Like,Neutral
012ae657-f6e3-4ab1-aaf4-f93ae8962dd9,16e0bbb9-4baa-4ada-9454-8779a2b7aa80,2023-11-17,Instagram,Like,Negative
f05ec030-ac96-417d-a73c-e3ca3adc1a30,53628b30-a8ff-4e58-a1e9-1685bfe68c5c,2023-08-14,Facebook,Share,Positive
e66af974-8c25-44b9-af2e-d200074e6625,ec84f759-3cab-444b-95b5-3cdfcda90756,2024-05-17,Twitter,Comment,Neutral
5711d1af-71f2-4b99-a965-3ffdc39d32c8,1c2f510a-5ab5-4575-8f62-8ba8decf1302,2024-06-29,Twitter,Share,Uncategorized
36bc83c7-adc6-45b8-960d-685e9d19661e,e982d98b-3538-4bae-9539-7e7cdf258022,2023-12-05,Instagram,Share,Positive
83355281-fda3-4776-9f9d-a812243c3b56,7e59c589-907e-470b-a502-ae66ee32aa01,2023-09-28,Twitter,Like,Uncategorized
7896af42-ad39-42fb-97a4-306df323e008,269e8407-9d70-4415-8a07-47d36df3a70f,2024-03-27,Facebook,Share,Negative
ecb9513f-fa9d-432c-996e-87fb80dc8827,f2b749c5-799e-40d2-a094-de2399666b13,2024-05-25,Instagram,Like,Negative
d4cb7a18-92f4-4a0d-96f5-584e0c1cab53,04200fa0-afa1-4b94-8f27-aea06a02c9ae,2023-09-30,Facebook,Share,Positive
4d348827-d2bd-4303-99aa-97a2ce15563f,0ad036e6-fb22-48bd-8c55-6df41fdbbbe0,2024-02-25,Facebook,Comment,Neutral
da4a5384-df66-4e75-8202-8241b4090e1b,72c51a14-b688-40a0-9bfe-8d6f240aa358,2023-10-10,Instagram,Like,Uncategorized
7d2fdd4f-9d53-4f74-a2c1-7d3fef072a53,f0ab1985-ab5e-4dac-aead-433ae9b2b470,2024-02-27,Instagram,Share,Positive
2ddc8052-fbbe-471c-a43e-54b81467423d,d5fffd3b-2b96-4711-8e80-b1eef7313182,2024-02-22,Instagram,Like,Negative
06177732-35a3-417b-9377-959d68b958b4,cd3750bf-5b8e-4efa-91fa-3e05d00f3b0a,2024-05-12,Twitter,Like,Negative
ac2455bb-ed17-4eb7-a0b3-befbfbcd1e95,443218f4-36f8-4aa6-a924-bd735157abfb,2024-03-28,Facebook,Share,Neutral
7d10a376-a72d-4cfc-aafe-9378487151b2,527bca3c-f958-4ef6-8cb3-ea2864b63cb2,2023-09-24,Facebook,Comment,Neutral
77c3b49d-52a7-4559-b53f-0b8e01476e12,28a60207-924d-4cf3-89d2-3db5aef5fb09,2023-12-24,Twitter,Comment,Negative
257413b6-9a31-4572-a119-64d4fb014017,a37bf3ac-6662-4026-aa31-208055a2894e,2023-10-05,Facebook,Share,Neutral
d282f8f3-1fb4-481f-b99f-13852d42f8d1,3fd8a7b7-ce42-4bba-9db9-9b09dbf6bd8b,2023-09-06,Instagram,Comment,Positive
cf0aabaf-a877-44a6-b3f7-92f1f6353e6e,f6abae92-00e2-4dc1-87ef-b148784eab52,2023-12-12,Facebook,Comment,Positive
6154b65e-fd07-4aa4-a275-18da9988709c,4fda21d9-3e5b-4c63-8a3f-0537b6180831,2024-02-14,Twitter,Share,Neutral
39eb27d9-ad6e-434c-a065-ad089c6868df,0825efa4-35f2-4be1-a945-58397d441825,2023-08-09,Facebook,Comment,Positive
7d7f14ea-53a3-4bd8-885b-ca6973b32df5,019aa73f-9a13-4f33-a728-86f819ab9bfd,2023-10-03,Instagram,Share,Neutral
e39c6523-d929-4d94-a978-ef4ea3e69bbe,37655a38-805f-4280-a307-fe35b535290f,2023-07-26,Twitter,Comment,Negative
c1805670-0d42-4583-bfda-646f85252829,651d159f-b4ed-4e83-910a-32af05ed0f9a,2023-10-13,Instagram,Share,Negative
330f2d03-b6d1-4f29-a8a9-539c278d6435,7e6b8a6f-09b7-442a-b4e1-ee18c8ba3567,2024-06-11,Instagram,Share,Neutral
745395fe-f653-42ba-81b9-cf0ac6a60650,0ae7f5a8-1ce2-4b36-b641-496f9abf5df2,2024-04-08,Instagram,Like,Negative
ddd6874c-cdb5-4171-b1be-4a64d7f13246,bd851ccc-c284-4cdb-8a4f-89aedfc461db,2024-05-09,Twitter,Comment,Positive
54a1bbb2-9523-41a7-b8b5-9acd08f46da4,50ccba74-dec6-4a44-a74f-30871f995b8b,2024-01-28,Facebook,Like,Neutral
8036eeba-6f8a-4859-a21e-16f4c29cfa3d,6fb1bc5e-5541-4f6a-b333-21b956e3a299,2024-06-28,Facebook,Comment,Neutral
131e14c8-65bb-4559-9016-d0a0c4fc64e9,9dff7884-3e07-4fe4-8322-8eab83af0dfd,2023-12-09,Facebook,Like,Negative
c00d08be-e282-448f-91ef-7c236e320404,b86612ac-6a7d-438c-b932-052fdca8331a,2024-01-11,Facebook,Comment,Negative
9b8179f4-f187-4cfd-b12a-0c182539f178,8570854d-62ce-4c74-8a2e-0b85ccc5774e,2024-04-15,Instagram,Comment,Neutral
409d7d69-e0b1-4493-8b23-100fb9518966,036a8346-a335-415c-b259-4d71038ab4eb,2023-09-07,Facebook,Share,Positive
6031484a-676d-4daf-bfcb-a741a8378cbd,e3eea50d-1606-4248-b49e-9657e799be43,2024-06-24,Facebook,Like,Positive
6c78ab25-9895-4054-968d-0a5264ffa064,4c002a2c-e64c-47de-a5b7-9c1089fc40df,2024-01-27,Instagram,Comment,Positive
856a25cd-56a1-4558-a8ed-6e0e655cdb0d,5cceec26-16b8-411a-b883-9553870559a6,2024-03-16,Facebook,Comment,Negative
1fe699a4-99b9-4787-99ec-27d49fe60a14,6ffc98a0-0a8f-4ea1-bc20-3564f2ef32af,2024-01-16,Twitter,Share,Negative
6076a9cc-64ea-49d3-8b82-41a846411bf7,e9d3c3cd-8902-4c1e-85fa-d523a63190fd,2023-12-12,Twitter,Like,Neutral
d53a55f4-9c91-4868-98ac-f29628316b5b,745f4fe4-c3b8-4dd7-970f-c39b2d0a8ba7,2023-07-13,Facebook,Share,Neutral
c0e9fddc-4e0d-424b-9777-b2b3324f4451,2d0b7e76-6b08-49a8-a15f-c13b041f6bbe,2024-04-01,Facebook,Share,Positive
e8cbd1fc-5d2d-472a-8c68-8283bb58c8ae,bedde125-32ad-459d-bffd-4b154372710d,2024-04-22,Facebook,Share,Positive
4c891c44-2756-4119-bf66-00a767316458,670be21b-73e5-44bc-a0ba-4375e7260b51,2024-05-08,Twitter,Comment,Negative
e8a5fdb8-fcd9-450c-9635-e376266c8bcf,1e339bcc-3fea-44f5-9394-ce55412e9cbd,2024-05-03,Facebook,Like,Negative
ec6a7281-86ab-4dcb-a131-76b341681c6a,b44ea055-8056-46d3-b4fa-df19456ce0e9,2024-02-25,Facebook,Share,Positive
636f22fc-4799-4fb0-8331-88b34e007c71,500d213a-752c-408a-8498-1cf06aa5e27b,2024-06-15,Instagram,Comment,Neutral
f288eca4-19dc-4cb3-87bc-082a146ab029,eace9a73-104f-4c39-b1b5-4e6b428a720b,2024-01-28,Instagram,Share,Positive
8d47ee55-d382-4fa5-8a9c-b369cc2309b8,15fc3c56-947f-4985-bdac-8c1e522c226d,2023-08-23,Facebook,Like,Neutral
32ba4f7e-71b6-4524-91f6-86028c5abfb8,47400874-9854-4dfb-985b-17a0bf223e32,2023-11-13,Facebook,Share,Negative
6fc9f0ec-7c57-48d3-a613-e717798ddf39,4af6fb3f-910e-4ad2-9acc-eef0e72bb4b4,2023-11-22,Instagram,Comment,Negative
2d1c8d1a-be1f-45a9-82d8-036f5e17d809,d21188e9-db24-4e5d-bcaa-a19350f20530,2024-06-04,Twitter,Comment,Positive
243b28fa-f273-42e7-90c7-7885be2a8b62,d7231265-dda9-4925-ab1b-82eb501eeb75,2023-09-09,Twitter,Like,Positive
321adc94-8a35-4998-bc17-0cacc00988f4,269b3328-a36e-49d6-aac3-48c0da2e5bae,2023-12-14,Facebook,Comment,Positive
58517754-b359-4653-8bd6-4f33a89f33bf,1d70104d-dbe0-47f9-99ee-7b00f72b1eb4,2024-01-31,Uncategorized,Like,Neutral
5bd86a09-03ee-4de7-bb87-7411f34e19cb,d90d6753-3146-4615-8519-89f33796de2b,2024-01-13,Facebook,Share,Negative
6d6a803c-8aa3-4555-8074-0f7aa01937bf,cf668aa4-c765-4c7b-ade0-f6686ae1cb05,2023-08-24,Twitter,Like,Uncategorized
e3589ba8-b8bb-419d-91b1-2f1196118c68,b98d3e82-a800-4887-9693-edb037f89216,2024-03-15,Facebook,Comment,Positive
80a0ca0b-e478-46fe-b45d-fd286623787f,07614ebc-b49f-4843-b282-1b8bc21096a0,2023-10-03,Facebook,Like,Positive
c39db678-b47a-49d2-b569-2e45050d1e0a,861f03cd-c243-4bdd-940f-24f6db1c3a7d,2024-01-16,Twitter,Comment,Very Negative
0c09188e-2df1-441d-b4f6-01b97f70972d,f5667098-f414-4b33-a8ff-c8b49d0bce3e,2023-07-29,Facebook,Comment,Neutral
5358a222-28b7-4c26-8d76-b9954e44079c,c5d66453-f4b7-4873-af8a-cc8fd11b9c26,2023-07-04,Twitter,Share,Positive
2ddc8052-fbbe-471c-a43e-54b81467423d,b40064f8-e0e3-4473-9742-8a967a4efda8,2023-09-28,Twitter,Comment,Negative
2b107ca8-df3c-4676-9974-e9c486f7763e,f4ddc733-7ecd-4682-b441-ba1ab5123798,2024-05-11,Instagram,Comment,Positive
63ee220c-19ae-4113-b45c-276b22b068e1,471e37c7-991b-48ce-aa41-cff797f42b91,2023-09-25,Instagram,Comment,Positive
697c8e16-03a9-40f0-99f7-eddc12cc7f04,1b10c895-f017-4ad5-bc70-03c662e03fce,2024-05-26,Instagram,Comment,Positive
0d2cf4cd-88a9-4d71-8ed7-0f70b450e4d2,4c120dbf-9b9d-4f9d-b1c0-e32a0924722b,2023-09-26,Facebook,Share,Neutral
b86a502f-f1c9-4fdb-835e-c38a3471cdd8,163cc98b-1758-4d67-9ce2-e46bfc1b6aed,2024-04-10,Twitter,Comment,Neutral
f7f9e199-7d4e-4bb8-884e-5cd7d260a5ec,57af114f-6a27-41bd-8079-3d26c68c48c2,2023-10-27,Facebook,Comment,Negative
181df381-a7e6-4382-9d05-df46b8cd042c,fd2b028a-b833-4950-b5b3-45c67c1da7d4,2024-06-24,Facebook,Comment,Neutral
b3dd869a-9eb6-4625-bb69-f43588ca38ab,90b9fdc6-526c-4f28-990f-e1be65ce6e90,2024-02-20,Twitter,Comment,Negative
32ae4542-77b0-4a2c-90c9-63b08e717945,713fe4de-97da-49af-99e6-eff2b0bae612,2024-02-16,Facebook,Comment,Very Negative
2dcb9523-356b-40b2-a67b-1f27797de261,bf36b2f9-6c68-4079-8eb2-4eea35ac6f31,2023-11-23,Instagram,Like,Neutral
cddc460b-dd79-40bb-a1c8-b79bf727cc0c,45fced5a-d3fc-4966-8c57-3193d20bf542,2024-05-20,Uncategorized,Like,Positive
f9180132-334e-4e9f-b8ca-e1c6df1bd5df,a28dd417-3707-493c-9aa2-6a17ac073fdf,2024-02-19,Facebook,Share,Neutral
fa51f8d8-92c4-4b55-b33d-dc7f1eae4792,7be964e9-0229-4515-ab65-e05cf7a755ec,2023-09-06,Uncategorized,Comment,Positive
d2cb1c6b-e8e4-43da-851e-0629ff5bd2f1,95633901-5bbd-4dc1-976b-e6dd4e074a42,2023-12-25,Facebook,Comment,Neutral
bc75ec72-1e92-4d14-abe8-e47e8330def7,9a9953c2-09ff-4c7e-96c0-993ee81ea926,2024-04-14,Uncategorized,Like,Positive
a9af986b-d677-421a-81df-3d289ce9e38f,97cc0320-3548-45dd-8ece-a967f01dd856,2024-01-12,Facebook,Like,Neutral
35e934cf-39b9-4b4d-9b2d-c9a4c40b3c88,16c47c3b-2d36-4308-8f81-12bb8ac6636d,2023-12-02,Instagram,Share,Very Positive
61adc65c-ddcd-43fc-85c4-9e8d60daeae3,0fa16003-8e39-4d2b-97bf-d23ab3f5a26f,2023-08-26,Uncategorized,Like,Negative
31a64c59-e32d-4d9c-ba9c-f308acd78daf,49d9853c-2df6-477d-b6b8-7c2c82362aa5,2023-07-30,Instagram,Share,Neutral
c849d8b0-2b3a-414b-842f-3f4c8bd24004,2bc023f1-e06f-4e2d-87b2-2fcb84114969,2023-07-17,Twitter,Like,Positive
c3ee84bb-f586-4e4f-9d43-48af820faf03,e4b4a221-0082-4b3d-95f7-c6f778364ebd,2024-06-24,Uncategorized,Like,Positive
c00d08be-e282-448f-91ef-7c236e320404,34c63c74-6bf4-4edb-aad0-fa6fcf1f6167,2024-05-25,Facebook,Like,Neutral
c3547dd4-61cc-495c-a7a2-b103bbae3835,85cb819c-9451-4028-9ddd-132c55260a68,2023-08-23,Twitter,Share,Positive
6e08ae8f-593d-425c-bf3c-542b3bbb1377,2a623384-3e5c-4482-9c31-c04733f4fa4c,2024-05-03,Facebook,Like,Negative
6cd7a734-a51d-4a11-ba1c-00c49d9a4490,674cbb19-fe7b-4ae7-a4e8-0d915165d12b,2024-05-05,Facebook,Comment,Negative
ed13064a-2580-4ab5-86fa-7d3c76aa0357,594215ed-b605-4b2f-8b5f-db66882b3494,2023-07-21,Uncategorized,Share,Negative
6d6a803c-8aa3-4555-8074-0f7aa01937bf,d356a727-baf5-43ab-87e8-c5ead877fa32,2023-09-01,Uncategorized,Comment,Neutral
bf67d7a6-f689-4aa7-932c-44ed4a0106da,2293efc6-849e-4076-afe4-5c044ad0a04e,2024-05-17,Twitter,Comment,Neutral
53408519-26e0-465e-bd85-3da3424c147e,2546bf2a-01b2-4339-b68e-105473a039d7,2024-04-30,Facebook,Share,Neutral
172a04cf-2db8-4c96-9c93-ea123cb44279,400f39da-036c-4946-98ce-d1990b7b3ce2,2023-07-10,Twitter,Comment,Positive
bcc09f71-4f5e-41fc-96c9-787234f3278d,a0ffbde1-a6a1-4f2a-943d-f00ab443f140,2024-03-29,Twitter,Comment,Negative
6d15043b-6efd-4f7c-91b3-e36cbd08f631,97db3a86-7f99-425b-8f29-73fb0968d429,2024-05-21,Uncategorized,Like,Positive
d2ed05d6-7d58-4b3a-b9d8-4916af54bc85,422fb84a-c97e-4a8e-81cd-f5275459f97e,2024-05-08,Uncategorized,Like,Positive
f1f60fef-30b2-4856-b97b-11bbc63e7048,023f9a3e-3349-4aac-b078-1329bc33b8af,2024-04-01,Facebook,Like,Neutral
f9edc899-39cf-4227-9b37-c40003bc28af,c5da763f-37d1-4b46-8d07-933cb45ad3be,2024-02-07,Uncategorized,Comment,Neutral
b0ce5c86-420b-4bc6-be06-02814c3feb2f,cc33bb5e-d109-4df8-b3a7-107d00f6db59,2024-04-09,Instagram,Like,Positive
e8236c55-bd04-44e1-a12c-e3b4bb747ec3,32c0b047-f9fb-490e-b664-1156b828a152,2023-09-24,Facebook,Like,Negative
61c87875-0143-435c-95aa-62d6d00a4ecd,6d032e12-7e72-4aa7-bb85-5db5393ba6e0,2023-11-23,Uncategorized,Like,Negative
cffb22a5-2b85-47bb-9423-6802c77b22f1,4d467d81-0c93-4d00-8028-fb530537e5e9,2024-01-26,Instagram,Like,Positive
279f267c-0ce8-4bc5-9cdd-d62c39547afa,75f7cf11-baf2-43d5-af34-37c1ac32d965,2024-01-12,Twitter,Share,Negative
2a686858-9b7d-4ca9-a3c8-edd31753645e,6c2eaf25-eb0f-4a2b-aad6-d25d2d1c8e69,2024-05-12,Facebook,Share,Positive
1c77cb4b-2e79-4201-90a2-f9794dd4328e,499a2793-43e3-4d92-9b7a-02a16b765a81,2024-03-26,Uncategorized,Comment,Neutral
108b24fe-ab06-4eba-b13a-dc2c521b76af,21e453f0-0614-4c81-bb8d-e26151d4c84b,2024-03-27,Facebook,Share,Negative
d59cf513-ec9c-40e3-919c-57e7893b0ae6,b0b9278c-2fa8-4a43-8da5-cd59b5ecb51d,2024-03-06,Facebook,Comment,Positive
79fc606a-c02c-4c39-b065-3e88a59b366c,b0a917ae-2ef0-42b1-a51e-9f48cb149bad,2024-04-22,Twitter,Share,Positive
b2859f73-c572-4bb7-90d7-51e5cc6747eb,a9446482-0e1c-4c21-bfd2-502d309aaa91,2023-12-11,Facebook,Like,Negative
648dac00-686c-41c0-8d59-3bee7d3bd390,3e2e99fe-03ce-4fcd-86c5-cbd8a46cb65d,2024-03-04,Instagram,Comment,Negative
939cf2d9-6764-404e-8ea8-ea5d283c3b8b,ead48600-e99d-4234-a63f-a991af4c5ef5,2024-06-10,Instagram,Like,Neutral
40135fcf-ed9d-475b-a435-5b20b108e1f5,072df579-b18b-4fbc-89b9-ac082840d3e0,2023-07-03,Instagram,Comment,Negative
80567290-5f57-4298-b5d8-ad7a8d53fb47,a4fbf6f0-d9c3-4ae6-8938-fb4307e3fad3,2024-06-11,Twitter,Like,Positive
2da6af33-03ca-4206-9735-eaa16ed458d9,d14d9631-c1b9-4fff-9d8d-956565d4ff4c,2023-07-18,Facebook,Share,Neutral
667b0a6e-53b8-476d-be5b-215bfe49f60b,a5dbaee2-0b31-4507-bfec-ccc8b09f698f,2023-11-18,Facebook,Like,Positive
c051ca83-cdd9-4a6b-b4c0-c94b11cec250,9ccb7d7f-00d9-418a-953c-98365e76b1d3,2023-12-08,Twitter,Share,Negative
8a39b491-7b4a-4319-ba21-ece95b3f2195,2173b2fa-edec-4b4a-929f-83c6ac0594cc,2024-02-14,Twitter,Like,Neutral
d2bb49df-5fb9-4d03-be43-28b282c45f75,ca3f3c2c-1f31-42ca-bd89-e215e909b1a5,2024-05-20,Facebook,Comment,Negative
e4785a5c-a70a-4db0-98d5-1d76175c4a94,cb181800-52ee-4613-8587-479493820f9f,2024-01-11,Twitter,Comment,Negative
89ae8d7c-cbcd-4117-8a06-d7ddc5fa9132,4ecf0d12-06e4-4470-824c-080a1c163f3f,2023-08-18,Instagram,Share,Positive
4d24bcf2-5cbd-4f60-8ba5-4da86c72edf6,38213dbf-9a66-48b6-aa4e-20a5888ed993,2024-01-31,Uncategorized,Comment,Negative
694564e4-e52a-41bc-b076-53100fb5b3cd,4d38a994-90a6-478f-8f45-533c106ef1ef,2023-08-19,Uncategorized,Share,Uncategorized
092e5d8c-8e9d-4b41-aefa-a6732816494a,de809576-93c8-434e-8851-beb198313800,2023-10-14,Twitter,Share,Uncategorized
e793093a-6f6d-41c2-afd5-d0b6bb69aa99,fa1bcbab-5919-457a-a1cf-b5f4df3570da,2023-09-12,Facebook,Like,Positive
1ee3bb5f-94ab-451d-89bb-9f1180ed009d,bb9d1323-7d9f-4735-b1d2-7c72294935a0,2023-12-19,Instagram,Comment,Positive
50e95716-c5de-400c-b5cc-2b6566b7c931,85bd0c46-831f-4a50-9744-7ca5c5f3a76d,2023-10-22,Facebook,Comment,Negative
0ebe1d89-92e8-4ff6-8442-0e28d99b3a6a,f595fe75-89ef-46bc-b250-5661bc0998ef,2023-07-30,Twitter,Comment,Negative
d2f2a30a-dc1d-40ba-aca3-8fe7615f7b01,7b0ce48d-37fa-4e82-b5cc-45fa2bf7a3d8,2023-11-05,Facebook,Like,Positive
3609a9ad-d526-44a5-96ec-7ba7accfd866,5dc6d483-ea6c-4708-9501-477ddf004cf5,2024-06-16,Facebook,Share,Uncategorized
b2b0b6b0-a92a-4c35-a1b8-bff5dc60b1aa,ddb27478-c3d5-49dd-8aba-65895e30d6e7,2024-04-12,Instagram,Comment,Negative
25a6429b-4032-4138-836f-64ff1f189bf7,b1ed3447-98ab-4557-a9b6-bd1977407321,2023-08-19,Instagram,Comment,Positive
cb0a2640-ca08-4221-a20a-6fa05b58af18,4c6a2a81-0385-43e8-9bdc-819cf6443ee8,2023-09-16,Facebook,Share,Neutral
85963f9b-be81-4c3f-a518-40caed1973e7,0e626a8e-3b65-4199-9067-0a7190a36bf6,2023-09-11,Twitter,Comment,Uncategorized
39105681-5ba7-43e4-99ce-f422294dd26c,1453a696-7c86-460f-b9a5-11168392a15a,2023-10-16,Instagram,Like,Neutral
401302a0-2748-49f3-bf78-d778d21d4cc7,ca52c931-e580-4c7d-9eb4-824e84d2b23d,2024-03-23,Twitter,Share,Negative
e84f46dc-1d0e-4031-a4f6-2a6f46514fa6,cd5ba952-6f57-4604-bd14-6930ed1aef51,2023-12-24,Instagram,Share,Negative
35cf919d-33b7-4f0e-98f1-47da30e6e6ba,546180c2-6856-4aaf-8463-fdfc6ca4e357,2023-12-23,Instagram,Like,Negative
6839b030-9abe-4bef-acf2-40fd28bef037,446fe822-9b5a-4b83-b383-dc3ddea93bb2,2023-10-17,Twitter,Comment,Positive
e8621a96-7c59-4079-88b1-b6ebd790f1b6,1507787c-51d8-48eb-a9ab-0c2395268bd1,2023-09-27,Uncategorized,Comment,Neutral
080ff643-1def-4438-ad98-62cff0ce5b53,f6cd6676-0752-4c07-9a6a-ffb3d4f2cb8f,2023-10-27,Twitter,Like,Neutral
d8a93878-8a64-48b1-9099-65b5695c42c2,c58063d3-d45b-4c39-b5f2-7fc43b1bccab,2023-07-11,Instagram,Comment,Positive
8c2a3b88-0071-441b-98ec-b521f10ccdca,d2411566-2472-4720-a62f-d4de929a60be,2023-08-04,Facebook,Comment,Positive
d8128163-77f8-4389-b4d4-2afff0e05e7a,91a2f33f-c425-4e21-b135-2789da78d4ce,2024-01-09,Twitter,Comment,Positive
010c57b4-d6aa-44ef-9e92-d00ce9bbc28b,dd383900-8d00-4e3c-9f3d-7df91a4a7f86,2023-12-03,Facebook,Like,Negative
8880506d-dbb6-42ea-98c3-c0b7454c04bb,21b111e3-41ef-42e0-90ec-cc4a5c9681b8,2023-12-15,Uncategorized,Comment,Positive
6b63bf58-e948-4fc5-aa41-727f7c044c97,786b33bc-af38-41f9-960a-60eee95b2f84,2024-05-07,Instagram,Like,Neutral
1f5c50db-9c55-4bbc-8a93-c7994a7bb3d3,5f20fdd8-dd06-440e-8664-797282a05726,2023-08-17,Instagram,Comment,Negative
36656b2c-c7ad-4c3e-b2f3-c9d7beb78aec,8df336dc-34eb-4c0b-abe9-b5073d349acb,2023-09-13,Instagram,Comment,Negative
684e0f75-2c90-424b-ae2a-0a669b799215,1add849e-de67-493d-b29e-ee5b725a676b,2024-04-08,Instagram,Share,Negative
f6cc6186-5ab4-4a50-9513-a5f1104bd599,4c853103-ea49-4c98-b87b-436a8154f790,2024-06-07,Instagram,Like,Neutral
91ad2b3a-d2fe-4146-a0ae-cdcea44622c9,a94ff03d-e52a-4e97-abb9-11535ae11c47,2024-01-13,Uncategorized,Like,Positive
00e05318-dbc7-4254-b2f1-a0b47af8a2fd,451b915c-eede-4154-86f6-43c989bd9c8a,2024-06-10,Instagram,Like,Neutral
1efd2bbb-8e56-40c4-a829-f64a1a08e7f4,e0288f03-e387-4798-a9f0-778c90ec9a3f,2024-02-13,Twitter,Share,Positive
b0e547f6-b969-4908-b977-c64793686f9e,980a15a7-2e01-45bb-95e6-a1c3888b41f2,2024-03-16,Facebook,Share,Negative
c8436ffe-dcc2-4103-9c12-c5f3c6f17505,6ff6d512-8780-47c4-a380-db1721130c44,2023-11-19,Instagram,Like,Uncategorized
10b5f508-60ed-4894-9d2d-f0150493849f,9db8878e-d7f3-4ada-b3de-a272889971dc,2023-11-27,Twitter,Share,Positive
b5c0628b-1e18-48db-b35e-fd3e959dd948,504681a0-1415-4c89-ac30-f280b57d58ec,2023-12-13,Instagram,Share,Negative
d1604f83-72bc-4c5a-b280-e213dfec9cb5,0bda2b89-87d6-4eae-b086-9c4bd511db6f,2023-11-11,Facebook,Share,Negative
d282f8f3-1fb4-481f-b99f-13852d42f8d1,83e3458f-32fa-40d3-9d05-0296fab36f4a,2023-09-19,Facebook,Share,Positive
023ed57c-89ac-41ca-bf74-87bc4a8dd42e,7340d2af-6014-451c-932d-cc52d790c9b1,2024-04-30,Instagram,Like,Neutral
8f60f9a2-af9f-4d34-9b31-1b572d58b17b,74a4de40-c926-486e-92e6-a4f416c99d62,2023-07-09,Instagram,Like,Positive
a14c5d2f-87d8-4caf-b91e-ab6865872c37,d144e1e9-da83-4a60-b5f8-c62dd62705a6,2024-03-12,Instagram,Comment,Negative
694564e4-e52a-41bc-b076-53100fb5b3cd,6a7cb549-a630-4f83-8f19-7701adedd5ea,2024-06-16,Twitter,Like,Neutral
8cb6b5ff-47d1-4d27-94e4-6a1c91ef3188,ae75f4d0-5764-40ab-9028-6447597a0647,2023-07-06,Twitter,Like,Positive
13a4c3f7-8549-4b13-afe0-486f14f86ea4,f06ababa-7962-4768-b007-d25f402de487,2023-08-04,Uncategorized,Comment,Neutral
c5cc364c-0373-4aec-b421-e5e10f91791f,b46669d4-396e-4fdc-8cf1-01a431fbc553,2023-10-12,Uncategorized,Like,Positive
1585f492-0fa4-4fd3-8027-469b87803293,c330d10e-9195-49f0-8e7d-7f9278d5436c,2023-07-20,Twitter,Comment,Negative
1662e025-dc0e-4ab0-8728-cb90e85bfdeb,20a9469d-aa00-496e-a904-c95a3dc97bed,2024-02-08,Twitter,Comment,Negative
89ae8d7c-cbcd-4117-8a06-d7ddc5fa9132,0aafbb6e-c291-4f01-80c8-d491ac4ed034,2023-10-28,Instagram,Share,Positive
018be1fd-e482-4d3d-87b9-a425ae35c5a1,6a491b6f-84b7-4bc1-b29f-b3cbe311a16e,2024-02-14,Twitter,Share,Negative
a9658c6f-134f-421b-8b2e-fd4978c7a940,cb781468-e8a5-407b-afe8-7c2755316bfe,2023-08-15,Facebook,Like,Neutral
6076a9cc-64ea-49d3-8b82-41a846411bf7,92c8d5f3-7b74-41b5-83ce-25fd011ae468,2023-08-06,Facebook,Share,Negative
6bc3aaad-57cc-4fae-b57f-18faa88ce95b,ac7a5189-98ab-4eff-b665-2c755041d9a2,2024-03-25,Instagram,Share,Negative
8dcf3f3b-cf2e-41ab-b2a2-85e0072ff25a,bca43614-cc74-4165-b2c0-88b1b9dcc6b6,2024-03-10,Uncategorized,Share,Positive
d18cda69-56ba-45a8-b3fe-ff52f040377a,429e23e3-b27c-4305-b840-bf003c0d9b3b,2024-03-05,Facebook,Like,Neutral
cb968037-1e4a-42c7-8d2f-3eb0b27b5295,518906b8-bd51-44bb-ad0d-ad7e4428b00c,2023-10-08,Twitter,Comment,Negative
60557dfa-e271-429b-91cc-a0e4ef41b0c2,2defafd0-5436-4e30-b02b-4b7f72e035f1,2024-02-08,Instagram,Comment,Positive
6fd7c547-70cf-41a8-b6b4-07a1d66f80ff,e9564452-8015-4365-8b49-ad0e637a187d,2023-12-24,Facebook,Comment,Negative
299beb50-d10d-461f-bdd5-4083a4e3cc9b,99b46623-d8a6-462c-b54d-c5b265601dc8,2024-02-29,Instagram,Like,Uncategorized
af4927ba-261a-43f2-93fb-87c102029ebb,4cefc68d-056e-4128-9591-7e8a42345278,2023-07-30,Facebook,Comment,Neutral
1efd2bbb-8e56-40c4-a829-f64a1a08e7f4,a79d8925-220e-4b57-b07c-36e127568f61,2023-12-30,Twitter,Like,Negative
a800ccba-e1ca-4f52-ad9f-14f3432699c9,30a13c94-142d-4aa3-89d5-07fbc4f65b0d,2023-07-08,Facebook,Share,Uncategorized
262adfc3-44ae-442d-a213-2d3eb9e668a3,02d97fb5-689a-45fc-a0b2-1511f7933049,2023-10-01,Facebook,Like,Neutral
bd99d298-43f4-42b5-8f53-78c067e69f0c,bed2704d-1d42-4b88-894d-1913029a30a5,2024-01-18,Instagram,Share,Negative
7d1f2bbc-8d16-4fbc-9b37-ece3324e8ed4,4ecffff0-d9e7-4ca1-ad41-67d853c339ee,2023-09-01,Twitter,Share,Positive
4605103f-9b58-43c8-baf9-73abfb2c0441,8df151c7-dd44-4709-a7a8-f7c33021a79f,2024-06-07,Facebook,Like,Neutral
fc9f91cc-00f1-4ffa-8016-878c069f3a1b,a0cf4080-28a1-432c-bd33-aff9feb49370,2024-01-24,Facebook,Like,Positive
a309f845-3a66-474a-ae3a-332d3c2e755b,1e140ae4-82e4-4bb8-ac96-0c63c5d5f1f0,2023-08-15,Facebook,Share,Uncategorized
ee0d17b8-9535-40ee-985e-8c733c34ca3f,ba84fe80-9ef6-4d3c-a262-8691e897c03f,2024-05-04,Facebook,Comment,Very Positive
92012350-c38f-4911-987b-6c574e4826b7,f57813ed-96e6-4ae7-ab4c-5379002c8e2d,2023-08-21,Instagram,Like,Negative
54f75d68-a8d8-4790-b65b-8937fd8f561b,4717085e-f07b-4b52-ad8d-078ca26f1b9e,2023-10-29,Twitter,Share,Negative
2a686858-9b7d-4ca9-a3c8-edd31753645e,f0c4f176-29e5-47ee-823b-b6379ec256a2,2023-07-09,Instagram,Share,Neutral
eee4c0b3-21d6-47ae-8631-718341d97a86,7f656254-f9c7-44aa-b5f5-b383d9e51abb,2023-09-16,Facebook,Comment,Neutral
09b6e44d-dfb5-4215-ae1a-581038886711,f759b3c4-ee3e-43d6-9b98-5c4f73dc716a,2023-07-23,Facebook,Like,Neutral
b2d839ab-012b-4966-90dd-de4311498b7a,25080722-4fec-4ead-b450-bb895f071663,2024-02-16,Facebook,Like,Negative
23cc1249-2b7e-4941-9f5b-9bbcb5b5b7c3,dafe913e-9b78-4b7f-a701-dabbcafb6399,2023-07-02,Twitter,Comment,Neutral
f0d87968-72cf-4817-b871-c8812a52c570,483dbc37-eb89-41d7-92a8-4ba58d512d51,2023-12-27,Twitter,Share,Positive
7b43965a-ab47-41b0-901b-aaf7ca8896ce,7f08ea3b-2f98-4ecf-9c8f-3739aee6ccb7,2024-04-12,Instagram,Comment,Neutral
1ccb71e6-8f53-423f-808d-a2023aa0c5a8,4bc818a7-67f6-4e8b-bdcc-3d1d47b15e4c,2024-05-26,Twitter,Share,Uncategorized
7f39b2ac-eeb9-4198-8950-4e561f743343,a0022aef-7a26-453b-935b-dbd5f7ae4f42,2023-08-15,Uncategorized,Like,Positive
d3b37301-dfba-4182-a0be-1da6f2186393,4764931d-e714-4ce2-9ab9-8adc9af915d0,2024-04-19,Instagram,Comment,Positive
9c0749f2-1449-4541-8113-7b1696f50c6b,5c47ca2a-857d-4ff3-9825-8671a270883e,2024-06-05,Facebook,Share,Positive
f84dbd5b-2a2a-43b9-95e7-79d4c354cf81,ea55740f-02e6-4e8a-9933-2f928d31054b,2023-08-29,Twitter,Comment,Positive
00145374-004a-4685-af4d-c8a8967b969e,7dcc7d4f-69df-4007-9cd3-98eec3eff893,2024-02-22,Instagram,Like,Neutral
d06373dd-8d92-4e7d-8329-c4ce400b0d42,eca8e1e3-0680-459d-89bd-54daa0954e6b,2023-07-10,Uncategorized,Share,Negative
7df3505b-72cb-488c-8844-2f7f532d4db0,26b9901d-a6d1-4b06-8389-a7785a460136,2024-04-20,Instagram,Share,Neutral
1d9db6f8-33f1-4b28-87a6-20504dd4ac20,fb86a8d1-abab-49c0-82df-08fc01e8cca6,2023-10-27,Facebook,Share,Positive
940e1d2b-75a3-4eb3-bcfb-94f899c04a35,2fd34361-047c-4c07-869f-573015f5a095,2023-07-16,Instagram,Share,Positive
2529044c-e151-4f75-ac8f-ad9febf25ac5,8578c088-552b-4fc6-9449-e116d7c89ad0,2023-10-17,Twitter,Comment,Uncategorized
5ba7a03b-0d2f-4fc3-bd36-7a675c1ac61e,54d3badb-2b9e-4129-8889-0c9d02923525,2023-09-13,Facebook,Like,Positive
96b637b6-adb9-4bd1-83fa-643d65056c8a,6e8ed28d-26a6-45c4-b9e9-28816048039c,2024-01-21,Twitter,Comment,Uncategorized
306b1117-5749-4c99-bde1-62b0c65307a6,70633f35-346c-4f7c-8da8-b96c0094df81,2023-10-27,Instagram,Like,Positive
2bb89c7f-6cf2-4501-85e4-b881aa0cc217,7e04888f-b72b-499d-aa8c-569d0418a50b,2024-05-19,Instagram,Comment,Negative
ce2ece8f-91c3-420a-9d80-8b1f5051dc77,3a30bab5-53a0-4169-8244-419e2459dcd9,2023-11-30,Instagram,Share,Positive
3330dbb6-1b22-4fe5-a4b5-0e5ce39d8591,c04b4b29-e779-4e13-ae08-776bba8838d4,2024-05-25,Instagram,Like,Neutral
9e438f09-ec06-42e1-8c45-25063e2429aa,553595ef-862c-4559-95ff-f8bda4a7d144,2023-07-15,Twitter,Like,Negative
a523b30b-f05c-4704-b3b6-e36c4e637440,417191f5-3141-448f-8b43-41526715f590,2023-09-26,Instagram,Like,Negative
e2793648-25fc-4270-b977-c87b382ab8ba,c5ec1c09-0d09-4671-99b8-3b6624155ef7,2024-04-01,Facebook,Comment,Uncategorized
c71e53bd-d52e-43c7-853a-bde70ff3cf38,efd3fd0b-a762-449c-9c87-184d4bbacf9e,2024-04-12,Instagram,Like,Negative
d4d508a7-1fe5-4321-b314-bda3ddb3cdda,cd833d4f-dc21-44dc-95ff-1ee1d4ce2fb8,2024-04-24,Uncategorized,Comment,Positive
63a3c9cf-ac63-41a6-bf00-2f140f015fcd,7f8f701d-4672-4dd1-875b-9be08969c164,2023-10-21,Twitter,Like,Negative
a7b667f7-d6c7-4fc6-b6d9-bcdeea32297c,2439e092-e6c4-4c79-b65a-ae8738de2fcd,2023-11-24,Twitter,Like,Negative
429afb4b-99cc-4a38-8f43-9187a3e02ecc,2d20a424-3e16-4d9c-a379-6c2d90671dac,2023-11-08,Facebook,Share,Negative
e923df5b-cfb9-4818-a97f-82d498868e91,e8850a4e-e48a-4aab-9d1f-52ca6ae853de,2024-01-30,Facebook,Share,Neutral
9e68d26c-7772-4fa8-a1f7-50c8c9c1db86,3a91e863-a058-48ba-9f3b-a1f3bb36274a,2024-03-18,Facebook,Share,Positive
d0874909-2b8a-4921-bec7-610d9452b113,1c9128f6-0188-4747-bd25-b6429cf37f4a,2024-03-11,Uncategorized,Share,Positive
acf47c33-118a-4844-84f5-6c5834568e66,a54ceab6-481f-470e-9fff-440a148524f3,2024-04-04,Facebook,Like,Neutral
167f3b4b-5ad6-4fe0-a51d-8f1c52cbee27,4f98d265-87ee-4a0c-8969-2f2d78c165e8,2023-11-12,Facebook,Comment,Positive
8497db9d-ae82-44bd-a7c0-123ab1ae5eb0,e95bb24d-116b-43c8-8e85-64f12dd3a410,2024-03-24,Instagram,Comment,Neutral
4657dc86-a2ed-469b-b3f8-44bb3d08ab9c,89bda008-7e38-4702-8e63-01c151bf8540,2024-04-27,Twitter,Like,Negative
c730f890-8def-4e02-a90a-f76b014f521b,9f5526af-65e5-431e-8b52-df92eff95929,2024-02-14,Instagram,Like,Positive
648dac00-686c-41c0-8d59-3bee7d3bd390,b346a4bf-4ebb-4c6a-9615-5d101fe15aea,2024-04-23,Twitter,Like,Neutral
267bca9f-cc78-499d-9f07-a52a638c5d8c,1bc0db20-fd39-42b1-9363-f669c4591768,2024-05-27,Twitter,Comment,Uncategorized
270506ea-c72f-4926-a9f4-e29ea53adb9f,30c71fb3-d2b2-43b5-b0ec-950f478ffc18,2024-04-15,Instagram,Like,Negative
7ed42894-97c1-4a15-a85d-e1d40db3dd05,9aa677d7-1943-4ab7-96d2-0b53b62e0774,2023-11-16,Instagram,Share,Positive
d8cb6f8b-4e79-4640-b542-2746b8718e7d,e70f4db6-9323-4d8a-98be-eb48a146f994,2023-09-22,Twitter,Share,Neutral
251ad392-becd-4f54-bc87-545f64cdca65,9f58793f-a84f-4690-b3fe-7fd7fdd3ca30,2023-11-26,Uncategorized,Like,Neutral
654f1dd3-acd2-4297-af49-a68c601db98a,50f5f37b-808e-4e8d-a657-9441dbd7b903,2023-10-28,Twitter,Share,Positive
478f6102-4807-431b-8bc5-c7f535335571,f2bbe012-22cc-4986-8d48-c7280ddf382a,2023-08-18,Twitter,Share,Neutral
41d08007-2bf4-470f-ad2d-97a972abced6,dc225312-2d37-4d81-987c-610b5281a8d8,2023-09-12,Facebook,Like,Neutral
18882dff-81af-47c8-8bc4-a0f21e17e7ed,59ca5cbc-9728-43d1-9f5e-fdd559e6bcdd,2023-08-30,Facebook,Comment,Negative
d685efd0-30a4-489f-bdd6-33c8ae37d486,8c582ad0-49f3-47c8-886d-521413f3ee99,2024-06-25,Instagram,Comment,Negative
d407a32a-9402-4cb6-9cb3-8200a608566f,c5e5f6d4-204f-4326-80ca-85e9e247a094,2024-02-27,Facebook,Share,Negative
7ae84dc5-3dee-4566-84a9-1820bdae61e4,e8aa8129-5539-4c18-b838-99f698b07945,2023-09-02,Uncategorized,Comment,Negative
347222c1-9766-4ae8-9263-4e509359b409,fdd8dff2-e987-4ed7-b908-aaddd1afb3b5,2024-06-18,Uncategorized,Like,Positive
59e1ccfe-8f67-4f2c-8e4c-f1483df35ae8,a610c25f-f8f3-4b64-abd3-db7eb93d0b07,2023-10-07,Facebook,Share,Negative
e4785a5c-a70a-4db0-98d5-1d76175c4a94,8c7dba0c-16c1-4032-99b2-b093921ce6da,2023-12-23,Facebook,Like,Positive
0459e6be-4948-4c63-8ea4-2aee6917f642,87f0c2f0-4740-4fb6-aa80-644f9abaa433,2024-05-05,Instagram,Like,Positive
a6b0e1e8-4909-4f59-8c29-ba5f8d294141,8e7af574-dffa-4f5c-934c-20ca7c94aac9,2023-10-24,Facebook,Share,Positive
3cff3ced-315b-413b-9c0b-99bae1c5f85d,fb0c04a7-c1c7-4293-8870-6e4ffc5dcf62,2023-08-09,Instagram,Comment,Neutral
bdfb63af-d1a7-412c-8d2d-f80f6a26420f,f111d3d2-4132-4de6-8d7a-15d07e97141d,2023-11-19,Uncategorized,Share,Neutral
48c379ee-e82e-494c-ab4b-0d813a8b9884,a022fa3e-ec0a-440b-a7dd-a489251ce539,2023-07-02,Instagram,Share,Neutral
9fc2bfa2-6dd0-4557-883b-18c88361a277,376181c0-75f8-4eae-b516-9312f8fd4a56,2024-05-19,Uncategorized,Share,Neutral
a14c5d2f-87d8-4caf-b91e-ab6865872c37,8626f235-0558-4c8a-b415-a9e9ce0144b8,2023-12-04,Twitter,Share,Uncategorized
5ab01e3f-1356-4a51-a50e-028992187cba,491c9b02-2c60-4b01-ab72-7fa85de38c28,2024-03-24,Instagram,Like,Positive
1b29367c-428f-41aa-9402-760cd7c74306,f3e0b386-95e7-4c97-9538-50c9259514ac,2024-04-25,Instagram,Like,Neutral
b997c175-798f-4376-b922-812f74e38986,ed740628-b64f-4155-b0cb-e9dd598c2dca,2023-08-24,Facebook,Like,Negative
000c6bbd-533a-432d-922c-ab64197e71c5,9f56134a-89f6-4698-8271-16e0828b9d3c,2024-05-27,Twitter,Like,Positive
f808e889-308c-4356-a639-281ef3820b50,fbd613e5-d092-4c60-9c09-8213f22b56bd,2023-11-30,Twitter,Comment,Positive
f98e8c9e-20c4-4410-b99b-f3ae2938e950,865e0998-52ab-49a7-936e-1fd5494592b2,2023-11-27,Facebook,Comment,Uncategorized
b56473e0-5c57-4325-94f2-6414db34f557,cb003711-adac-4eed-aef4-5ff82cbbb30b,2024-02-24,Twitter,Comment,Positive
be6d0504-0efd-4ae2-8121-31372c6eefc3,dadb74a2-8b60-4595-9d36-79bbbc319778,2023-12-20,Instagram,Like,Positive
7b163557-7f81-495c-8d21-7e9e8fab6abf,39d71b54-0b97-4607-923d-56a981fa91b5,2023-10-02,Uncategorized,Comment,Negative
a9af986b-d677-421a-81df-3d289ce9e38f,977ddeac-5ee1-4d4a-b65f-4e322e36ac48,2024-06-17,Uncategorized,Share,Positive
6a84f1a7-f636-4300-bd8d-c7f888460829,bd9d9e66-a50f-427f-ad39-00052dc0064b,2023-12-24,Instagram,Share,Positive
3c0c363c-54de-4ab9-af96-447dada55479,04fa92e5-6d45-49b4-bd3b-67ddee96e79c,2023-11-16,Facebook,Like,Positive
a8f82019-5586-46dc-87b2-3660e80ecd7d,b5f9f341-abbe-461a-811e-8360fd7bec6e,2024-04-20,Instagram,Share,Neutral
f6cc6186-5ab4-4a50-9513-a5f1104bd599,9118bbfe-dec3-4d0e-af39-2e8528c90f33,2023-11-19,Facebook,Like,Positive
c6789ac7-81c7-469a-a613-fe1fe1487953,fed6c4e4-244a-4111-adc5-1f941f1f9807,2023-11-07,Instagram,Comment,Negative
0831f0ad-bf6b-4023-b1bf-acea2388fcf3,a229e2d8-fd5d-44a1-805e-5281a52badf7,2023-12-27,Twitter,Comment,Very Positive
72409c14-91d0-4d05-aed2-b001458a1007,7fc59e69-8c40-41e3-a570-97f810de6061,2024-04-17,Twitter,Like,Neutral
37c2adef-c273-4da9-a16b-a542116416cf,7b31bd4e-7c32-4d18-9030-1e1fe7a06ffd,2023-07-06,Twitter,Share,Positive
f381038c-b3ed-4561-84b1-0f60d4afb6c9,1045a13e-f2c8-4d8a-a7ce-e179659f821c,2023-07-27,Facebook,Comment,Neutral
6d6a803c-8aa3-4555-8074-0f7aa01937bf,8d031ccd-0a13-49f5-8880-61fc4ce8d3c3,2023-12-17,Facebook,Like,Very Negative
1637ae53-d076-41d6-a25c-005a89a42ab4,30e0149c-f31b-4557-aeee-1fdcb4cea601,2023-08-05,Twitter,Comment,Neutral
a095ecee-d75e-448a-b093-0a123e59a133,3c070452-0a1e-4368-bca7-1d80d48f3a43,2023-07-02,Facebook,Comment,Negative
8c9df0fb-cfa1-447f-a85a-7086a6ffee3e,70dbf8f2-2bf6-40c9-a466-c1537c173400,2023-09-28,Instagram,Share,Positive
030c85eb-9872-47e3-83ca-0ac4af613294,885258a1-4b4d-44c0-9f5f-6680aa57c4dc,2024-01-08,Facebook,Comment,Negative
decfbb11-2324-4a91-b4a4-da3011046f88,f22f163c-e3bb-40d0-8c1d-b811b37978dd,2023-12-24,Instagram,Like,Negative
bf516307-fb1c-4d71-9348-23cbc39d8eae,61ad673f-9113-4db7-bb9f-6860b15dcfa7,2024-01-29,Twitter,Comment,Negative
5fc803f3-f4ce-45dd-a3d4-c79923fac8ac,cd73d593-4178-4fd3-b42c-4b62f1b89529,2024-03-03,Facebook,Comment,Negative
00c15eff-8bcf-4d12-a5d4-992e45e3309f,b1f6f6bd-d15d-4c44-87af-5485f68eda24,2024-05-19,Instagram,Comment,Positive
31d9ec99-f02d-4c52-ae2f-eb87b0bbc5e9,0152491d-1167-4e03-be09-064d593a877f,2024-06-08,Twitter,Share,Positive
0ece51e3-e19f-4a06-8f1a-43d7a4e4cbe9,2c462013-732e-46c0-84c8-65cc12236379,2023-12-28,Twitter,Share,Positive
79fc606a-c02c-4c39-b065-3e88a59b366c,07346395-9cbf-4bd5-929e-3d59a47b6d7e,2023-11-14,Facebook,Share,Positive
c0d8e0be-02a4-45c0-89c3-3ff31e60b4f7,3b29b4dd-b517-41d4-818b-d364238ec8a9,2024-06-15,Instagram,Share,Neutral
14ae708b-187e-4848-8371-b452194722af,68cf0518-0044-4368-af6f-fae07d152ba6,2023-08-22,Facebook,Comment,Neutral
113007f8-af2b-4c35-8396-b01ba2f41762,bd57a028-538e-4d94-bc88-a9c8bacce880,2023-09-21,Twitter,Comment,Uncategorized
c6789ac7-81c7-469a-a613-fe1fe1487953,8ed2fddc-5ba0-4f8d-b93b-de2a01a4c7c8,2023-09-06,Twitter,Like,Neutral
32a6aab3-13d2-482e-ab35-d6bffcee7799,b656e9aa-fd39-43df-883e-cfae60e618f7,2023-07-16,Instagram,Like,Positive
b791d365-bf14-43ae-9939-aabd2c982866,ecd18b49-ec7d-4c0f-adc0-8eeec8fe813a,2024-04-04,Facebook,Share,Neutral
ea2b290a-2a6a-4b85-8122-6af4345c0503,faf45b8e-a9a0-4714-9056-6a5aabcaff26,2023-12-23,Facebook,Like,Very Positive
7d2fdd4f-9d53-4f74-a2c1-7d3fef072a53,281ea806-646b-4302-b5c4-80eebd93f038,2024-01-05,Twitter,Comment,Neutral
2d88fec4-0e4e-40f5-963a-f5ba1af40c31,cadace0c-ae56-40e9-b8da-fc16c1aab66c,2024-02-26,Facebook,Share,Uncategorized
d2e46fdd-70eb-46dc-8d2b-f23bed09742d,3c7047d8-a5f9-4de6-aa45-cf31a585da98,2023-11-16,Uncategorized,Comment,Negative
c86baa86-ab7c-4ff6-ab1f-f77e043a69b0,6832ab4b-b1ee-4c65-9e9b-d4bad04021f7,2023-12-19,Instagram,Like,Positive
ae075979-b98f-46bf-bd3b-cc75f7216c3c,8537ade5-fc9e-4ea4-9f4e-9101d1295602,2024-05-16,Twitter,Share,Neutral
80beb9b6-a0a9-4d5e-9bd3-58e9a85a92a8,046c5b1f-5497-4290-8b8e-16e672e67d51,2023-09-10,Facebook,Comment,Negative
e12639d6-eeae-4436-a618-8e4b37aa16ac,00f5e1b2-82fb-425a-be54-50fcc2cc8c5e,2024-06-12,Facebook,Share,Positive
174cbf14-d8c9-410d-a0d5-69c86c945f17,227619fa-5ba5-42aa-b257-9157cf9ccbee,2024-03-19,Twitter,Share,Positive
f0fa23f8-ad7a-407d-a63f-d4fba28cf6ac,cbfe4b48-f08e-4f6e-879d-08752af72874,2023-08-22,Twitter,Like,Positive
7d2fdd4f-9d53-4f74-a2c1-7d3fef072a53,ad938122-d689-4f3c-af74-ffb0a994dd4c,2024-04-25,Facebook,Comment,Uncategorized
60e5552c-51f9-4d7a-b90d-5ac4a5e1756c,41402c07-a821-4592-9e26-7ffff993cb5b,2023-12-17,Facebook,Share,Positive
eaa372ee-4574-43db-adb8-8bb3e92226e1,1320e6eb-ee34-404e-be28-46d006491dd3,2023-12-18,Facebook,Share,Negative
12e1aa2d-57e7-44de-af86-e71a42574c51,b9b87469-1aa6-4cf1-8a4f-1fee69d5f5ad,2023-10-27,Twitter,Comment,Positive
ca16b93d-2b74-4c49-b86d-0907438e3c2f,99424e9a-a378-47a5-8529-c724e4eee698,2023-08-25,Instagram,Share,Positive
06d90ad7-f0cd-411b-8dc6-2b3132fe42d8,d6dd2d74-e450-47c7-90ef-a877bd145ec1,2023-12-16,Instagram,Comment,Neutral
3c4cd76a-57cf-4db4-820e-545a075fa640,7541af2c-5278-4f85-aaaf-6ab0fd03f0bd,2024-04-30,Instagram,Comment,Neutral
bc2031d8-5a4a-4cfc-98f1-0c1b8cc33934,e2835c68-8391-4c5f-bc5f-fbe2d49c27e8,2023-08-25,Facebook,Like,Negative
911d5518-9c25-46b2-8c6c-fd0dfae0f9db,9a00d3b8-05cd-4df9-b8be-3e22ff39ff44,2023-09-17,Facebook,Comment,Positive
72c7cb40-0acb-4d2b-9677-2159706f0e6b,ce54a8f1-ae0e-4688-86b1-8e628b808237,2024-06-08,Facebook,Share,Neutral
fca77c16-5fd3-495f-bb00-a5c961504e5a,38c830ab-ad4f-4f2f-be5a-299c701e2f71,2024-02-03,Instagram,Share,Negative
64b89b9e-1cf4-4b42-add8-94b7ec861f1a,e966de25-06d8-4d19-a8d6-ae1d292b720b,2024-05-02,Instagram,Comment,Uncategorized
6dfdcd2e-3918-4dcd-b2bc-34cea11060be,e9ac83cf-a4d9-4875-b2c5-1e532c608e42,2023-08-17,Twitter,Share,Uncategorized
c680c6e8-2bc5-44a0-a713-98fe776bebc2,08cc236e-fe62-447c-b2af-e2719d9ece30,2023-12-22,Facebook,Comment,Neutral
5000dc5d-f0c7-456c-9603-e73c6835b085,37a0a02a-b48e-4f85-9996-b4edee16abd1,2023-07-22,Instagram,Like,Neutral
78002a64-8a6e-4d61-80a9-1bbf4c41ae76,71eec0c0-3cbb-4b9c-a8d3-4bea20ac5a43,2023-07-26,Twitter,Comment,Positive
6e6d3ec8-c559-4a2e-8776-bce30df9d14e,70d95f4a-11ae-4766-9f57-8c3301f9a81b,2023-10-07,Instagram,Comment,Negative
209e0eab-c6a2-42b4-96a7-d13b8191ff41,3ed39233-f525-487f-b3a6-5c2a92cbf1e7,2024-05-13,Facebook,Like,Positive
c946bcca-f938-4fca-b45a-d8d06efce38a,b8be87e5-7f51-415a-abfe-c56d51bf9a66,2024-02-20,Twitter,Comment,Negative
5fb09cd8-a473-46f7-80bd-6e49cf509078,eb016f64-afd0-4bd7-85e6-7b136b3c6e8c,2023-12-02,Instagram,Share,Negative
e492b3f7-f74b-4ac1-9d04-2cfc9d9afc43,856df2c7-8188-470c-b8de-c141ca75b49a,2023-10-01,Twitter,Comment,Positive
0e744af0-f183-499b-adb5-76ff753745e3,427da969-7bbd-481c-bd27-5b6f459123f8,2024-01-26,Twitter,Like,Positive
481bcc62-9dcb-4766-bbdd-79f5554d73f8,aa9aeebd-5c4d-46fe-a368-3911dd67747a,2023-08-30,Twitter,Like,Negative
2e04f5ca-4a8a-4971-b73e-a1699b9777be,9ac51d24-9e5b-40c5-be37-fee8879a8375,2023-07-16,Facebook,Like,Uncategorized
24b043e8-6fca-4d86-95a8-837e0ca09072,44d50651-1e48-4434-b1aa-c81fa5be6e75,2023-12-09,Twitter,Like,Negative
210a6746-068a-4dc1-b3ba-e4321ce7b8fd,89a23da9-4de0-47f1-b3fe-8be9b400fc71,2024-06-14,Facebook,Like,Positive
d9896b49-19bb-450e-962c-05e2b4e8443f,84512811-d281-4dd8-94c0-1077cec92358,2024-06-05,Instagram,Comment,Positive
f9cb178a-b717-4782-91ce-20564e98ee81,6b6be581-76f3-46b5-8747-67a60b33f929,2024-05-19,Facebook,Share,Positive
658c09ee-ffab-4a46-b971-af23b5b5da0e,92c22255-a900-4eb1-ae79-52d3ae9e816d,2023-11-18,Twitter,Like,Neutral
e2678aa5-6131-49ab-b2b4-fa51e46c7784,7cb3851d-09cd-455c-86e4-04cc56138f99,2024-03-01,Twitter,Like,Neutral
a5d08a95-9dba-4e3d-b997-1cfdde6a89ef,e77a8713-fdc7-4f71-85f8-9cd88cca0c42,2023-11-01,Twitter,Share,Positive
11b046f0-b091-4bfb-b0f4-df58bfea039a,01f1c8c8-df21-4d75-adbb-feb6d4c84317,2024-03-20,Instagram,Like,Positive
a44b6ca5-c73e-4f7a-919c-617931e33a29,13b59881-5aaf-4510-9dcf-4f9d116bf645,2024-06-04,Instagram,Like,Positive
fd7e416c-1740-490d-b816-d909294eaa21,1d1c2f54-2b21-4004-a2ca-2983b01b0242,2023-07-17,Instagram,Share,Neutral
3ea377e6-1156-457e-8b4e-71fa6663e6bf,9996e3b4-8270-4b04-a675-e00fe91dd835,2023-08-12,Facebook,Like,Positive
c0c0ce5a-4539-4013-abca-d0a3e41b4e2a,4639a6fd-3d89-4e1d-b783-f226eb92f14f,2023-07-23,Twitter,Comment,Negative
a60e0cb6-7b43-44f2-956a-16caae372e9f,37ce93d2-27b5-478f-808c-3095cae7fae1,2023-10-22,Twitter,Comment,Positive
a56b8bed-1d7a-4cc2-abeb-d847aac0ff74,98cf7859-e4a9-465b-96fe-ed51a1f1aa92,2024-06-04,Facebook,Like,Uncategorized
68afa4cc-e2d5-4150-b358-2e14e7508721,0942889b-a3a9-4039-b4b0-12fb8714c95f,2024-01-24,Twitter,Comment,Negative
0831f0ad-bf6b-4023-b1bf-acea2388fcf3,a229e2d8-fd5d-44a1-805e-5281a52badf7,2023-12-27,Twitter,Comment,Negative
2ddc8052-fbbe-471c-a43e-54b81467423d,04391eb2-8391-44d8-9f45-29edcde96e5d,2023-11-30,Twitter,Share,Very Positive
c3547dd4-61cc-495c-a7a2-b103bbae3835,85cb819c-9451-4028-9ddd-132c55260a68,2023-10-23,Twitter,Share,Positive
9b8179f4-f187-4cfd-b12a-0c182539f178,8570854d-62ce-4c74-8a2e-0b85ccc5774e,2024-02-22,Instagram,Comment,Neutral
ef10b8a1-1014-4edf-a80e-207b7790e894,1966cdba-7e47-48b6-ae29-dd8fbead8527,2023-07-19,Twitter,Comment,Very Negative
54c10762-4c2c-4b9a-a602-d0069520ab2b,1c28fcb7-81fc-462c-a0a3-785f00070cd7,2024-03-14,Facebook,Like,Positive
ce2ece8f-91c3-420a-9d80-8b1f5051dc77,3a30bab5-53a0-4169-8244-419e2459dcd9,2024-06-17,Instagram,Share,Positive
e06f0e16-8e48-483b-b103-9f105b139ca8,071a2657-12a8-4216-9c64-baf9ab5c9420,2024-04-30,Twitter,Share,Neutral
4d20c2b1-2f8a-4066-902c-bd068c2adccc,e5be1d7a-fdba-4e91-8674-577ac01cddf0,2024-05-16,Uncategorized,Like,Very Negative
b7b84b81-c61b-4f23-b3db-b18010484122,93d2d3e1-841e-4ece-91c1-3b1998a4cab8,2023-12-16,Twitter,Like,Neutral
5659a8c6-0397-4396-b561-52ec1c8a760b,d7f6806b-f348-431e-9198-07f0685d8d8e,2024-01-28,Facebook,Share,Negative
5711d1af-71f2-4b99-a965-3ffdc39d32c8,1c2f510a-5ab5-4575-8f62-8ba8decf1302,2024-06-29,Twitter,Share,Negative
